[INFO] Scanning for projects...
[INFO] 
[INFO] ------------------< com.loadroute:loadroute-backend >-------------------
[INFO] Building LoadRoute Backend 0.2.0
[INFO]   from pom.xml
[INFO] --------------------------------[ jar ]---------------------------------
[INFO] 
[INFO] >>> spring-boot:3.2.4:run (default-cli) > test-compile @ loadroute-backend >>>
[INFO] 
[INFO] --- resources:3.3.1:resources (default-resources) @ loadroute-backend ---
[INFO] Copying 1 resource from src\main\resources to target\classes
[INFO] Copying 1 resource from src\main\resources to target\classes
[INFO] 
[INFO] --- compiler:3.11.0:compile (default-compile) @ loadroute-backend ---
[INFO] Nothing to compile - all classes are up to date
[INFO] 
[INFO] --- resources:3.3.1:testResources (default-testResources) @ loadroute-backend ---
[INFO] skip non existing resourceDirectory C:\Users\YORDAN\Documents\GitHub\LoadRoute_yordan\LoadRoute-Backend\src\test\resources
[INFO] 
[INFO] --- compiler:3.11.0:testCompile (default-testCompile) @ loadroute-backend ---
[INFO] No sources to compile
[INFO] 
[INFO] <<< spring-boot:3.2.4:run (default-cli) < test-compile @ loadroute-backend <<<
[INFO] 
[INFO] 
[INFO] --- spring-boot:3.2.4:run (default-cli) @ loadroute-backend ---
[INFO] Attaching agents: []

  .   ____          _            __ _ _
 /\\ / ___'_ __ _ _(_)_ __  __ _ \ \ \ \
( ( )\___ | '_ | '_| | '_ \/ _` | \ \ \ \
 \\/  ___)| |_)| | | | | || (_| |  ) ) ) )
  '  |____| .__|_| |_|_| |_\__, | / / / /
 =========|_|==============|___/=/_/_/_/
 :: Spring Boot ::                (v3.2.4)

2026-06-02T03:58:54.969-05:00  INFO 8500 --- [loadroute-backend] [           main] com.loadroute.LoadRouteApplication       : Starting LoadRouteApplication using Java 22.0.2 with PID 8500 (C:\Users\YORDAN\Documents\GitHub\LoadRoute_yordan\LoadRoute-Backend\target\classes started by YORDAN in C:\Users\YORDAN\Documents\GitHub\LoadRoute_yordan\LoadRoute-Backend)
2026-06-02T03:58:54.970-05:00 DEBUG 8500 --- [loadroute-backend] [           main] com.loadroute.LoadRouteApplication       : Running with Spring Boot v3.2.4, Spring v6.1.5
2026-06-02T03:58:54.972-05:00  INFO 8500 --- [loadroute-backend] [           main] com.loadroute.LoadRouteApplication       : No active profile set, falling back to 1 default profile: "default"
2026-06-02T03:58:55.549-05:00  INFO 8500 --- [loadroute-backend] [           main] .s.d.r.c.RepositoryConfigurationDelegate : Bootstrapping Spring Data JPA repositories in DEFAULT mode.
2026-06-02T03:58:55.596-05:00  INFO 8500 --- [loadroute-backend] [           main] .s.d.r.c.RepositoryConfigurationDelegate : Finished Spring Data repository scanning in 42 ms. Found 3 JPA repository interfaces.
2026-06-02T03:58:56.132-05:00  INFO 8500 --- [loadroute-backend] [           main] o.s.b.w.embedded.tomcat.TomcatWebServer  : Tomcat initialized with port 8080 (http)
2026-06-02T03:58:56.154-05:00  INFO 8500 --- [loadroute-backend] [           main] o.apache.catalina.core.StandardService   : Starting service [Tomcat]
2026-06-02T03:58:56.154-05:00  INFO 8500 --- [loadroute-backend] [           main] o.apache.catalina.core.StandardEngine    : Starting Servlet engine: [Apache Tomcat/10.1.19]
2026-06-02T03:58:56.256-05:00  INFO 8500 --- [loadroute-backend] [           main] o.a.c.c.C.[Tomcat].[localhost].[/]       : Initializing Spring embedded WebApplicationContext
2026-06-02T03:58:56.257-05:00  INFO 8500 --- [loadroute-backend] [           main] w.s.c.ServletWebServerApplicationContext : Root WebApplicationContext: initialization completed in 1245 ms
2026-06-02T03:58:56.383-05:00  INFO 8500 --- [loadroute-backend] [           main] o.hibernate.jpa.internal.util.LogHelper  : HHH000204: Processing PersistenceUnitInfo [name: default]
2026-06-02T03:58:56.424-05:00  INFO 8500 --- [loadroute-backend] [           main] org.hibernate.Version                    : HHH000412: Hibernate ORM core version 6.4.4.Final
2026-06-02T03:58:56.452-05:00  INFO 8500 --- [loadroute-backend] [           main] o.h.c.internal.RegionFactoryInitiator    : HHH000026: Second-level cache disabled
2026-06-02T03:58:56.692-05:00  INFO 8500 --- [loadroute-backend] [           main] o.s.o.j.p.SpringPersistenceUnitInfo      : No LoadTimeWeaver setup: ignoring JPA class transformer
2026-06-02T03:58:56.717-05:00  INFO 8500 --- [loadroute-backend] [           main] com.zaxxer.hikari.HikariDataSource       : HikariPool-1 - Starting...
2026-06-02T03:58:56.946-05:00  INFO 8500 --- [loadroute-backend] [           main] com.zaxxer.hikari.pool.HikariPool        : HikariPool-1 - Added connection com.mysql.cj.jdbc.ConnectionImpl@68fc9167
2026-06-02T03:58:56.948-05:00  INFO 8500 --- [loadroute-backend] [           main] com.zaxxer.hikari.HikariDataSource       : HikariPool-1 - Start completed.
2026-06-02T03:58:56.997-05:00  WARN 8500 --- [loadroute-backend] [           main] org.hibernate.orm.deprecation            : HHH90000025: MySQLDialect does not need to be specified explicitly using 'hibernate.dialect' (remove the property setting and it will be selected by default)
2026-06-02T03:58:57.734-05:00  INFO 8500 --- [loadroute-backend] [           main] o.h.e.t.j.p.i.JtaPlatformInitiator       : HHH000489: No JTA platform available (set 'hibernate.transaction.jta.platform' to enable JTA platform integration)
2026-06-02T03:58:58.181-05:00  INFO 8500 --- [loadroute-backend] [           main] j.LocalContainerEntityManagerFactoryBean : Initialized JPA EntityManagerFactory for persistence unit 'default'
2026-06-02T03:58:58.506-05:00  WARN 8500 --- [loadroute-backend] [           main] JpaBaseConfiguration$JpaWebConfiguration : spring.jpa.open-in-view is enabled by default. Therefore, database queries may be performed during view rendering. Explicitly configure spring.jpa.open-in-view to disable this warning
2026-06-02T03:58:58.754-05:00  INFO 8500 --- [loadroute-backend] [           main] o.s.b.w.embedded.tomcat.TomcatWebServer  : Tomcat started on port 8080 (http) with context path ''
2026-06-02T03:58:58.760-05:00  INFO 8500 --- [loadroute-backend] [           main] com.loadroute.LoadRouteApplication       : Started LoadRouteApplication in 4.389 seconds (process running for 4.74)
2026-06-02T03:59:35.286-05:00  INFO 8500 --- [loadroute-backend] [nio-8080-exec-1] o.a.c.c.C.[Tomcat].[localhost].[/]       : Initializing Spring DispatcherServlet 'dispatcherServlet'
2026-06-02T03:59:35.286-05:00  INFO 8500 --- [loadroute-backend] [nio-8080-exec-1] o.s.web.servlet.DispatcherServlet        : Initializing Servlet 'dispatcherServlet'
2026-06-02T03:59:35.288-05:00  INFO 8500 --- [loadroute-backend] [nio-8080-exec-1] o.s.web.servlet.DispatcherServlet        : Completed initialization in 0 ms
2026-06-02T03:59:57.232-05:00  INFO 8500 --- [loadroute-backend] [nio-8080-exec-3] c.loadroute.service.CargaDatosService    : Iniciando reemplazo de aeropuertos en la base de datos...
2026-06-02T03:59:57.513-05:00  INFO 8500 --- [loadroute-backend] [nio-8080-exec-3] com.loadroute.algorithm.parser.Parsers   : Aeropuertos cargados: 30
2026-06-02T03:59:57.650-05:00  INFO 8500 --- [loadroute-backend] [nio-8080-exec-3] c.loadroute.service.CargaDatosService    : Aeropuertos reemplazados exitosamente. Total cargados: 30
2026-06-02T03:59:57.670-05:00  INFO 8500 --- [loadroute-backend] [nio-8080-exec-3] c.loadroute.service.CargaDatosService    : Iniciando reemplazo de vuelos en la base de datos...
2026-06-02T03:59:57.739-05:00  INFO 8500 --- [loadroute-backend] [nio-8080-exec-3] com.loadroute.algorithm.parser.Parsers   : Vuelos cargados: 2866 | omitidos: 0
2026-06-02T03:59:57.749-05:00  INFO 8500 --- [loadroute-backend] [nio-8080-exec-3] c.loadroute.service.CargaDatosService    : Guardando 2866 vuelos en la base de datos...
2026-06-02T04:00:05.275-05:00  INFO 8500 --- [loadroute-backend] [nio-8080-exec-3] c.loadroute.service.CargaDatosService    : Vuelos reemplazados exitosamente.
2026-06-02T04:00:05.303-05:00  INFO 8500 --- [loadroute-backend] [nio-8080-exec-3] c.loadroute.service.CargaDatosService    : Iniciando reemplazo de envíos en la base de datos usando JDBC Batch...
2026-06-02T04:00:06.228-05:00  INFO 8500 --- [loadroute-backend] [nio-8080-exec-3] com.loadroute.algorithm.parser.Parsers   : Envios cargados desde EBCI: 330005 | fuera de rango: 0 | omitidos: 0
2026-06-02T04:00:06.230-05:00  INFO 8500 --- [loadroute-backend] [nio-8080-exec-3] c.loadroute.service.CargaDatosService    : Archivo _envios_EBCI_.txt: parseados 330005 envíos.
2026-06-02T04:00:08.899-05:00  INFO 8500 --- [loadroute-backend] [nio-8080-exec-3] c.loadroute.service.CargaDatosService    : Progreso de guardado de envíos: 50000 guardados en base de datos...
2026-06-02T04:00:11.414-05:00  INFO 8500 --- [loadroute-backend] [nio-8080-exec-3] c.loadroute.service.CargaDatosService    : Progreso de guardado de envíos: 100000 guardados en base de datos...
2026-06-02T04:00:13.944-05:00  INFO 8500 --- [loadroute-backend] [nio-8080-exec-3] c.loadroute.service.CargaDatosService    : Progreso de guardado de envíos: 150000 guardados en base de datos...
2026-06-02T04:00:16.566-05:00  INFO 8500 --- [loadroute-backend] [nio-8080-exec-3] c.loadroute.service.CargaDatosService    : Progreso de guardado de envíos: 200000 guardados en base de datos...
2026-06-02T04:00:19.163-05:00  INFO 8500 --- [loadroute-backend] [nio-8080-exec-3] c.loadroute.service.CargaDatosService    : Progreso de guardado de envíos: 250000 guardados en base de datos...
2026-06-02T04:00:21.708-05:00  INFO 8500 --- [loadroute-backend] [nio-8080-exec-3] c.loadroute.service.CargaDatosService    : Progreso de guardado de envíos: 300000 guardados en base de datos...
2026-06-02T04:00:22.676-05:00  INFO 8500 --- [loadroute-backend] [nio-8080-exec-3] com.loadroute.algorithm.parser.Parsers   : Envios cargados desde EDDI: 344641 | fuera de rango: 0 | omitidos: 0
2026-06-02T04:00:22.677-05:00  INFO 8500 --- [loadroute-backend] [nio-8080-exec-3] c.loadroute.service.CargaDatosService    : Archivo _envios_EDDI_.txt: parseados 344641 envíos.
2026-06-02T04:00:25.177-05:00  INFO 8500 --- [loadroute-backend] [nio-8080-exec-3] c.loadroute.service.CargaDatosService    : Progreso de guardado de envíos: 350000 guardados en base de datos...
2026-06-02T04:00:27.704-05:00  INFO 8500 --- [loadroute-backend] [nio-8080-exec-3] c.loadroute.service.CargaDatosService    : Progreso de guardado de envíos: 400000 guardados en base de datos...
2026-06-02T04:00:30.150-05:00  INFO 8500 --- [loadroute-backend] [nio-8080-exec-3] c.loadroute.service.CargaDatosService    : Progreso de guardado de envíos: 450000 guardados en base de datos...
2026-06-02T04:00:32.676-05:00  INFO 8500 --- [loadroute-backend] [nio-8080-exec-3] c.loadroute.service.CargaDatosService    : Progreso de guardado de envíos: 500000 guardados en base de datos...
2026-06-02T04:00:35.283-05:00  INFO 8500 --- [loadroute-backend] [nio-8080-exec-3] c.loadroute.service.CargaDatosService    : Progreso de guardado de envíos: 550000 guardados en base de datos...
2026-06-02T04:00:37.728-05:00  INFO 8500 --- [loadroute-backend] [nio-8080-exec-3] c.loadroute.service.CargaDatosService    : Progreso de guardado de envíos: 600000 guardados en base de datos...
2026-06-02T04:00:40.212-05:00  INFO 8500 --- [loadroute-backend] [nio-8080-exec-3] c.loadroute.service.CargaDatosService    : Progreso de guardado de envíos: 650000 guardados en base de datos...
2026-06-02T04:00:40.777-05:00  INFO 8500 --- [loadroute-backend] [nio-8080-exec-3] com.loadroute.algorithm.parser.Parsers   : Envios cargados desde EHAM: 231212 | fuera de rango: 0 | omitidos: 0
2026-06-02T04:00:40.778-05:00  INFO 8500 --- [loadroute-backend] [nio-8080-exec-3] c.loadroute.service.CargaDatosService    : Archivo _envios_EHAM_.txt: parseados 231212 envíos.
2026-06-02T04:00:43.196-05:00  INFO 8500 --- [loadroute-backend] [nio-8080-exec-3] c.loadroute.service.CargaDatosService    : Progreso de guardado de envíos: 700000 guardados en base de datos...
2026-06-02T04:00:45.662-05:00  INFO 8500 --- [loadroute-backend] [nio-8080-exec-3] c.loadroute.service.CargaDatosService    : Progreso de guardado de envíos: 750000 guardados en base de datos...
2026-06-02T04:00:48.128-05:00  INFO 8500 --- [loadroute-backend] [nio-8080-exec-3] c.loadroute.service.CargaDatosService    : Progreso de guardado de envíos: 800000 guardados en base de datos...
2026-06-02T04:00:50.577-05:00  INFO 8500 --- [loadroute-backend] [nio-8080-exec-3] c.loadroute.service.CargaDatosService    : Progreso de guardado de envíos: 850000 guardados en base de datos...
2026-06-02T04:00:53.145-05:00  INFO 8500 --- [loadroute-backend] [nio-8080-exec-3] c.loadroute.service.CargaDatosService    : Progreso de guardado de envíos: 900000 guardados en base de datos...
2026-06-02T04:00:53.802-05:00  INFO 8500 --- [loadroute-backend] [nio-8080-exec-3] com.loadroute.algorithm.parser.Parsers   : Envios cargados desde EKCH: 249682 | fuera de rango: 0 | omitidos: 0
2026-06-02T04:00:53.803-05:00  INFO 8500 --- [loadroute-backend] [nio-8080-exec-3] c.loadroute.service.CargaDatosService    : Archivo _envios_EKCH_.txt: parseados 249682 envíos.
2026-06-02T04:00:56.259-05:00  INFO 8500 --- [loadroute-backend] [nio-8080-exec-3] c.loadroute.service.CargaDatosService    : Progreso de guardado de envíos: 950000 guardados en base de datos...
2026-06-02T04:00:58.753-05:00  INFO 8500 --- [loadroute-backend] [nio-8080-exec-3] c.loadroute.service.CargaDatosService    : Progreso de guardado de envíos: 1000000 guardados en base de datos...
2026-06-02T04:01:01.324-05:00  INFO 8500 --- [loadroute-backend] [nio-8080-exec-3] c.loadroute.service.CargaDatosService    : Progreso de guardado de envíos: 1050000 guardados en base de datos...
2026-06-02T04:01:03.911-05:00  INFO 8500 --- [loadroute-backend] [nio-8080-exec-3] c.loadroute.service.CargaDatosService    : Progreso de guardado de envíos: 1100000 guardados en base de datos...
2026-06-02T04:01:06.443-05:00  INFO 8500 --- [loadroute-backend] [nio-8080-exec-3] c.loadroute.service.CargaDatosService    : Progreso de guardado de envíos: 1150000 guardados en base de datos...
2026-06-02T04:01:07.264-05:00  INFO 8500 --- [loadroute-backend] [nio-8080-exec-3] com.loadroute.algorithm.parser.Parsers   : Envios cargados desde LATI: 298796 | fuera de rango: 0 | omitidos: 0
2026-06-02T04:01:07.265-05:00  INFO 8500 --- [loadroute-backend] [nio-8080-exec-3] c.loadroute.service.CargaDatosService    : Archivo _envios_LATI_.txt: parseados 298796 envíos.
2026-06-02T04:01:09.724-05:00  INFO 8500 --- [loadroute-backend] [nio-8080-exec-3] c.loadroute.service.CargaDatosService    : Progreso de guardado de envíos: 1200000 guardados en base de datos...
2026-06-02T04:01:12.289-05:00  INFO 8500 --- [loadroute-backend] [nio-8080-exec-3] c.loadroute.service.CargaDatosService    : Progreso de guardado de envíos: 1250000 guardados en base de datos...
2026-06-02T04:01:14.726-05:00  INFO 8500 --- [loadroute-backend] [nio-8080-exec-3] c.loadroute.service.CargaDatosService    : Progreso de guardado de envíos: 1300000 guardados en base de datos...
2026-06-02T04:01:17.238-05:00  INFO 8500 --- [loadroute-backend] [nio-8080-exec-3] c.loadroute.service.CargaDatosService    : Progreso de guardado de envíos: 1350000 guardados en base de datos...
2026-06-02T04:01:19.734-05:00  INFO 8500 --- [loadroute-backend] [nio-8080-exec-3] c.loadroute.service.CargaDatosService    : Progreso de guardado de envíos: 1400000 guardados en base de datos...
2026-06-02T04:01:22.278-05:00  INFO 8500 --- [loadroute-backend] [nio-8080-exec-3] c.loadroute.service.CargaDatosService    : Progreso de guardado de envíos: 1450000 guardados en base de datos...
2026-06-02T04:01:23.073-05:00  INFO 8500 --- [loadroute-backend] [nio-8080-exec-3] com.loadroute.algorithm.parser.Parsers   : Envios cargados desde LBSF: 294766 | fuera de rango: 0 | omitidos: 0
2026-06-02T04:01:23.074-05:00  INFO 8500 --- [loadroute-backend] [nio-8080-exec-3] c.loadroute.service.CargaDatosService    : Archivo _envios_LBSF_.txt: parseados 294766 envíos.
2026-06-02T04:01:25.490-05:00  INFO 8500 --- [loadroute-backend] [nio-8080-exec-3] c.loadroute.service.CargaDatosService    : Progreso de guardado de envíos: 1500000 guardados en base de datos...
2026-06-02T04:01:27.973-05:00  INFO 8500 --- [loadroute-backend] [nio-8080-exec-3] c.loadroute.service.CargaDatosService    : Progreso de guardado de envíos: 1550000 guardados en base de datos...
2026-06-02T04:01:30.502-05:00  INFO 8500 --- [loadroute-backend] [nio-8080-exec-3] c.loadroute.service.CargaDatosService    : Progreso de guardado de envíos: 1600000 guardados en base de datos...
2026-06-02T04:01:33.010-05:00  INFO 8500 --- [loadroute-backend] [nio-8080-exec-3] c.loadroute.service.CargaDatosService    : Progreso de guardado de envíos: 1650000 guardados en base de datos...
2026-06-02T04:01:35.501-05:00  INFO 8500 --- [loadroute-backend] [nio-8080-exec-3] c.loadroute.service.CargaDatosService    : Progreso de guardado de envíos: 1700000 guardados en base de datos...
2026-06-02T04:01:36.077-05:00  INFO 8500 --- [loadroute-backend] [nio-8080-exec-3] com.loadroute.algorithm.parser.Parsers   : Envios cargados desde LDZA: 240456 | fuera de rango: 0 | omitidos: 0
2026-06-02T04:01:36.077-05:00  INFO 8500 --- [loadroute-backend] [nio-8080-exec-3] c.loadroute.service.CargaDatosService    : Archivo _envios_LDZA_.txt: parseados 240456 envíos.
2026-06-02T04:01:38.534-05:00  INFO 8500 --- [loadroute-backend] [nio-8080-exec-3] c.loadroute.service.CargaDatosService    : Progreso de guardado de envíos: 1750000 guardados en base de datos...
2026-06-02T04:01:41.043-05:00  INFO 8500 --- [loadroute-backend] [nio-8080-exec-3] c.loadroute.service.CargaDatosService    : Progreso de guardado de envíos: 1800000 guardados en base de datos...
2026-06-02T04:01:43.549-05:00  INFO 8500 --- [loadroute-backend] [nio-8080-exec-3] c.loadroute.service.CargaDatosService    : Progreso de guardado de envíos: 1850000 guardados en base de datos...
2026-06-02T04:01:46.050-05:00  INFO 8500 --- [loadroute-backend] [nio-8080-exec-3] c.loadroute.service.CargaDatosService    : Progreso de guardado de envíos: 1900000 guardados en base de datos...
2026-06-02T04:01:48.620-05:00  INFO 8500 --- [loadroute-backend] [nio-8080-exec-3] c.loadroute.service.CargaDatosService    : Progreso de guardado de envíos: 1950000 guardados en base de datos...
2026-06-02T04:01:49.549-05:00  INFO 8500 --- [loadroute-backend] [nio-8080-exec-3] com.loadroute.algorithm.parser.Parsers   : Envios cargados desde LKPR: 310680 | fuera de rango: 0 | omitidos: 0
2026-06-02T04:01:49.550-05:00  INFO 8500 --- [loadroute-backend] [nio-8080-exec-3] c.loadroute.service.CargaDatosService    : Archivo _envios_LKPR_.txt: parseados 310680 envíos.
2026-06-02T04:01:52.161-05:00  INFO 8500 --- [loadroute-backend] [nio-8080-exec-3] c.loadroute.service.CargaDatosService    : Progreso de guardado de envíos: 2000000 guardados en base de datos...
2026-06-02T04:01:54.808-05:00  INFO 8500 --- [loadroute-backend] [nio-8080-exec-3] c.loadroute.service.CargaDatosService    : Progreso de guardado de envíos: 2050000 guardados en base de datos...
2026-06-02T04:01:57.333-05:00  INFO 8500 --- [loadroute-backend] [nio-8080-exec-3] c.loadroute.service.CargaDatosService    : Progreso de guardado de envíos: 2100000 guardados en base de datos...
2026-06-02T04:01:59.863-05:00  INFO 8500 --- [loadroute-backend] [nio-8080-exec-3] c.loadroute.service.CargaDatosService    : Progreso de guardado de envíos: 2150000 guardados en base de datos...
2026-06-02T04:02:02.381-05:00  INFO 8500 --- [loadroute-backend] [nio-8080-exec-3] c.loadroute.service.CargaDatosService    : Progreso de guardado de envíos: 2200000 guardados en base de datos...
2026-06-02T04:02:04.923-05:00  INFO 8500 --- [loadroute-backend] [nio-8080-exec-3] c.loadroute.service.CargaDatosService    : Progreso de guardado de envíos: 2250000 guardados en base de datos...
2026-06-02T04:02:07.462-05:00  INFO 8500 --- [loadroute-backend] [nio-8080-exec-3] c.loadroute.service.CargaDatosService    : Progreso de guardado de envíos: 2300000 guardados en base de datos...
2026-06-02T04:02:08.343-05:00  INFO 8500 --- [loadroute-backend] [nio-8080-exec-3] com.loadroute.algorithm.parser.Parsers   : Envios cargados desde LOWW: 323353 | fuera de rango: 0 | omitidos: 0
2026-06-02T04:02:08.344-05:00  INFO 8500 --- [loadroute-backend] [nio-8080-exec-3] c.loadroute.service.CargaDatosService    : Archivo _envios_LOWW_.txt: parseados 323353 envíos.
2026-06-02T04:02:10.938-05:00  INFO 8500 --- [loadroute-backend] [nio-8080-exec-3] c.loadroute.service.CargaDatosService    : Progreso de guardado de envíos: 2350000 guardados en base de datos...
2026-06-02T04:02:13.463-05:00  INFO 8500 --- [loadroute-backend] [nio-8080-exec-3] c.loadroute.service.CargaDatosService    : Progreso de guardado de envíos: 2400000 guardados en base de datos...
2026-06-02T04:02:15.911-05:00  INFO 8500 --- [loadroute-backend] [nio-8080-exec-3] c.loadroute.service.CargaDatosService    : Progreso de guardado de envíos: 2450000 guardados en base de datos...
2026-06-02T04:02:18.390-05:00  INFO 8500 --- [loadroute-backend] [nio-8080-exec-3] c.loadroute.service.CargaDatosService    : Progreso de guardado de envíos: 2500000 guardados en base de datos...
2026-06-02T04:02:20.860-05:00  INFO 8500 --- [loadroute-backend] [nio-8080-exec-3] c.loadroute.service.CargaDatosService    : Progreso de guardado de envíos: 2550000 guardados en base de datos...
2026-06-02T04:02:23.331-05:00  INFO 8500 --- [loadroute-backend] [nio-8080-exec-3] c.loadroute.service.CargaDatosService    : Progreso de guardado de envíos: 2600000 guardados en base de datos...
2026-06-02T04:02:23.965-05:00  INFO 8500 --- [loadroute-backend] [nio-8080-exec-3] com.loadroute.algorithm.parser.Parsers   : Envios cargados desde OAKB: 294102 | fuera de rango: 0 | omitidos: 0
2026-06-02T04:02:23.966-05:00  INFO 8500 --- [loadroute-backend] [nio-8080-exec-3] c.loadroute.service.CargaDatosService    : Archivo _envios_OAKB_.txt: parseados 294102 envíos.
2026-06-02T04:02:26.459-05:00  INFO 8500 --- [loadroute-backend] [nio-8080-exec-3] c.loadroute.service.CargaDatosService    : Progreso de guardado de envíos: 2650000 guardados en base de datos...
2026-06-02T04:02:28.942-05:00  INFO 8500 --- [loadroute-backend] [nio-8080-exec-3] c.loadroute.service.CargaDatosService    : Progreso de guardado de envíos: 2700000 guardados en base de datos...
2026-06-02T04:02:31.461-05:00  INFO 8500 --- [loadroute-backend] [nio-8080-exec-3] c.loadroute.service.CargaDatosService    : Progreso de guardado de envíos: 2750000 guardados en base de datos...
2026-06-02T04:02:33.977-05:00  INFO 8500 --- [loadroute-backend] [nio-8080-exec-3] c.loadroute.service.CargaDatosService    : Progreso de guardado de envíos: 2800000 guardados en base de datos...
2026-06-02T04:02:36.432-05:00  INFO 8500 --- [loadroute-backend] [nio-8080-exec-3] c.loadroute.service.CargaDatosService    : Progreso de guardado de envíos: 2850000 guardados en base de datos...
2026-06-02T04:02:38.905-05:00  INFO 8500 --- [loadroute-backend] [nio-8080-exec-3] c.loadroute.service.CargaDatosService    : Progreso de guardado de envíos: 2900000 guardados en base de datos...
2026-06-02T04:02:39.510-05:00  INFO 8500 --- [loadroute-backend] [nio-8080-exec-3] com.loadroute.algorithm.parser.Parsers   : Envios cargados desde OERK: 266875 | fuera de rango: 0 | omitidos: 0
2026-06-02T04:02:39.511-05:00  INFO 8500 --- [loadroute-backend] [nio-8080-exec-3] c.loadroute.service.CargaDatosService    : Archivo _envios_OERK_.txt: parseados 266875 envíos.
2026-06-02T04:02:41.943-05:00  INFO 8500 --- [loadroute-backend] [nio-8080-exec-3] c.loadroute.service.CargaDatosService    : Progreso de guardado de envíos: 2950000 guardados en base de datos...
2026-06-02T04:02:46.030-05:00  INFO 8500 --- [loadroute-backend] [nio-8080-exec-3] c.loadroute.service.CargaDatosService    : Progreso de guardado de envíos: 3000000 guardados en base de datos...
2026-06-02T04:02:48.455-05:00  INFO 8500 --- [loadroute-backend] [nio-8080-exec-3] c.loadroute.service.CargaDatosService    : Progreso de guardado de envíos: 3050000 guardados en base de datos...
2026-06-02T04:02:50.941-05:00  INFO 8500 --- [loadroute-backend] [nio-8080-exec-3] c.loadroute.service.CargaDatosService    : Progreso de guardado de envíos: 3100000 guardados en base de datos...
2026-06-02T04:02:53.333-05:00  INFO 8500 --- [loadroute-backend] [nio-8080-exec-3] c.loadroute.service.CargaDatosService    : Progreso de guardado de envíos: 3150000 guardados en base de datos...
2026-06-02T04:02:54.083-05:00  INFO 8500 --- [loadroute-backend] [nio-8080-exec-3] com.loadroute.algorithm.parser.Parsers   : Envios cargados desde OJAI: 347280 | fuera de rango: 0 | omitidos: 0
2026-06-02T04:02:54.084-05:00  INFO 8500 --- [loadroute-backend] [nio-8080-exec-3] c.loadroute.service.CargaDatosService    : Archivo _envios_OJAI_.txt: parseados 347280 envíos.
2026-06-02T04:02:56.445-05:00  INFO 8500 --- [loadroute-backend] [nio-8080-exec-3] c.loadroute.service.CargaDatosService    : Progreso de guardado de envíos: 3200000 guardados en base de datos...
2026-06-02T04:02:58.840-05:00  INFO 8500 --- [loadroute-backend] [nio-8080-exec-3] c.loadroute.service.CargaDatosService    : Progreso de guardado de envíos: 3250000 guardados en base de datos...
2026-06-02T04:03:01.286-05:00  INFO 8500 --- [loadroute-backend] [nio-8080-exec-3] c.loadroute.service.CargaDatosService    : Progreso de guardado de envíos: 3300000 guardados en base de datos...
2026-06-02T04:03:03.692-05:00  INFO 8500 --- [loadroute-backend] [nio-8080-exec-3] c.loadroute.service.CargaDatosService    : Progreso de guardado de envíos: 3350000 guardados en base de datos...
2026-06-02T04:03:06.105-05:00  INFO 8500 --- [loadroute-backend] [nio-8080-exec-3] c.loadroute.service.CargaDatosService    : Progreso de guardado de envíos: 3400000 guardados en base de datos...
2026-06-02T04:03:08.534-05:00  INFO 8500 --- [loadroute-backend] [nio-8080-exec-3] c.loadroute.service.CargaDatosService    : Progreso de guardado de envíos: 3450000 guardados en base de datos...
2026-06-02T04:03:10.959-05:00  INFO 8500 --- [loadroute-backend] [nio-8080-exec-3] c.loadroute.service.CargaDatosService    : Progreso de guardado de envíos: 3500000 guardados en base de datos...
2026-06-02T04:03:11.576-05:00  INFO 8500 --- [loadroute-backend] [nio-8080-exec-3] com.loadroute.algorithm.parser.Parsers   : Envios cargados desde OMDB: 288087 | fuera de rango: 0 | omitidos: 0
2026-06-02T04:03:11.577-05:00  INFO 8500 --- [loadroute-backend] [nio-8080-exec-3] c.loadroute.service.CargaDatosService    : Archivo _envios_OMDB_.txt: parseados 288087 envíos.
2026-06-02T04:03:14.089-05:00  INFO 8500 --- [loadroute-backend] [nio-8080-exec-3] c.loadroute.service.CargaDatosService    : Progreso de guardado de envíos: 3550000 guardados en base de datos...
2026-06-02T04:03:16.524-05:00  INFO 8500 --- [loadroute-backend] [nio-8080-exec-3] c.loadroute.service.CargaDatosService    : Progreso de guardado de envíos: 3600000 guardados en base de datos...
2026-06-02T04:03:19.004-05:00  INFO 8500 --- [loadroute-backend] [nio-8080-exec-3] c.loadroute.service.CargaDatosService    : Progreso de guardado de envíos: 3650000 guardados en base de datos...
2026-06-02T04:03:21.436-05:00  INFO 8500 --- [loadroute-backend] [nio-8080-exec-3] c.loadroute.service.CargaDatosService    : Progreso de guardado de envíos: 3700000 guardados en base de datos...
2026-06-02T04:03:23.929-05:00  INFO 8500 --- [loadroute-backend] [nio-8080-exec-3] c.loadroute.service.CargaDatosService    : Progreso de guardado de envíos: 3750000 guardados en base de datos...
2026-06-02T04:03:26.378-05:00  INFO 8500 --- [loadroute-backend] [nio-8080-exec-3] c.loadroute.service.CargaDatosService    : Progreso de guardado de envíos: 3800000 guardados en base de datos...
2026-06-02T04:03:27.047-05:00  INFO 8500 --- [loadroute-backend] [nio-8080-exec-3] com.loadroute.algorithm.parser.Parsers   : Envios cargados desde OOMS: 301182 | fuera de rango: 0 | omitidos: 0
2026-06-02T04:03:27.047-05:00  INFO 8500 --- [loadroute-backend] [nio-8080-exec-3] c.loadroute.service.CargaDatosService    : Archivo _envios_OOMS_.txt: parseados 301182 envíos.
2026-06-02T04:03:29.481-05:00  INFO 8500 --- [loadroute-backend] [nio-8080-exec-3] c.loadroute.service.CargaDatosService    : Progreso de guardado de envíos: 3850000 guardados en base de datos...
2026-06-02T04:03:31.926-05:00  INFO 8500 --- [loadroute-backend] [nio-8080-exec-3] c.loadroute.service.CargaDatosService    : Progreso de guardado de envíos: 3900000 guardados en base de datos...
2026-06-02T04:03:34.392-05:00  INFO 8500 --- [loadroute-backend] [nio-8080-exec-3] c.loadroute.service.CargaDatosService    : Progreso de guardado de envíos: 3950000 guardados en base de datos...
2026-06-02T04:03:36.823-05:00  INFO 8500 --- [loadroute-backend] [nio-8080-exec-3] c.loadroute.service.CargaDatosService    : Progreso de guardado de envíos: 4000000 guardados en base de datos...
2026-06-02T04:03:39.283-05:00  INFO 8500 --- [loadroute-backend] [nio-8080-exec-3] c.loadroute.service.CargaDatosService    : Progreso de guardado de envíos: 4050000 guardados en base de datos...
2026-06-02T04:03:41.750-05:00  INFO 8500 --- [loadroute-backend] [nio-8080-exec-3] c.loadroute.service.CargaDatosService    : Progreso de guardado de envíos: 4100000 guardados en base de datos...
2026-06-02T04:03:42.265-05:00  INFO 8500 --- [loadroute-backend] [nio-8080-exec-3] com.loadroute.algorithm.parser.Parsers   : Envios cargados desde OPKC: 238023 | fuera de rango: 0 | omitidos: 0
2026-06-02T04:03:42.266-05:00  INFO 8500 --- [loadroute-backend] [nio-8080-exec-3] c.loadroute.service.CargaDatosService    : Archivo _envios_OPKC_.txt: parseados 238023 envíos.
2026-06-02T04:03:44.677-05:00  INFO 8500 --- [loadroute-backend] [nio-8080-exec-3] c.loadroute.service.CargaDatosService    : Progreso de guardado de envíos: 4150000 guardados en base de datos...
2026-06-02T04:03:47.158-05:00  INFO 8500 --- [loadroute-backend] [nio-8080-exec-3] c.loadroute.service.CargaDatosService    : Progreso de guardado de envíos: 4200000 guardados en base de datos...
2026-06-02T04:03:49.640-05:00  INFO 8500 --- [loadroute-backend] [nio-8080-exec-3] c.loadroute.service.CargaDatosService    : Progreso de guardado de envíos: 4250000 guardados en base de datos...
2026-06-02T04:03:52.028-05:00  INFO 8500 --- [loadroute-backend] [nio-8080-exec-3] c.loadroute.service.CargaDatosService    : Progreso de guardado de envíos: 4300000 guardados en base de datos...
2026-06-02T04:03:54.459-05:00  INFO 8500 --- [loadroute-backend] [nio-8080-exec-3] c.loadroute.service.CargaDatosService    : Progreso de guardado de envíos: 4350000 guardados en base de datos...
2026-06-02T04:03:55.296-05:00  INFO 8500 --- [loadroute-backend] [nio-8080-exec-3] com.loadroute.algorithm.parser.Parsers   : Envios cargados desde OSDI: 368389 | fuera de rango: 0 | omitidos: 0
2026-06-02T04:03:55.297-05:00  INFO 8500 --- [loadroute-backend] [nio-8080-exec-3] c.loadroute.service.CargaDatosService    : Archivo _envios_OSDI_.txt: parseados 368389 envíos.
2026-06-02T04:03:57.662-05:00  INFO 8500 --- [loadroute-backend] [nio-8080-exec-3] c.loadroute.service.CargaDatosService    : Progreso de guardado de envíos: 4400000 guardados en base de datos...
2026-06-02T04:04:00.075-05:00  INFO 8500 --- [loadroute-backend] [nio-8080-exec-3] c.loadroute.service.CargaDatosService    : Progreso de guardado de envíos: 4450000 guardados en base de datos...
2026-06-02T04:04:02.550-05:00  INFO 8500 --- [loadroute-backend] [nio-8080-exec-3] c.loadroute.service.CargaDatosService    : Progreso de guardado de envíos: 4500000 guardados en base de datos...
2026-06-02T04:04:04.956-05:00  INFO 8500 --- [loadroute-backend] [nio-8080-exec-3] c.loadroute.service.CargaDatosService    : Progreso de guardado de envíos: 4550000 guardados en base de datos...
2026-06-02T04:04:07.471-05:00  INFO 8500 --- [loadroute-backend] [nio-8080-exec-3] c.loadroute.service.CargaDatosService    : Progreso de guardado de envíos: 4600000 guardados en base de datos...
2026-06-02T04:04:09.853-05:00  INFO 8500 --- [loadroute-backend] [nio-8080-exec-3] c.loadroute.service.CargaDatosService    : Progreso de guardado de envíos: 4650000 guardados en base de datos...
2026-06-02T04:04:12.288-05:00  INFO 8500 --- [loadroute-backend] [nio-8080-exec-3] c.loadroute.service.CargaDatosService    : Progreso de guardado de envíos: 4700000 guardados en base de datos...
2026-06-02T04:04:12.912-05:00  INFO 8500 --- [loadroute-backend] [nio-8080-exec-3] com.loadroute.algorithm.parser.Parsers   : Envios cargados desde OYSN: 257867 | fuera de rango: 0 | omitidos: 0
2026-06-02T04:04:12.912-05:00  INFO 8500 --- [loadroute-backend] [nio-8080-exec-3] c.loadroute.service.CargaDatosService    : Archivo _envios_OYSN_.txt: parseados 257867 envíos.
2026-06-02T04:04:15.309-05:00  INFO 8500 --- [loadroute-backend] [nio-8080-exec-3] c.loadroute.service.CargaDatosService    : Progreso de guardado de envíos: 4750000 guardados en base de datos...
2026-06-02T04:04:17.828-05:00  INFO 8500 --- [loadroute-backend] [nio-8080-exec-3] c.loadroute.service.CargaDatosService    : Progreso de guardado de envíos: 4800000 guardados en base de datos...
2026-06-02T04:04:20.287-05:00  INFO 8500 --- [loadroute-backend] [nio-8080-exec-3] c.loadroute.service.CargaDatosService    : Progreso de guardado de envíos: 4850000 guardados en base de datos...
2026-06-02T04:04:22.740-05:00  INFO 8500 --- [loadroute-backend] [nio-8080-exec-3] c.loadroute.service.CargaDatosService    : Progreso de guardado de envíos: 4900000 guardados en base de datos...
2026-06-02T04:04:25.175-05:00  INFO 8500 --- [loadroute-backend] [nio-8080-exec-3] c.loadroute.service.CargaDatosService    : Progreso de guardado de envíos: 4950000 guardados en base de datos...
2026-06-02T04:04:25.888-05:00  INFO 8500 --- [loadroute-backend] [nio-8080-exec-3] com.loadroute.algorithm.parser.Parsers   : Envios cargados desde SABE: 329935 | fuera de rango: 0 | omitidos: 0
2026-06-02T04:04:25.889-05:00  INFO 8500 --- [loadroute-backend] [nio-8080-exec-3] c.loadroute.service.CargaDatosService    : Archivo _envios_SABE_.txt: parseados 329935 envíos.
2026-06-02T04:04:28.230-05:00  INFO 8500 --- [loadroute-backend] [nio-8080-exec-3] c.loadroute.service.CargaDatosService    : Progreso de guardado de envíos: 5000000 guardados en base de datos...
2026-06-02T04:04:30.656-05:00  INFO 8500 --- [loadroute-backend] [nio-8080-exec-3] c.loadroute.service.CargaDatosService    : Progreso de guardado de envíos: 5050000 guardados en base de datos...
2026-06-02T04:04:33.121-05:00  INFO 8500 --- [loadroute-backend] [nio-8080-exec-3] c.loadroute.service.CargaDatosService    : Progreso de guardado de envíos: 5100000 guardados en base de datos...
2026-06-02T04:04:35.527-05:00  INFO 8500 --- [loadroute-backend] [nio-8080-exec-3] c.loadroute.service.CargaDatosService    : Progreso de guardado de envíos: 5150000 guardados en base de datos...
2026-06-02T04:04:37.959-05:00  INFO 8500 --- [loadroute-backend] [nio-8080-exec-3] c.loadroute.service.CargaDatosService    : Progreso de guardado de envíos: 5200000 guardados en base de datos...
2026-06-02T04:04:40.408-05:00  INFO 8500 --- [loadroute-backend] [nio-8080-exec-3] c.loadroute.service.CargaDatosService    : Progreso de guardado de envíos: 5250000 guardados en base de datos...
2026-06-02T04:04:42.861-05:00  INFO 8500 --- [loadroute-backend] [nio-8080-exec-3] c.loadroute.service.CargaDatosService    : Progreso de guardado de envíos: 5300000 guardados en base de datos...
2026-06-02T04:04:43.935-05:00  INFO 8500 --- [loadroute-backend] [nio-8080-exec-3] com.loadroute.algorithm.parser.Parsers   : Envios cargados desde SBBR: 459129 | fuera de rango: 0 | omitidos: 0
2026-06-02T04:04:43.935-05:00  INFO 8500 --- [loadroute-backend] [nio-8080-exec-3] c.loadroute.service.CargaDatosService    : Archivo _envios_SBBR_.txt: parseados 459129 envíos.
2026-06-02T04:04:46.368-05:00  INFO 8500 --- [loadroute-backend] [nio-8080-exec-3] c.loadroute.service.CargaDatosService    : Progreso de guardado de envíos: 5350000 guardados en base de datos...
2026-06-02T04:04:48.778-05:00  INFO 8500 --- [loadroute-backend] [nio-8080-exec-3] c.loadroute.service.CargaDatosService    : Progreso de guardado de envíos: 5400000 guardados en base de datos...
2026-06-02T04:04:51.238-05:00  INFO 8500 --- [loadroute-backend] [nio-8080-exec-3] c.loadroute.service.CargaDatosService    : Progreso de guardado de envíos: 5450000 guardados en base de datos...
2026-06-02T04:04:53.704-05:00  INFO 8500 --- [loadroute-backend] [nio-8080-exec-3] c.loadroute.service.CargaDatosService    : Progreso de guardado de envíos: 5500000 guardados en base de datos...
2026-06-02T04:04:56.297-05:00  INFO 8500 --- [loadroute-backend] [nio-8080-exec-3] c.loadroute.service.CargaDatosService    : Progreso de guardado de envíos: 5550000 guardados en base de datos...
2026-06-02T04:04:58.815-05:00  INFO 8500 --- [loadroute-backend] [nio-8080-exec-3] c.loadroute.service.CargaDatosService    : Progreso de guardado de envíos: 5600000 guardados en base de datos...
2026-06-02T04:05:01.306-05:00  INFO 8500 --- [loadroute-backend] [nio-8080-exec-3] c.loadroute.service.CargaDatosService    : Progreso de guardado de envíos: 5650000 guardados en base de datos...
2026-06-02T04:05:03.749-05:00  INFO 8500 --- [loadroute-backend] [nio-8080-exec-3] c.loadroute.service.CargaDatosService    : Progreso de guardado de envíos: 5700000 guardados en base de datos...
2026-06-02T04:05:06.202-05:00  INFO 8500 --- [loadroute-backend] [nio-8080-exec-3] c.loadroute.service.CargaDatosService    : Progreso de guardado de envíos: 5750000 guardados en base de datos...
2026-06-02T04:05:06.818-05:00  INFO 8500 --- [loadroute-backend] [nio-8080-exec-3] com.loadroute.algorithm.parser.Parsers   : Envios cargados desde SCEL: 282091 | fuera de rango: 0 | omitidos: 0
2026-06-02T04:05:06.818-05:00  INFO 8500 --- [loadroute-backend] [nio-8080-exec-3] c.loadroute.service.CargaDatosService    : Archivo _envios_SCEL_.txt: parseados 282091 envíos.
2026-06-02T04:05:09.260-05:00  INFO 8500 --- [loadroute-backend] [nio-8080-exec-3] c.loadroute.service.CargaDatosService    : Progreso de guardado de envíos: 5800000 guardados en base de datos...
2026-06-02T04:05:11.629-05:00  INFO 8500 --- [loadroute-backend] [nio-8080-exec-3] c.loadroute.service.CargaDatosService    : Progreso de guardado de envíos: 5850000 guardados en base de datos...
2026-06-02T04:05:14.040-05:00  INFO 8500 --- [loadroute-backend] [nio-8080-exec-3] c.loadroute.service.CargaDatosService    : Progreso de guardado de envíos: 5900000 guardados en base de datos...
2026-06-02T04:05:16.464-05:00  INFO 8500 --- [loadroute-backend] [nio-8080-exec-3] c.loadroute.service.CargaDatosService    : Progreso de guardado de envíos: 5950000 guardados en base de datos...
2026-06-02T04:05:18.940-05:00  INFO 8500 --- [loadroute-backend] [nio-8080-exec-3] c.loadroute.service.CargaDatosService    : Progreso de guardado de envíos: 6000000 guardados en base de datos...
2026-06-02T04:05:21.397-05:00  INFO 8500 --- [loadroute-backend] [nio-8080-exec-3] c.loadroute.service.CargaDatosService    : Progreso de guardado de envíos: 6050000 guardados en base de datos...
2026-06-02T04:05:22.021-05:00  INFO 8500 --- [loadroute-backend] [nio-8080-exec-3] com.loadroute.algorithm.parser.Parsers   : Envios cargados desde SEQM: 283577 | fuera de rango: 0 | omitidos: 0
2026-06-02T04:05:22.022-05:00  INFO 8500 --- [loadroute-backend] [nio-8080-exec-3] c.loadroute.service.CargaDatosService    : Archivo _envios_SEQM_.txt: parseados 283577 envíos.
2026-06-02T04:05:24.411-05:00  INFO 8500 --- [loadroute-backend] [nio-8080-exec-3] c.loadroute.service.CargaDatosService    : Progreso de guardado de envíos: 6100000 guardados en base de datos...
2026-06-02T04:05:26.843-05:00  INFO 8500 --- [loadroute-backend] [nio-8080-exec-3] c.loadroute.service.CargaDatosService    : Progreso de guardado de envíos: 6150000 guardados en base de datos...
2026-06-02T04:05:29.241-05:00  INFO 8500 --- [loadroute-backend] [nio-8080-exec-3] c.loadroute.service.CargaDatosService    : Progreso de guardado de envíos: 6200000 guardados en base de datos...
2026-06-02T04:05:31.742-05:00  INFO 8500 --- [loadroute-backend] [nio-8080-exec-3] c.loadroute.service.CargaDatosService    : Progreso de guardado de envíos: 6250000 guardados en base de datos...
2026-06-02T04:05:34.175-05:00  INFO 8500 --- [loadroute-backend] [nio-8080-exec-3] c.loadroute.service.CargaDatosService    : Progreso de guardado de envíos: 6300000 guardados en base de datos...
2026-06-02T04:05:34.964-05:00  INFO 8500 --- [loadroute-backend] [nio-8080-exec-3] com.loadroute.algorithm.parser.Parsers   : Envios cargados desde SGAS: 357306 | fuera de rango: 0 | omitidos: 0
2026-06-02T04:05:34.965-05:00  INFO 8500 --- [loadroute-backend] [nio-8080-exec-3] c.loadroute.service.CargaDatosService    : Archivo _envios_SGAS_.txt: parseados 357306 envíos.
2026-06-02T04:05:37.396-05:00  INFO 8500 --- [loadroute-backend] [nio-8080-exec-3] c.loadroute.service.CargaDatosService    : Progreso de guardado de envíos: 6350000 guardados en base de datos...
2026-06-02T04:05:39.815-05:00  INFO 8500 --- [loadroute-backend] [nio-8080-exec-3] c.loadroute.service.CargaDatosService    : Progreso de guardado de envíos: 6400000 guardados en base de datos...
2026-06-02T04:05:42.207-05:00  INFO 8500 --- [loadroute-backend] [nio-8080-exec-3] c.loadroute.service.CargaDatosService    : Progreso de guardado de envíos: 6450000 guardados en base de datos...
2026-06-02T04:05:44.631-05:00  INFO 8500 --- [loadroute-backend] [nio-8080-exec-3] c.loadroute.service.CargaDatosService    : Progreso de guardado de envíos: 6500000 guardados en base de datos...
2026-06-02T04:05:47.053-05:00  INFO 8500 --- [loadroute-backend] [nio-8080-exec-3] c.loadroute.service.CargaDatosService    : Progreso de guardado de envíos: 6550000 guardados en base de datos...
2026-06-02T04:05:49.519-05:00  INFO 8500 --- [loadroute-backend] [nio-8080-exec-3] c.loadroute.service.CargaDatosService    : Progreso de guardado de envíos: 6600000 guardados en base de datos...
2026-06-02T04:05:51.990-05:00  INFO 8500 --- [loadroute-backend] [nio-8080-exec-3] c.loadroute.service.CargaDatosService    : Progreso de guardado de envíos: 6650000 guardados en base de datos...
2026-06-02T04:05:52.844-05:00  INFO 8500 --- [loadroute-backend] [nio-8080-exec-3] com.loadroute.algorithm.parser.Parsers   : Envios cargados desde SKBO: 380677 | fuera de rango: 0 | omitidos: 0
2026-06-02T04:05:52.844-05:00  INFO 8500 --- [loadroute-backend] [nio-8080-exec-3] c.loadroute.service.CargaDatosService    : Archivo _envios_SKBO_.txt: parseados 380677 envíos.
2026-06-02T04:05:55.308-05:00  INFO 8500 --- [loadroute-backend] [nio-8080-exec-3] c.loadroute.service.CargaDatosService    : Progreso de guardado de envíos: 6700000 guardados en base de datos...
2026-06-02T04:05:57.743-05:00  INFO 8500 --- [loadroute-backend] [nio-8080-exec-3] c.loadroute.service.CargaDatosService    : Progreso de guardado de envíos: 6750000 guardados en base de datos...
2026-06-02T04:06:00.187-05:00  INFO 8500 --- [loadroute-backend] [nio-8080-exec-3] c.loadroute.service.CargaDatosService    : Progreso de guardado de envíos: 6800000 guardados en base de datos...
2026-06-02T04:06:02.633-05:00  INFO 8500 --- [loadroute-backend] [nio-8080-exec-3] c.loadroute.service.CargaDatosService    : Progreso de guardado de envíos: 6850000 guardados en base de datos...
2026-06-02T04:06:05.073-05:00  INFO 8500 --- [loadroute-backend] [nio-8080-exec-3] c.loadroute.service.CargaDatosService    : Progreso de guardado de envíos: 6900000 guardados en base de datos...
2026-06-02T04:06:07.467-05:00  INFO 8500 --- [loadroute-backend] [nio-8080-exec-3] c.loadroute.service.CargaDatosService    : Progreso de guardado de envíos: 6950000 guardados en base de datos...
2026-06-02T04:06:09.909-05:00  INFO 8500 --- [loadroute-backend] [nio-8080-exec-3] c.loadroute.service.CargaDatosService    : Progreso de guardado de envíos: 7000000 guardados en base de datos...
2026-06-02T04:06:12.988-05:00  INFO 8500 --- [loadroute-backend] [nio-8080-exec-3] c.loadroute.service.CargaDatosService    : Progreso de guardado de envíos: 7050000 guardados en base de datos...
2026-06-02T04:06:14.080-05:00  INFO 8500 --- [loadroute-backend] [nio-8080-exec-3] com.loadroute.algorithm.parser.Parsers   : Envios cargados desde SLLP: 446729 | fuera de rango: 0 | omitidos: 0
2026-06-02T04:06:14.080-05:00  INFO 8500 --- [loadroute-backend] [nio-8080-exec-3] c.loadroute.service.CargaDatosService    : Archivo _envios_SLLP_.txt: parseados 446729 envíos.
2026-06-02T04:06:17.466-05:00  INFO 8500 --- [loadroute-backend] [nio-8080-exec-3] c.loadroute.service.CargaDatosService    : Progreso de guardado de envíos: 7100000 guardados en base de datos...
2026-06-02T04:06:20.956-05:00  INFO 8500 --- [loadroute-backend] [nio-8080-exec-3] c.loadroute.service.CargaDatosService    : Progreso de guardado de envíos: 7150000 guardados en base de datos...
2026-06-02T04:06:26.280-05:00  INFO 8500 --- [loadroute-backend] [nio-8080-exec-3] c.loadroute.service.CargaDatosService    : Progreso de guardado de envíos: 7200000 guardados en base de datos...
2026-06-02T04:06:30.360-05:00  INFO 8500 --- [loadroute-backend] [nio-8080-exec-3] c.loadroute.service.CargaDatosService    : Progreso de guardado de envíos: 7250000 guardados en base de datos...
2026-06-02T04:06:33.271-05:00  INFO 8500 --- [loadroute-backend] [nio-8080-exec-3] c.loadroute.service.CargaDatosService    : Progreso de guardado de envíos: 7300000 guardados en base de datos...
2026-06-02T04:06:38.227-05:00  INFO 8500 --- [loadroute-backend] [nio-8080-exec-3] c.loadroute.service.CargaDatosService    : Progreso de guardado de envíos: 7350000 guardados en base de datos...
2026-06-02T04:06:41.069-05:00  INFO 8500 --- [loadroute-backend] [nio-8080-exec-3] c.loadroute.service.CargaDatosService    : Progreso de guardado de envíos: 7400000 guardados en base de datos...
2026-06-02T04:06:46.109-05:00  INFO 8500 --- [loadroute-backend] [nio-8080-exec-3] c.loadroute.service.CargaDatosService    : Progreso de guardado de envíos: 7450000 guardados en base de datos...
2026-06-02T04:06:49.380-05:00  INFO 8500 --- [loadroute-backend] [nio-8080-exec-3] c.loadroute.service.CargaDatosService    : Progreso de guardado de envíos: 7500000 guardados en base de datos...
2026-06-02T04:06:50.165-05:00  INFO 8500 --- [loadroute-backend] [nio-8080-exec-3] com.loadroute.algorithm.parser.Parsers   : Envios cargados desde SPIM: 361214 | fuera de rango: 0 | omitidos: 0
2026-06-02T04:06:50.166-05:00  INFO 8500 --- [loadroute-backend] [nio-8080-exec-3] c.loadroute.service.CargaDatosService    : Archivo _envios_SPIM_.txt: parseados 361214 envíos.
2026-06-02T04:06:54.296-05:00  INFO 8500 --- [loadroute-backend] [nio-8080-exec-3] c.loadroute.service.CargaDatosService    : Progreso de guardado de envíos: 7550000 guardados en base de datos...
2026-06-02T04:06:59.066-05:00  INFO 8500 --- [loadroute-backend] [nio-8080-exec-3] c.loadroute.service.CargaDatosService    : Progreso de guardado de envíos: 7600000 guardados en base de datos...
2026-06-02T04:07:02.053-05:00  INFO 8500 --- [loadroute-backend] [nio-8080-exec-3] c.loadroute.service.CargaDatosService    : Progreso de guardado de envíos: 7650000 guardados en base de datos...
2026-06-02T04:07:06.504-05:00  INFO 8500 --- [loadroute-backend] [nio-8080-exec-3] c.loadroute.service.CargaDatosService    : Progreso de guardado de envíos: 7700000 guardados en base de datos...
2026-06-02T04:07:11.271-05:00  INFO 8500 --- [loadroute-backend] [nio-8080-exec-3] c.loadroute.service.CargaDatosService    : Progreso de guardado de envíos: 7750000 guardados en base de datos...
2026-06-02T04:07:14.018-05:00  INFO 8500 --- [loadroute-backend] [nio-8080-exec-3] c.loadroute.service.CargaDatosService    : Progreso de guardado de envíos: 7800000 guardados en base de datos...
2026-06-02T04:07:18.691-05:00  INFO 8500 --- [loadroute-backend] [nio-8080-exec-3] c.loadroute.service.CargaDatosService    : Progreso de guardado de envíos: 7850000 guardados en base de datos...
2026-06-02T04:07:19.291-05:00  INFO 8500 --- [loadroute-backend] [nio-8080-exec-3] com.loadroute.algorithm.parser.Parsers   : Envios cargados desde SUAA: 272225 | fuera de rango: 0 | omitidos: 0
2026-06-02T04:07:19.292-05:00  INFO 8500 --- [loadroute-backend] [nio-8080-exec-3] c.loadroute.service.CargaDatosService    : Archivo _envios_SUAA_.txt: parseados 272225 envíos.
2026-06-02T04:07:21.619-05:00  INFO 8500 --- [loadroute-backend] [nio-8080-exec-3] c.loadroute.service.CargaDatosService    : Progreso de guardado de envíos: 7900000 guardados en base de datos...
2026-06-02T04:07:25.113-05:00  INFO 8500 --- [loadroute-backend] [nio-8080-exec-3] c.loadroute.service.CargaDatosService    : Progreso de guardado de envíos: 7950000 guardados en base de datos...
2026-06-02T04:07:30.114-05:00  INFO 8500 --- [loadroute-backend] [nio-8080-exec-3] c.loadroute.service.CargaDatosService    : Progreso de guardado de envíos: 8000000 guardados en base de datos...
2026-06-02T04:07:34.590-05:00  INFO 8500 --- [loadroute-backend] [nio-8080-exec-3] c.loadroute.service.CargaDatosService    : Progreso de guardado de envíos: 8050000 guardados en base de datos...
2026-06-02T04:07:39.192-05:00  INFO 8500 --- [loadroute-backend] [nio-8080-exec-3] c.loadroute.service.CargaDatosService    : Progreso de guardado de envíos: 8100000 guardados en base de datos...
2026-06-02T04:07:41.630-05:00  INFO 8500 --- [loadroute-backend] [nio-8080-exec-3] c.loadroute.service.CargaDatosService    : Progreso de guardado de envíos: 8150000 guardados en base de datos...
2026-06-02T04:07:42.231-05:00  INFO 8500 --- [loadroute-backend] [nio-8080-exec-3] com.loadroute.algorithm.parser.Parsers   : Envios cargados desde SVMI: 268018 | fuera de rango: 0 | omitidos: 0
2026-06-02T04:07:42.232-05:00  INFO 8500 --- [loadroute-backend] [nio-8080-exec-3] c.loadroute.service.CargaDatosService    : Archivo _envios_SVMI_.txt: parseados 268018 envíos.
2026-06-02T04:07:44.591-05:00  INFO 8500 --- [loadroute-backend] [nio-8080-exec-3] c.loadroute.service.CargaDatosService    : Progreso de guardado de envíos: 8200000 guardados en base de datos...
2026-06-02T04:07:47.678-05:00  INFO 8500 --- [loadroute-backend] [nio-8080-exec-3] c.loadroute.service.CargaDatosService    : Progreso de guardado de envíos: 8250000 guardados en base de datos...
2026-06-02T04:07:55.177-05:00  INFO 8500 --- [loadroute-backend] [nio-8080-exec-3] c.loadroute.service.CargaDatosService    : Progreso de guardado de envíos: 8300000 guardados en base de datos...
2026-06-02T04:07:57.481-05:00  INFO 8500 --- [loadroute-backend] [nio-8080-exec-3] c.loadroute.service.CargaDatosService    : Progreso de guardado de envíos: 8350000 guardados en base de datos...
2026-06-02T04:08:03.597-05:00  INFO 8500 --- [loadroute-backend] [nio-8080-exec-3] c.loadroute.service.CargaDatosService    : Progreso de guardado de envíos: 8400000 guardados en base de datos...
2026-06-02T04:08:04.486-05:00  INFO 8500 --- [loadroute-backend] [nio-8080-exec-3] com.loadroute.algorithm.parser.Parsers   : Envios cargados desde UBBB: 399085 | fuera de rango: 0 | omitidos: 0
2026-06-02T04:08:04.487-05:00  INFO 8500 --- [loadroute-backend] [nio-8080-exec-3] c.loadroute.service.CargaDatosService    : Archivo _envios_UBBB_.txt: parseados 399085 envíos.
2026-06-02T04:08:08.041-05:00  INFO 8500 --- [loadroute-backend] [nio-8080-exec-3] c.loadroute.service.CargaDatosService    : Progreso de guardado de envíos: 8450000 guardados en base de datos...
2026-06-02T04:08:12.415-05:00  INFO 8500 --- [loadroute-backend] [nio-8080-exec-3] c.loadroute.service.CargaDatosService    : Progreso de guardado de envíos: 8500000 guardados en base de datos...
2026-06-02T04:08:16.676-05:00  INFO 8500 --- [loadroute-backend] [nio-8080-exec-3] c.loadroute.service.CargaDatosService    : Progreso de guardado de envíos: 8550000 guardados en base de datos...
2026-06-02T04:08:19.191-05:00  INFO 8500 --- [loadroute-backend] [nio-8080-exec-3] c.loadroute.service.CargaDatosService    : Progreso de guardado de envíos: 8600000 guardados en base de datos...
2026-06-02T04:08:22.196-05:00  INFO 8500 --- [loadroute-backend] [nio-8080-exec-3] c.loadroute.service.CargaDatosService    : Progreso de guardado de envíos: 8650000 guardados en base de datos...
2026-06-02T04:08:27.836-05:00  INFO 8500 --- [loadroute-backend] [nio-8080-exec-3] c.loadroute.service.CargaDatosService    : Progreso de guardado de envíos: 8700000 guardados en base de datos...
2026-06-02T04:08:30.285-05:00  INFO 8500 --- [loadroute-backend] [nio-8080-exec-3] c.loadroute.service.CargaDatosService    : Progreso de guardado de envíos: 8750000 guardados en base de datos...
2026-06-02T04:08:32.880-05:00  INFO 8500 --- [loadroute-backend] [nio-8080-exec-3] c.loadroute.service.CargaDatosService    : Progreso de guardado de envíos: 8800000 guardados en base de datos...
2026-06-02T04:08:33.900-05:00  INFO 8500 --- [loadroute-backend] [nio-8080-exec-3] com.loadroute.algorithm.parser.Parsers   : Envios cargados desde UMMS: 456411 | fuera de rango: 0 | omitidos: 0
2026-06-02T04:08:33.900-05:00  INFO 8500 --- [loadroute-backend] [nio-8080-exec-3] c.loadroute.service.CargaDatosService    : Archivo _envios_UMMS_.txt: parseados 456411 envíos.
2026-06-02T04:08:38.965-05:00  INFO 8500 --- [loadroute-backend] [nio-8080-exec-3] c.loadroute.service.CargaDatosService    : Progreso de guardado de envíos: 8850000 guardados en base de datos...
2026-06-02T04:08:42.340-05:00  INFO 8500 --- [loadroute-backend] [nio-8080-exec-3] c.loadroute.service.CargaDatosService    : Progreso de guardado de envíos: 8900000 guardados en base de datos...
2026-06-02T04:08:47.466-05:00  INFO 8500 --- [loadroute-backend] [nio-8080-exec-3] c.loadroute.service.CargaDatosService    : Progreso de guardado de envíos: 8950000 guardados en base de datos...
2026-06-02T04:08:50.769-05:00  INFO 8500 --- [loadroute-backend] [nio-8080-exec-3] c.loadroute.service.CargaDatosService    : Progreso de guardado de envíos: 9000000 guardados en base de datos...
2026-06-02T04:08:55.804-05:00  INFO 8500 --- [loadroute-backend] [nio-8080-exec-3] c.loadroute.service.CargaDatosService    : Progreso de guardado de envíos: 9050000 guardados en base de datos...
2026-06-02T04:08:58.158-05:00  INFO 8500 --- [loadroute-backend] [nio-8080-exec-3] c.loadroute.service.CargaDatosService    : Progreso de guardado de envíos: 9100000 guardados en base de datos...
2026-06-02T04:09:03.765-05:00  INFO 8500 --- [loadroute-backend] [nio-8080-exec-3] c.loadroute.service.CargaDatosService    : Progreso de guardado de envíos: 9150000 guardados en base de datos...
2026-06-02T04:09:06.837-05:00  INFO 8500 --- [loadroute-backend] [nio-8080-exec-3] c.loadroute.service.CargaDatosService    : Progreso de guardado de envíos: 9200000 guardados en base de datos...
2026-06-02T04:09:11.578-05:00  INFO 8500 --- [loadroute-backend] [nio-8080-exec-3] c.loadroute.service.CargaDatosService    : Progreso de guardado de envíos: 9250000 guardados en base de datos...
2026-06-02T04:09:12.100-05:00  INFO 8500 --- [loadroute-backend] [nio-8080-exec-3] com.loadroute.algorithm.parser.Parsers   : Envios cargados desde VIDP: 238202 | fuera de rango: 0 | omitidos: 0
2026-06-02T04:09:12.100-05:00  INFO 8500 --- [loadroute-backend] [nio-8080-exec-3] c.loadroute.service.CargaDatosService    : Archivo _envios_VIDP_.txt: parseados 238202 envíos.
2026-06-02T04:09:15.632-05:00  INFO 8500 --- [loadroute-backend] [nio-8080-exec-3] c.loadroute.service.CargaDatosService    : Progreso de guardado de envíos: 9300000 guardados en base de datos...
2026-06-02T04:09:17.995-05:00  INFO 8500 --- [loadroute-backend] [nio-8080-exec-3] c.loadroute.service.CargaDatosService    : Progreso de guardado de envíos: 9350000 guardados en base de datos...
2026-06-02T04:09:22.475-05:00  INFO 8500 --- [loadroute-backend] [nio-8080-exec-3] c.loadroute.service.CargaDatosService    : Progreso de guardado de envíos: 9400000 guardados en base de datos...
2026-06-02T04:09:28.161-05:00  INFO 8500 --- [loadroute-backend] [nio-8080-exec-3] c.loadroute.service.CargaDatosService    : Progreso de guardado de envíos: 9450000 guardados en base de datos...
2026-06-02T04:09:30.479-05:00  INFO 8500 --- [loadroute-backend] [nio-8080-exec-3] c.loadroute.service.CargaDatosService    : Progreso de guardado de envíos: 9500000 guardados en base de datos...
2026-06-02T04:09:34.387-05:00  INFO 8500 --- [loadroute-backend] [nio-8080-exec-3] c.loadroute.service.CargaDatosService    : Progreso de guardado de envíos: 9519995 guardados en base de datos...
2026-06-02T04:09:34.389-05:00  INFO 8500 --- [loadroute-backend] [nio-8080-exec-3] c.loadroute.service.CargaDatosService    : Envíos reemplazados exitosamente. Total guardados: 9519995
2026-06-02T04:09:41.010-05:00  INFO 8500 --- [loadroute-backend] [pool-2-thread-1] c.l.service.RuteoAlgoritmoService        : Cargando datos para el algoritmo...
2026-06-02T04:09:51.263-05:00  INFO 8500 --- [loadroute-backend] [pool-2-thread-1] c.l.service.RuteoAlgoritmoService        : Datos cargados: 30 aeropuertos | 2866 vuelos | 488 envios
2026-06-02T04:09:51.281-05:00  INFO 8500 --- [loadroute-backend] [pool-2-thread-1] c.l.algorithm.SimulatedAnnealing         : SA-Opt inicio | T0=1000.0 | costo greedy: 20.00 | envios: 1/1
2026-06-02T04:09:51.289-05:00  INFO 8500 --- [loadroute-backend] [pool-2-thread-1] c.l.algorithm.SimulatedAnnealing         : SA-Opt reheat #1 | T=300.00 | costo: 20.00
2026-06-02T04:09:51.291-05:00  INFO 8500 --- [loadroute-backend] [pool-2-thread-1] c.l.algorithm.SimulatedAnnealing         : SA-Opt reheat #2 | T=90.00 | costo: 20.00
2026-06-02T04:09:51.293-05:00  INFO 8500 --- [loadroute-backend] [pool-2-thread-1] c.l.algorithm.SimulatedAnnealing         : SA-Opt reheat #3 | T=27.00 | costo: 20.00
2026-06-02T04:09:51.294-05:00  INFO 8500 --- [loadroute-backend] [pool-2-thread-1] c.l.algorithm.SimulatedAnnealing         : SA-Opt reheat #4 | T=8.10 | costo: 20.00
2026-06-02T04:09:51.295-05:00  INFO 8500 --- [loadroute-backend] [pool-2-thread-1] c.l.algorithm.SimulatedAnnealing         : SA-Opt reheat #5 | T=2.43 | costo: 20.00
2026-06-02T04:09:51.295-05:00  INFO 8500 --- [loadroute-backend] [pool-2-thread-1] c.l.algorithm.SimulatedAnnealing         : SA-Opt fin | iter: 4669 | reheats: 5 | mejoras: 543 | peores: 692 | cache: 2311 hits | costo: 20.00 -> 20.00 (0.0%) | tiempo: 0.0s
2026-06-02T04:09:51.302-05:00  INFO 8500 --- [loadroute-backend] [pool-2-thread-1] c.l.algorithm.SimulatedAnnealing         : SA-Opt inicio | T0=1000.0 | costo greedy: 92.00 | envios: 6/6
2026-06-02T04:09:51.306-05:00  INFO 8500 --- [loadroute-backend] [pool-2-thread-1] c.l.algorithm.SimulatedAnnealing         : SA-Opt reheat #1 | T=300.00 | costo: 92.00
2026-06-02T04:09:51.308-05:00  INFO 8500 --- [loadroute-backend] [pool-2-thread-1] c.l.algorithm.SimulatedAnnealing         : SA-Opt reheat #2 | T=90.00 | costo: 92.00
2026-06-02T04:09:51.310-05:00  INFO 8500 --- [loadroute-backend] [pool-2-thread-1] c.l.algorithm.SimulatedAnnealing         : SA-Opt reheat #3 | T=27.00 | costo: 92.00
2026-06-02T04:09:51.311-05:00  INFO 8500 --- [loadroute-backend] [pool-2-thread-1] c.l.algorithm.SimulatedAnnealing         : SA-Opt reheat #4 | T=8.10 | costo: 92.00
2026-06-02T04:09:51.311-05:00  INFO 8500 --- [loadroute-backend] [pool-2-thread-1] c.l.algorithm.SimulatedAnnealing         : SA-Opt reheat #5 | T=2.43 | costo: 92.00
2026-06-02T04:09:51.312-05:00  INFO 8500 --- [loadroute-backend] [pool-2-thread-1] c.l.algorithm.SimulatedAnnealing         : SA-Opt fin | iter: 4669 | reheats: 5 | mejoras: 558 | peores: 565 | cache: 2316 hits | costo: 92.00 -> 92.00 (0.0%) | tiempo: 0.0s
2026-06-02T04:09:51.314-05:00  INFO 8500 --- [loadroute-backend] [pool-2-thread-1] c.l.algorithm.SimulatedAnnealing         : SA-Opt inicio | T0=1000.0 | costo greedy: 83.00 | envios: 6/6
2026-06-02T04:09:51.319-05:00  INFO 8500 --- [loadroute-backend] [pool-2-thread-1] c.l.algorithm.SimulatedAnnealing         : SA-Opt reheat #1 | T=300.00 | costo: 83.00
2026-06-02T04:09:51.320-05:00  INFO 8500 --- [loadroute-backend] [pool-2-thread-1] c.l.algorithm.SimulatedAnnealing         : SA-Opt reheat #2 | T=90.00 | costo: 83.00
2026-06-02T04:09:51.323-05:00  INFO 8500 --- [loadroute-backend] [pool-2-thread-1] c.l.algorithm.SimulatedAnnealing         : SA-Opt reheat #3 | T=27.00 | costo: 83.00
2026-06-02T04:09:51.324-05:00  INFO 8500 --- [loadroute-backend] [pool-2-thread-1] c.l.algorithm.SimulatedAnnealing         : SA-Opt reheat #4 | T=8.10 | costo: 83.00
2026-06-02T04:09:51.325-05:00  INFO 8500 --- [loadroute-backend] [pool-2-thread-1] c.l.algorithm.SimulatedAnnealing         : SA-Opt reheat #5 | T=2.43 | costo: 83.00
2026-06-02T04:09:51.325-05:00  INFO 8500 --- [loadroute-backend] [pool-2-thread-1] c.l.algorithm.SimulatedAnnealing         : SA-Opt fin | iter: 4669 | reheats: 5 | mejoras: 533 | peores: 697 | cache: 2367 hits | costo: 83.00 -> 83.00 (0.0%) | tiempo: 0.0s
2026-06-02T04:09:51.328-05:00  INFO 8500 --- [loadroute-backend] [pool-2-thread-1] c.l.algorithm.SimulatedAnnealing         : SA-Opt inicio | T0=1000.0 | costo greedy: 52.00 | envios: 5/5
2026-06-02T04:09:51.332-05:00  INFO 8500 --- [loadroute-backend] [pool-2-thread-1] c.l.algorithm.SimulatedAnnealing         : SA-Opt reheat #1 | T=300.00 | costo: 52.00
2026-06-02T04:09:51.334-05:00  INFO 8500 --- [loadroute-backend] [pool-2-thread-1] c.l.algorithm.SimulatedAnnealing         : SA-Opt reheat #2 | T=90.00 | costo: 52.00
2026-06-02T04:09:51.336-05:00  INFO 8500 --- [loadroute-backend] [pool-2-thread-1] c.l.algorithm.SimulatedAnnealing         : SA-Opt reheat #3 | T=27.00 | costo: 52.00
2026-06-02T04:09:51.337-05:00  INFO 8500 --- [loadroute-backend] [pool-2-thread-1] c.l.algorithm.SimulatedAnnealing         : SA-Opt reheat #4 | T=8.10 | costo: 52.00
2026-06-02T04:09:51.338-05:00  INFO 8500 --- [loadroute-backend] [pool-2-thread-1] c.l.algorithm.SimulatedAnnealing         : SA-Opt reheat #5 | T=2.43 | costo: 52.00
2026-06-02T04:09:51.338-05:00  INFO 8500 --- [loadroute-backend] [pool-2-thread-1] c.l.algorithm.SimulatedAnnealing         : SA-Opt fin | iter: 4669 | reheats: 5 | mejoras: 559 | peores: 662 | cache: 2344 hits | costo: 52.00 -> 52.00 (0.0%) | tiempo: 0.0s
2026-06-02T04:09:51.340-05:00  INFO 8500 --- [loadroute-backend] [pool-2-thread-1] c.l.algorithm.SimulatedAnnealing         : SA-Opt inicio | T0=1000.0 | costo greedy: 56.00 | envios: 4/4
2026-06-02T04:09:51.343-05:00  INFO 8500 --- [loadroute-backend] [pool-2-thread-1] c.l.algorithm.SimulatedAnnealing         : SA-Opt reheat #1 | T=300.00 | costo: 56.00
2026-06-02T04:09:51.345-05:00  INFO 8500 --- [loadroute-backend] [pool-2-thread-1] c.l.algorithm.SimulatedAnnealing         : SA-Opt reheat #2 | T=90.00 | costo: 56.00
2026-06-02T04:09:51.347-05:00  INFO 8500 --- [loadroute-backend] [pool-2-thread-1] c.l.algorithm.SimulatedAnnealing         : SA-Opt reheat #3 | T=27.00 | costo: 56.00
2026-06-02T04:09:51.348-05:00  INFO 8500 --- [loadroute-backend] [pool-2-thread-1] c.l.algorithm.SimulatedAnnealing         : SA-Opt reheat #4 | T=8.10 | costo: 56.00
2026-06-02T04:09:51.349-05:00  INFO 8500 --- [loadroute-backend] [pool-2-thread-1] c.l.algorithm.SimulatedAnnealing         : SA-Opt reheat #5 | T=2.43 | costo: 56.00
2026-06-02T04:09:51.349-05:00  INFO 8500 --- [loadroute-backend] [pool-2-thread-1] c.l.algorithm.SimulatedAnnealing         : SA-Opt fin | iter: 4669 | reheats: 5 | mejoras: 511 | peores: 642 | cache: 2375 hits | costo: 56.00 -> 56.00 (0.0%) | tiempo: 0.0s
2026-06-02T04:09:51.351-05:00  INFO 8500 --- [loadroute-backend] [pool-2-thread-1] c.l.algorithm.SimulatedAnnealing         : SA-Opt inicio | T0=1000.0 | costo greedy: 35.00 | envios: 4/4
2026-06-02T04:09:51.356-05:00  INFO 8500 --- [loadroute-backend] [pool-2-thread-1] c.l.algorithm.SimulatedAnnealing         : SA-Opt reheat #1 | T=300.00 | costo: 35.00
2026-06-02T04:09:51.357-05:00  INFO 8500 --- [loadroute-backend] [pool-2-thread-1] c.l.algorithm.SimulatedAnnealing         : SA-Opt reheat #2 | T=90.00 | costo: 35.00
2026-06-02T04:09:51.359-05:00  INFO 8500 --- [loadroute-backend] [pool-2-thread-1] c.l.algorithm.SimulatedAnnealing         : SA-Opt reheat #3 | T=27.00 | costo: 35.00
2026-06-02T04:09:51.360-05:00  INFO 8500 --- [loadroute-backend] [pool-2-thread-1] c.l.algorithm.SimulatedAnnealing         : SA-Opt reheat #4 | T=8.10 | costo: 35.00
2026-06-02T04:09:51.360-05:00  INFO 8500 --- [loadroute-backend] [pool-2-thread-1] c.l.algorithm.SimulatedAnnealing         : SA-Opt reheat #5 | T=2.43 | costo: 35.00
2026-06-02T04:09:51.361-05:00  INFO 8500 --- [loadroute-backend] [pool-2-thread-1] c.l.algorithm.SimulatedAnnealing         : SA-Opt fin | iter: 4669 | reheats: 5 | mejoras: 558 | peores: 639 | cache: 2314 hits | costo: 35.00 -> 35.00 (0.0%) | tiempo: 0.0s
2026-06-02T04:09:51.363-05:00  INFO 8500 --- [loadroute-backend] [pool-2-thread-1] c.l.algorithm.SimulatedAnnealing         : SA-Opt inicio | T0=1000.0 | costo greedy: 16.00 | envios: 2/2
2026-06-02T04:09:51.366-05:00  INFO 8500 --- [loadroute-backend] [pool-2-thread-1] c.l.algorithm.SimulatedAnnealing         : SA-Opt reheat #1 | T=300.00 | costo: 16.00
2026-06-02T04:09:51.367-05:00  INFO 8500 --- [loadroute-backend] [pool-2-thread-1] c.l.algorithm.SimulatedAnnealing         : SA-Opt reheat #2 | T=90.00 | costo: 16.00
2026-06-02T04:09:51.369-05:00  INFO 8500 --- [loadroute-backend] [pool-2-thread-1] c.l.algorithm.SimulatedAnnealing         : SA-Opt reheat #3 | T=27.00 | costo: 16.00
2026-06-02T04:09:51.370-05:00  INFO 8500 --- [loadroute-backend] [pool-2-thread-1] c.l.algorithm.SimulatedAnnealing         : SA-Opt reheat #4 | T=8.10 | costo: 16.00
2026-06-02T04:09:51.371-05:00  INFO 8500 --- [loadroute-backend] [pool-2-thread-1] c.l.algorithm.SimulatedAnnealing         : SA-Opt reheat #5 | T=2.43 | costo: 16.00
2026-06-02T04:09:51.371-05:00  INFO 8500 --- [loadroute-backend] [pool-2-thread-1] c.l.algorithm.SimulatedAnnealing         : SA-Opt fin | iter: 4669 | reheats: 5 | mejoras: 500 | peores: 603 | cache: 2347 hits | costo: 16.00 -> 16.00 (0.0%) | tiempo: 0.0s
2026-06-02T04:09:51.373-05:00  INFO 8500 --- [loadroute-backend] [pool-2-thread-1] c.l.algorithm.SimulatedAnnealing         : SA-Opt inicio | T0=1000.0 | costo greedy: 32.00 | envios: 2/2
2026-06-02T04:09:51.376-05:00  INFO 8500 --- [loadroute-backend] [pool-2-thread-1] c.l.algorithm.SimulatedAnnealing         : SA-Opt reheat #1 | T=300.00 | costo: 32.00
2026-06-02T04:09:51.378-05:00  INFO 8500 --- [loadroute-backend] [pool-2-thread-1] c.l.algorithm.SimulatedAnnealing         : SA-Opt reheat #2 | T=90.00 | costo: 32.00
2026-06-02T04:09:51.379-05:00  INFO 8500 --- [loadroute-backend] [pool-2-thread-1] c.l.algorithm.SimulatedAnnealing         : SA-Opt reheat #3 | T=27.00 | costo: 32.00
2026-06-02T04:09:51.380-05:00  INFO 8500 --- [loadroute-backend] [pool-2-thread-1] c.l.algorithm.SimulatedAnnealing         : SA-Opt reheat #4 | T=8.10 | costo: 32.00
2026-06-02T04:09:51.382-05:00  INFO 8500 --- [loadroute-backend] [pool-2-thread-1] c.l.algorithm.SimulatedAnnealing         : SA-Opt reheat #5 | T=2.43 | costo: 32.00
2026-06-02T04:09:51.382-05:00  INFO 8500 --- [loadroute-backend] [pool-2-thread-1] c.l.algorithm.SimulatedAnnealing         : SA-Opt fin | iter: 4669 | reheats: 5 | mejoras: 489 | peores: 528 | cache: 2330 hits | costo: 32.00 -> 32.00 (0.0%) | tiempo: 0.0s
2026-06-02T04:09:51.383-05:00  INFO 8500 --- [loadroute-backend] [pool-2-thread-1] c.l.algorithm.SimulatedAnnealing         : SA-Opt inicio | T0=1000.0 | costo greedy: 30.00 | envios: 3/3
2026-06-02T04:09:51.387-05:00  INFO 8500 --- [loadroute-backend] [pool-2-thread-1] c.l.algorithm.SimulatedAnnealing         : SA-Opt reheat #1 | T=300.00 | costo: 30.00
2026-06-02T04:09:51.388-05:00  INFO 8500 --- [loadroute-backend] [pool-2-thread-1] c.l.algorithm.SimulatedAnnealing         : SA-Opt reheat #2 | T=90.00 | costo: 30.00
2026-06-02T04:09:51.390-05:00  INFO 8500 --- [loadroute-backend] [pool-2-thread-1] c.l.algorithm.SimulatedAnnealing         : SA-Opt reheat #3 | T=27.00 | costo: 30.00
2026-06-02T04:09:51.391-05:00  INFO 8500 --- [loadroute-backend] [pool-2-thread-1] c.l.algorithm.SimulatedAnnealing         : SA-Opt reheat #4 | T=8.10 | costo: 30.00
2026-06-02T04:09:51.391-05:00  INFO 8500 --- [loadroute-backend] [pool-2-thread-1] c.l.algorithm.SimulatedAnnealing         : SA-Opt reheat #5 | T=2.43 | costo: 30.00
2026-06-02T04:09:51.392-05:00  INFO 8500 --- [loadroute-backend] [pool-2-thread-1] c.l.algorithm.SimulatedAnnealing         : SA-Opt fin | iter: 4669 | reheats: 5 | mejoras: 557 | peores: 697 | cache: 2305 hits | costo: 30.00 -> 30.00 (0.0%) | tiempo: 0.0s
2026-06-02T04:09:51.394-05:00  INFO 8500 --- [loadroute-backend] [pool-2-thread-1] c.l.algorithm.SimulatedAnnealing         : SA-Opt inicio | T0=1000.0 | costo greedy: 81.00 | envios: 5/5
2026-06-02T04:09:51.397-05:00  INFO 8500 --- [loadroute-backend] [pool-2-thread-1] c.l.algorithm.SimulatedAnnealing         : SA-Opt reheat #1 | T=300.00 | costo: 81.00
2026-06-02T04:09:51.399-05:00  INFO 8500 --- [loadroute-backend] [pool-2-thread-1] c.l.algorithm.SimulatedAnnealing         : SA-Opt reheat #2 | T=90.00 | costo: 81.00
2026-06-02T04:09:51.401-05:00  INFO 8500 --- [loadroute-backend] [pool-2-thread-1] c.l.algorithm.SimulatedAnnealing         : SA-Opt reheat #3 | T=27.00 | costo: 81.00
2026-06-02T04:09:51.401-05:00  INFO 8500 --- [loadroute-backend] [pool-2-thread-1] c.l.algorithm.SimulatedAnnealing         : SA-Opt reheat #4 | T=8.10 | costo: 81.00
2026-06-02T04:09:51.403-05:00  INFO 8500 --- [loadroute-backend] [pool-2-thread-1] c.l.algorithm.SimulatedAnnealing         : SA-Opt reheat #5 | T=2.43 | costo: 81.00
2026-06-02T04:09:51.403-05:00  INFO 8500 --- [loadroute-backend] [pool-2-thread-1] c.l.algorithm.SimulatedAnnealing         : SA-Opt fin | iter: 4669 | reheats: 5 | mejoras: 489 | peores: 589 | cache: 2325 hits | costo: 81.00 -> 81.00 (0.0%) | tiempo: 0.0s
2026-06-02T04:09:51.405-05:00  INFO 8500 --- [loadroute-backend] [pool-2-thread-1] c.l.algorithm.SimulatedAnnealing         : SA-Opt inicio | T0=1000.0 | costo greedy: 80.00 | envios: 5/5
2026-06-02T04:09:51.406-05:00  INFO 8500 --- [loadroute-backend] [pool-2-thread-1] c.l.algorithm.SimulatedAnnealing         : SA-Opt reheat #1 | T=300.00 | costo: 80.00
2026-06-02T04:09:51.406-05:00  INFO 8500 --- [loadroute-backend] [pool-2-thread-1] c.l.algorithm.SimulatedAnnealing         : SA-Opt reheat #2 | T=90.00 | costo: 80.00
2026-06-02T04:09:51.412-05:00  INFO 8500 --- [loadroute-backend] [pool-2-thread-1] c.l.algorithm.SimulatedAnnealing         : SA-Opt reheat #3 | T=27.00 | costo: 80.00
2026-06-02T04:09:51.413-05:00  INFO 8500 --- [loadroute-backend] [pool-2-thread-1] c.l.algorithm.SimulatedAnnealing         : SA-Opt reheat #4 | T=8.10 | costo: 80.00
2026-06-02T04:09:51.414-05:00  INFO 8500 --- [loadroute-backend] [pool-2-thread-1] c.l.algorithm.SimulatedAnnealing         : SA-Opt reheat #5 | T=2.43 | costo: 80.00
2026-06-02T04:09:51.414-05:00  INFO 8500 --- [loadroute-backend] [pool-2-thread-1] c.l.algorithm.SimulatedAnnealing         : SA-Opt fin | iter: 4669 | reheats: 5 | mejoras: 560 | peores: 655 | cache: 2299 hits | costo: 80.00 -> 80.00 (0.0%) | tiempo: 0.0s
2026-06-02T04:09:51.415-05:00  INFO 8500 --- [loadroute-backend] [pool-2-thread-1] c.l.algorithm.SimulatedAnnealing         : SA-Opt inicio | T0=1000.0 | costo greedy: 36.00 | envios: 2/2
2026-06-02T04:09:51.418-05:00  INFO 8500 --- [loadroute-backend] [pool-2-thread-1] c.l.algorithm.SimulatedAnnealing         : SA-Opt reheat #1 | T=300.00 | costo: 36.00
2026-06-02T04:09:51.419-05:00  INFO 8500 --- [loadroute-backend] [pool-2-thread-1] c.l.algorithm.SimulatedAnnealing         : SA-Opt reheat #2 | T=90.00 | costo: 36.00
2026-06-02T04:09:51.421-05:00  INFO 8500 --- [loadroute-backend] [pool-2-thread-1] c.l.algorithm.SimulatedAnnealing         : SA-Opt reheat #3 | T=27.00 | costo: 36.00
2026-06-02T04:09:51.423-05:00  INFO 8500 --- [loadroute-backend] [pool-2-thread-1] c.l.algorithm.SimulatedAnnealing         : SA-Opt reheat #4 | T=8.10 | costo: 36.00
2026-06-02T04:09:51.424-05:00  INFO 8500 --- [loadroute-backend] [pool-2-thread-1] c.l.algorithm.SimulatedAnnealing         : SA-Opt reheat #5 | T=2.43 | costo: 36.00
2026-06-02T04:09:51.424-05:00  INFO 8500 --- [loadroute-backend] [pool-2-thread-1] c.l.algorithm.SimulatedAnnealing         : SA-Opt fin | iter: 4669 | reheats: 5 | mejoras: 516 | peores: 620 | cache: 2343 hits | costo: 36.00 -> 36.00 (0.0%) | tiempo: 0.0s
2026-06-02T04:09:51.425-05:00  INFO 8500 --- [loadroute-backend] [pool-2-thread-1] c.l.algorithm.SimulatedAnnealing         : SA-Opt inicio | T0=1000.0 | costo greedy: 43.00 | envios: 3/3
2026-06-02T04:09:51.427-05:00  INFO 8500 --- [loadroute-backend] [pool-2-thread-1] c.l.algorithm.SimulatedAnnealing         : SA-Opt reheat #1 | T=300.00 | costo: 43.00
2026-06-02T04:09:51.429-05:00  INFO 8500 --- [loadroute-backend] [pool-2-thread-1] c.l.algorithm.SimulatedAnnealing         : SA-Opt reheat #2 | T=90.00 | costo: 43.00
2026-06-02T04:09:51.430-05:00  INFO 8500 --- [loadroute-backend] [pool-2-thread-1] c.l.algorithm.SimulatedAnnealing         : SA-Opt reheat #3 | T=27.00 | costo: 43.00
2026-06-02T04:09:51.431-05:00  INFO 8500 --- [loadroute-backend] [pool-2-thread-1] c.l.algorithm.SimulatedAnnealing         : SA-Opt reheat #4 | T=8.10 | costo: 43.00
2026-06-02T04:09:51.433-05:00  INFO 8500 --- [loadroute-backend] [pool-2-thread-1] c.l.algorithm.SimulatedAnnealing         : SA-Opt reheat #5 | T=2.43 | costo: 43.00
2026-06-02T04:09:51.434-05:00  INFO 8500 --- [loadroute-backend] [pool-2-thread-1] c.l.algorithm.SimulatedAnnealing         : SA-Opt fin | iter: 4669 | reheats: 5 | mejoras: 551 | peores: 651 | cache: 2388 hits | costo: 43.00 -> 43.00 (0.0%) | tiempo: 0.0s
2026-06-02T04:09:51.434-05:00  INFO 8500 --- [loadroute-backend] [pool-2-thread-1] c.l.algorithm.SimulatedAnnealing         : SA-Opt inicio | T0=1000.0 | costo greedy: 16.00 | envios: 1/1
2026-06-02T04:09:51.436-05:00  INFO 8500 --- [loadroute-backend] [pool-2-thread-1] c.l.algorithm.SimulatedAnnealing         : SA-Opt reheat #1 | T=300.00 | costo: 16.00
2026-06-02T04:09:51.438-05:00  INFO 8500 --- [loadroute-backend] [pool-2-thread-1] c.l.algorithm.SimulatedAnnealing         : SA-Opt reheat #2 | T=90.00 | costo: 16.00
2026-06-02T04:09:51.439-05:00  INFO 8500 --- [loadroute-backend] [pool-2-thread-1] c.l.algorithm.SimulatedAnnealing         : SA-Opt reheat #3 | T=27.00 | costo: 16.00
2026-06-02T04:09:51.440-05:00  INFO 8500 --- [loadroute-backend] [pool-2-thread-1] c.l.algorithm.SimulatedAnnealing         : SA-Opt reheat #4 | T=8.10 | costo: 16.00
2026-06-02T04:09:51.440-05:00  INFO 8500 --- [loadroute-backend] [pool-2-thread-1] c.l.algorithm.SimulatedAnnealing         : SA-Opt reheat #5 | T=2.43 | costo: 16.00
2026-06-02T04:09:51.441-05:00  INFO 8500 --- [loadroute-backend] [pool-2-thread-1] c.l.algorithm.SimulatedAnnealing         : SA-Opt fin | iter: 4669 | reheats: 5 | mejoras: 495 | peores: 606 | cache: 2334 hits | costo: 16.00 -> 16.00 (0.0%) | tiempo: 0.0s
2026-06-02T04:09:51.443-05:00  INFO 8500 --- [loadroute-backend] [pool-2-thread-1] c.l.algorithm.SimulatedAnnealing         : SA-Opt inicio | T0=1000.0 | costo greedy: 49.00 | envios: 4/4
2026-06-02T04:09:51.446-05:00  INFO 8500 --- [loadroute-backend] [pool-2-thread-1] c.l.algorithm.SimulatedAnnealing         : SA-Opt reheat #1 | T=300.00 | costo: 49.00
2026-06-02T04:09:51.447-05:00  INFO 8500 --- [loadroute-backend] [pool-2-thread-1] c.l.algorithm.SimulatedAnnealing         : SA-Opt reheat #2 | T=90.00 | costo: 49.00
2026-06-02T04:09:51.447-05:00  INFO 8500 --- [loadroute-backend] [pool-2-thread-1] c.l.algorithm.SimulatedAnnealing         : SA-Opt reheat #3 | T=27.00 | costo: 49.00
2026-06-02T04:09:51.447-05:00  INFO 8500 --- [loadroute-backend] [pool-2-thread-1] c.l.algorithm.SimulatedAnnealing         : SA-Opt reheat #4 | T=8.10 | costo: 49.00
2026-06-02T04:09:51.447-05:00  INFO 8500 --- [loadroute-backend] [pool-2-thread-1] c.l.algorithm.SimulatedAnnealing         : SA-Opt reheat #5 | T=2.43 | costo: 49.00
2026-06-02T04:09:51.451-05:00  INFO 8500 --- [loadroute-backend] [pool-2-thread-1] c.l.algorithm.SimulatedAnnealing         : SA-Opt fin | iter: 4669 | reheats: 5 | mejoras: 523 | peores: 695 | cache: 2327 hits | costo: 49.00 -> 49.00 (0.0%) | tiempo: 0.0s
2026-06-02T04:09:51.451-05:00  INFO 8500 --- [loadroute-backend] [pool-2-thread-1] c.l.algorithm.SimulatedAnnealing         : SA-Opt inicio | T0=1000.0 | costo greedy: 18.00 | envios: 1/1
2026-06-02T04:09:51.453-05:00  INFO 8500 --- [loadroute-backend] [pool-2-thread-1] c.l.algorithm.SimulatedAnnealing         : SA-Opt reheat #1 | T=300.00 | costo: 18.00
2026-06-02T04:09:51.453-05:00  INFO 8500 --- [loadroute-backend] [pool-2-thread-1] c.l.algorithm.SimulatedAnnealing         : SA-Opt reheat #2 | T=90.00 | costo: 18.00
2026-06-02T04:09:51.453-05:00  INFO 8500 --- [loadroute-backend] [pool-2-thread-1] c.l.algorithm.SimulatedAnnealing         : SA-Opt reheat #3 | T=27.00 | costo: 18.00
2026-06-02T04:09:51.453-05:00  INFO 8500 --- [loadroute-backend] [pool-2-thread-1] c.l.algorithm.SimulatedAnnealing         : SA-Opt reheat #4 | T=8.10 | costo: 18.00
2026-06-02T04:09:51.453-05:00  INFO 8500 --- [loadroute-backend] [pool-2-thread-1] c.l.algorithm.SimulatedAnnealing         : SA-Opt reheat #5 | T=2.43 | costo: 18.00
2026-06-02T04:09:51.453-05:00  INFO 8500 --- [loadroute-backend] [pool-2-thread-1] c.l.algorithm.SimulatedAnnealing         : SA-Opt fin | iter: 4669 | reheats: 5 | mejoras: 521 | peores: 656 | cache: 2309 hits | costo: 18.00 -> 18.00 (0.0%) | tiempo: 0.0s
2026-06-02T04:09:51.453-05:00  INFO 8500 --- [loadroute-backend] [pool-2-thread-1] c.l.algorithm.SimulatedAnnealing         : SA-Opt inicio | T0=1000.0 | costo greedy: 30.00 | envios: 2/2
2026-06-02T04:09:51.461-05:00  INFO 8500 --- [loadroute-backend] [pool-2-thread-1] c.l.algorithm.SimulatedAnnealing         : SA-Opt reheat #1 | T=300.00 | costo: 30.00
2026-06-02T04:09:51.463-05:00  INFO 8500 --- [loadroute-backend] [pool-2-thread-1] c.l.algorithm.SimulatedAnnealing         : SA-Opt reheat #2 | T=90.00 | costo: 30.00
2026-06-02T04:09:51.464-05:00  INFO 8500 --- [loadroute-backend] [pool-2-thread-1] c.l.algorithm.SimulatedAnnealing         : SA-Opt reheat #3 | T=27.00 | costo: 30.00
2026-06-02T04:09:51.465-05:00  INFO 8500 --- [loadroute-backend] [pool-2-thread-1] c.l.algorithm.SimulatedAnnealing         : SA-Opt reheat #4 | T=8.10 | costo: 30.00
2026-06-02T04:09:51.466-05:00  INFO 8500 --- [loadroute-backend] [pool-2-thread-1] c.l.algorithm.SimulatedAnnealing         : SA-Opt reheat #5 | T=2.43 | costo: 30.00
2026-06-02T04:09:51.466-05:00  INFO 8500 --- [loadroute-backend] [pool-2-thread-1] c.l.algorithm.SimulatedAnnealing         : SA-Opt fin | iter: 4669 | reheats: 5 | mejoras: 455 | peores: 557 | cache: 2340 hits | costo: 30.00 -> 30.00 (0.0%) | tiempo: 0.0s
2026-06-02T04:09:51.469-05:00  INFO 8500 --- [loadroute-backend] [pool-2-thread-1] c.l.algorithm.SimulatedAnnealing         : SA-Opt inicio | T0=1000.0 | costo greedy: 74.00 | envios: 7/7
2026-06-02T04:09:51.472-05:00  INFO 8500 --- [loadroute-backend] [pool-2-thread-1] c.l.algorithm.SimulatedAnnealing         : SA-Opt reheat #1 | T=300.00 | costo: 74.00
2026-06-02T04:09:51.474-05:00  INFO 8500 --- [loadroute-backend] [pool-2-thread-1] c.l.algorithm.SimulatedAnnealing         : SA-Opt reheat #2 | T=90.00 | costo: 74.00
2026-06-02T04:09:51.479-05:00  INFO 8500 --- [loadroute-backend] [pool-2-thread-1] c.l.algorithm.SimulatedAnnealing         : SA-Opt reheat #3 | T=27.00 | costo: 74.00
2026-06-02T04:09:51.480-05:00  INFO 8500 --- [loadroute-backend] [pool-2-thread-1] c.l.algorithm.SimulatedAnnealing         : SA-Opt reheat #4 | T=8.10 | costo: 74.00
2026-06-02T04:09:51.481-05:00  INFO 8500 --- [loadroute-backend] [pool-2-thread-1] c.l.algorithm.SimulatedAnnealing         : SA-Opt reheat #5 | T=2.43 | costo: 74.00
2026-06-02T04:09:51.481-05:00  INFO 8500 --- [loadroute-backend] [pool-2-thread-1] c.l.algorithm.SimulatedAnnealing         : SA-Opt fin | iter: 4669 | reheats: 5 | mejoras: 579 | peores: 673 | cache: 2352 hits | costo: 74.00 -> 74.00 (0.0%) | tiempo: 0.0s
2026-06-02T04:09:51.483-05:00  INFO 8500 --- [loadroute-backend] [pool-2-thread-1] c.l.algorithm.SimulatedAnnealing         : SA-Opt inicio | T0=1000.0 | costo greedy: 67.00 | envios: 6/6
2026-06-02T04:09:51.486-05:00  INFO 8500 --- [loadroute-backend] [pool-2-thread-1] c.l.algorithm.SimulatedAnnealing         : SA-Opt reheat #1 | T=300.00 | costo: 67.00
2026-06-02T04:09:51.487-05:00  INFO 8500 --- [loadroute-backend] [pool-2-thread-1] c.l.algorithm.SimulatedAnnealing         : SA-Opt reheat #2 | T=90.00 | costo: 67.00
2026-06-02T04:09:51.489-05:00  INFO 8500 --- [loadroute-backend] [pool-2-thread-1] c.l.algorithm.SimulatedAnnealing         : SA-Opt reheat #3 | T=27.00 | costo: 67.00
2026-06-02T04:09:51.490-05:00  INFO 8500 --- [loadroute-backend] [pool-2-thread-1] c.l.algorithm.SimulatedAnnealing         : SA-Opt reheat #4 | T=8.10 | costo: 67.00
2026-06-02T04:09:51.491-05:00  INFO 8500 --- [loadroute-backend] [pool-2-thread-1] c.l.algorithm.SimulatedAnnealing         : SA-Opt reheat #5 | T=2.43 | costo: 67.00
2026-06-02T04:09:51.491-05:00  INFO 8500 --- [loadroute-backend] [pool-2-thread-1] c.l.algorithm.SimulatedAnnealing         : SA-Opt fin | iter: 4669 | reheats: 5 | mejoras: 581 | peores: 669 | cache: 2297 hits | costo: 67.00 -> 67.00 (0.0%) | tiempo: 0.0s
2026-06-02T04:09:51.493-05:00  INFO 8500 --- [loadroute-backend] [pool-2-thread-1] c.l.algorithm.SimulatedAnnealing         : SA-Opt inicio | T0=1000.0 | costo greedy: 31.00 | envios: 2/2
2026-06-02T04:09:51.495-05:00  INFO 8500 --- [loadroute-backend] [pool-2-thread-1] c.l.algorithm.SimulatedAnnealing         : SA-Opt reheat #1 | T=300.00 | costo: 31.00
2026-06-02T04:09:51.496-05:00  INFO 8500 --- [loadroute-backend] [pool-2-thread-1] c.l.algorithm.SimulatedAnnealing         : SA-Opt reheat #2 | T=90.00 | costo: 31.00
2026-06-02T04:09:51.497-05:00  INFO 8500 --- [loadroute-backend] [pool-2-thread-1] c.l.algorithm.SimulatedAnnealing         : SA-Opt reheat #3 | T=27.00 | costo: 31.00
2026-06-02T04:09:51.498-05:00  INFO 8500 --- [loadroute-backend] [pool-2-thread-1] c.l.algorithm.SimulatedAnnealing         : SA-Opt reheat #4 | T=8.10 | costo: 31.00
2026-06-02T04:09:51.499-05:00  INFO 8500 --- [loadroute-backend] [pool-2-thread-1] c.l.algorithm.SimulatedAnnealing         : SA-Opt reheat #5 | T=2.43 | costo: 31.00
2026-06-02T04:09:51.500-05:00  INFO 8500 --- [loadroute-backend] [pool-2-thread-1] c.l.algorithm.SimulatedAnnealing         : SA-Opt fin | iter: 4669 | reheats: 5 | mejoras: 504 | peores: 611 | cache: 2326 hits | costo: 31.00 -> 31.00 (0.0%) | tiempo: 0.0s
2026-06-02T04:09:51.500-05:00  INFO 8500 --- [loadroute-backend] [pool-2-thread-1] c.l.algorithm.SimulatedAnnealing         : SA-Opt inicio | T0=1000.0 | costo greedy: 19.00 | envios: 1/1
2026-06-02T04:09:51.502-05:00  INFO 8500 --- [loadroute-backend] [pool-2-thread-1] c.l.algorithm.SimulatedAnnealing         : SA-Opt reheat #1 | T=300.00 | costo: 19.00
2026-06-02T04:09:51.504-05:00  INFO 8500 --- [loadroute-backend] [pool-2-thread-1] c.l.algorithm.SimulatedAnnealing         : SA-Opt reheat #2 | T=90.00 | costo: 19.00
2026-06-02T04:09:51.505-05:00  INFO 8500 --- [loadroute-backend] [pool-2-thread-1] c.l.algorithm.SimulatedAnnealing         : SA-Opt reheat #3 | T=27.00 | costo: 19.00
2026-06-02T04:09:51.506-05:00  INFO 8500 --- [loadroute-backend] [pool-2-thread-1] c.l.algorithm.SimulatedAnnealing         : SA-Opt reheat #4 | T=8.10 | costo: 19.00
2026-06-02T04:09:51.506-05:00  INFO 8500 --- [loadroute-backend] [pool-2-thread-1] c.l.algorithm.SimulatedAnnealing         : SA-Opt reheat #5 | T=2.43 | costo: 19.00
2026-06-02T04:09:51.507-05:00  INFO 8500 --- [loadroute-backend] [pool-2-thread-1] c.l.algorithm.SimulatedAnnealing         : SA-Opt fin | iter: 4669 | reheats: 5 | mejoras: 501 | peores: 560 | cache: 2281 hits | costo: 19.00 -> 19.00 (0.0%) | tiempo: 0.0s
2026-06-02T04:09:51.508-05:00  INFO 8500 --- [loadroute-backend] [pool-2-thread-1] c.l.algorithm.SimulatedAnnealing         : SA-Opt inicio | T0=1000.0 | costo greedy: 33.00 | envios: 3/3
2026-06-02T04:09:51.510-05:00  INFO 8500 --- [loadroute-backend] [pool-2-thread-1] c.l.algorithm.SimulatedAnnealing         : SA-Opt reheat #1 | T=300.00 | costo: 33.00
2026-06-02T04:09:51.512-05:00  INFO 8500 --- [loadroute-backend] [pool-2-thread-1] c.l.algorithm.SimulatedAnnealing         : SA-Opt reheat #2 | T=90.00 | costo: 33.00
2026-06-02T04:09:51.513-05:00  INFO 8500 --- [loadroute-backend] [pool-2-thread-1] c.l.algorithm.SimulatedAnnealing         : SA-Opt reheat #3 | T=27.00 | costo: 33.00
2026-06-02T04:09:51.514-05:00  INFO 8500 --- [loadroute-backend] [pool-2-thread-1] c.l.algorithm.SimulatedAnnealing         : SA-Opt reheat #4 | T=8.10 | costo: 33.00
2026-06-02T04:09:51.515-05:00  INFO 8500 --- [loadroute-backend] [pool-2-thread-1] c.l.algorithm.SimulatedAnnealing         : SA-Opt reheat #5 | T=2.43 | costo: 33.00
2026-06-02T04:09:51.515-05:00  INFO 8500 --- [loadroute-backend] [pool-2-thread-1] c.l.algorithm.SimulatedAnnealing         : SA-Opt fin | iter: 4669 | reheats: 5 | mejoras: 524 | peores: 634 | cache: 2356 hits | costo: 33.00 -> 33.00 (0.0%) | tiempo: 0.0s
2026-06-02T04:09:51.516-05:00  INFO 8500 --- [loadroute-backend] [pool-2-thread-1] c.l.algorithm.SimulatedAnnealing         : SA-Opt inicio | T0=1000.0 | costo greedy: 19.00 | envios: 1/1
2026-06-02T04:09:51.517-05:00  INFO 8500 --- [loadroute-backend] [pool-2-thread-1] c.l.algorithm.SimulatedAnnealing         : SA-Opt reheat #1 | T=300.00 | costo: 19.00
2026-06-02T04:09:51.519-05:00  INFO 8500 --- [loadroute-backend] [pool-2-thread-1] c.l.algorithm.SimulatedAnnealing         : SA-Opt reheat #2 | T=90.00 | costo: 19.00
2026-06-02T04:09:51.520-05:00  INFO 8500 --- [loadroute-backend] [pool-2-thread-1] c.l.algorithm.SimulatedAnnealing         : SA-Opt reheat #3 | T=27.00 | costo: 19.00
2026-06-02T04:09:51.521-05:00  INFO 8500 --- [loadroute-backend] [pool-2-thread-1] c.l.algorithm.SimulatedAnnealing         : SA-Opt reheat #4 | T=8.10 | costo: 19.00
2026-06-02T04:09:51.521-05:00  INFO 8500 --- [loadroute-backend] [pool-2-thread-1] c.l.algorithm.SimulatedAnnealing         : SA-Opt reheat #5 | T=2.43 | costo: 19.00
2026-06-02T04:09:51.522-05:00  INFO 8500 --- [loadroute-backend] [pool-2-thread-1] c.l.algorithm.SimulatedAnnealing         : SA-Opt fin | iter: 4669 | reheats: 5 | mejoras: 567 | peores: 664 | cache: 2317 hits | costo: 19.00 -> 19.00 (0.0%) | tiempo: 0.0s
2026-06-02T04:09:51.523-05:00  INFO 8500 --- [loadroute-backend] [pool-2-thread-1] c.l.algorithm.SimulatedAnnealing         : SA-Opt inicio | T0=1000.0 | costo greedy: 26.00 | envios: 2/2
2026-06-02T04:09:51.525-05:00  INFO 8500 --- [loadroute-backend] [pool-2-thread-1] c.l.algorithm.SimulatedAnnealing         : SA-Opt reheat #1 | T=300.00 | costo: 26.00
2026-06-02T04:09:51.527-05:00  INFO 8500 --- [loadroute-backend] [pool-2-thread-1] c.l.algorithm.SimulatedAnnealing         : SA-Opt reheat #2 | T=90.00 | costo: 26.00
2026-06-02T04:09:51.528-05:00  INFO 8500 --- [loadroute-backend] [pool-2-thread-1] c.l.algorithm.SimulatedAnnealing         : SA-Opt reheat #3 | T=27.00 | costo: 26.00
2026-06-02T04:09:51.529-05:00  INFO 8500 --- [loadroute-backend] [pool-2-thread-1] c.l.algorithm.SimulatedAnnealing         : SA-Opt reheat #4 | T=8.10 | costo: 26.00
2026-06-02T04:09:51.529-05:00  INFO 8500 --- [loadroute-backend] [pool-2-thread-1] c.l.algorithm.SimulatedAnnealing         : SA-Opt reheat #5 | T=2.43 | costo: 26.00
2026-06-02T04:09:51.530-05:00  INFO 8500 --- [loadroute-backend] [pool-2-thread-1] c.l.algorithm.SimulatedAnnealing         : SA-Opt fin | iter: 4669 | reheats: 5 | mejoras: 529 | peores: 549 | cache: 2331 hits | costo: 26.00 -> 26.00 (0.0%) | tiempo: 0.0s
2026-06-02T04:09:51.530-05:00  INFO 8500 --- [loadroute-backend] [pool-2-thread-1] c.l.algorithm.SimulatedAnnealing         : SA-Opt inicio | T0=1000.0 | costo greedy: 34.00 | envios: 2/2
2026-06-02T04:09:51.532-05:00  INFO 8500 --- [loadroute-backend] [pool-2-thread-1] c.l.algorithm.SimulatedAnnealing         : SA-Opt reheat #1 | T=300.00 | costo: 34.00
2026-06-02T04:09:51.533-05:00  INFO 8500 --- [loadroute-backend] [pool-2-thread-1] c.l.algorithm.SimulatedAnnealing         : SA-Opt reheat #2 | T=90.00 | costo: 34.00
2026-06-02T04:09:51.535-05:00  INFO 8500 --- [loadroute-backend] [pool-2-thread-1] c.l.algorithm.SimulatedAnnealing         : SA-Opt reheat #3 | T=27.00 | costo: 34.00
2026-06-02T04:09:51.536-05:00  INFO 8500 --- [loadroute-backend] [pool-2-thread-1] c.l.algorithm.SimulatedAnnealing         : SA-Opt reheat #4 | T=8.10 | costo: 34.00
2026-06-02T04:09:51.537-05:00  INFO 8500 --- [loadroute-backend] [pool-2-thread-1] c.l.algorithm.SimulatedAnnealing         : SA-Opt reheat #5 | T=2.43 | costo: 34.00
2026-06-02T04:09:51.537-05:00  INFO 8500 --- [loadroute-backend] [pool-2-thread-1] c.l.algorithm.SimulatedAnnealing         : SA-Opt fin | iter: 4669 | reheats: 5 | mejoras: 489 | peores: 646 | cache: 2367 hits | costo: 34.00 -> 34.00 (0.0%) | tiempo: 0.0s
2026-06-02T04:09:51.540-05:00  INFO 8500 --- [loadroute-backend] [pool-2-thread-1] c.l.algorithm.SimulatedAnnealing         : SA-Opt inicio | T0=1000.0 | costo greedy: 99.00 | envios: 8/8
2026-06-02T04:09:51.545-05:00  INFO 8500 --- [loadroute-backend] [pool-2-thread-1] c.l.algorithm.SimulatedAnnealing         : SA-Opt reheat #1 | T=300.00 | costo: 99.00
2026-06-02T04:09:51.546-05:00  INFO 8500 --- [loadroute-backend] [pool-2-thread-1] c.l.algorithm.SimulatedAnnealing         : SA-Opt reheat #2 | T=90.00 | costo: 99.00
2026-06-02T04:09:51.547-05:00  INFO 8500 --- [loadroute-backend] [pool-2-thread-1] c.l.algorithm.SimulatedAnnealing         : SA-Opt reheat #3 | T=27.00 | costo: 99.00
2026-06-02T04:09:51.548-05:00  INFO 8500 --- [loadroute-backend] [pool-2-thread-1] c.l.algorithm.SimulatedAnnealing         : SA-Opt reheat #4 | T=8.10 | costo: 99.00
2026-06-02T04:09:51.548-05:00  INFO 8500 --- [loadroute-backend] [pool-2-thread-1] c.l.algorithm.SimulatedAnnealing         : SA-Opt reheat #5 | T=2.43 | costo: 99.00
2026-06-02T04:09:51.548-05:00  INFO 8500 --- [loadroute-backend] [pool-2-thread-1] c.l.algorithm.SimulatedAnnealing         : SA-Opt fin | iter: 4669 | reheats: 5 | mejoras: 566 | peores: 714 | cache: 2319 hits | costo: 99.00 -> 99.00 (0.0%) | tiempo: 0.0s
2026-06-02T04:09:51.548-05:00  INFO 8500 --- [loadroute-backend] [pool-2-thread-1] c.l.algorithm.SimulatedAnnealing         : SA-Opt inicio | T0=1000.0 | costo greedy: 61.00 | envios: 5/5
2026-06-02T04:09:51.553-05:00  INFO 8500 --- [loadroute-backend] [pool-2-thread-1] c.l.algorithm.SimulatedAnnealing         : SA-Opt reheat #1 | T=300.00 | costo: 61.00
2026-06-02T04:09:51.553-05:00  INFO 8500 --- [loadroute-backend] [pool-2-thread-1] c.l.algorithm.SimulatedAnnealing         : SA-Opt reheat #2 | T=90.00 | costo: 61.00
2026-06-02T04:09:51.553-05:00  INFO 8500 --- [loadroute-backend] [pool-2-thread-1] c.l.algorithm.SimulatedAnnealing         : SA-Opt reheat #3 | T=27.00 | costo: 61.00
2026-06-02T04:09:51.553-05:00  INFO 8500 --- [loadroute-backend] [pool-2-thread-1] c.l.algorithm.SimulatedAnnealing         : SA-Opt reheat #4 | T=8.10 | costo: 61.00
2026-06-02T04:09:51.553-05:00  INFO 8500 --- [loadroute-backend] [pool-2-thread-1] c.l.algorithm.SimulatedAnnealing         : SA-Opt reheat #5 | T=2.43 | costo: 61.00
2026-06-02T04:09:51.553-05:00  INFO 8500 --- [loadroute-backend] [pool-2-thread-1] c.l.algorithm.SimulatedAnnealing         : SA-Opt fin | iter: 4669 | reheats: 5 | mejoras: 535 | peores: 593 | cache: 2323 hits | costo: 61.00 -> 61.00 (0.0%) | tiempo: 0.0s
2026-06-02T04:09:51.553-05:00  INFO 8500 --- [loadroute-backend] [pool-2-thread-1] c.l.algorithm.SimulatedAnnealing         : SA-Opt inicio | T0=1000.0 | costo greedy: 22.00 | envios: 2/2
2026-06-02T04:09:51.560-05:00  INFO 8500 --- [loadroute-backend] [pool-2-thread-1] c.l.algorithm.SimulatedAnnealing         : SA-Opt reheat #1 | T=300.00 | costo: 22.00
2026-06-02T04:09:51.562-05:00  INFO 8500 --- [loadroute-backend] [pool-2-thread-1] c.l.algorithm.SimulatedAnnealing         : SA-Opt reheat #2 | T=90.00 | costo: 22.00
2026-06-02T04:09:51.563-05:00  INFO 8500 --- [loadroute-backend] [pool-2-thread-1] c.l.algorithm.SimulatedAnnealing         : SA-Opt reheat #3 | T=27.00 | costo: 22.00
2026-06-02T04:09:51.564-05:00  INFO 8500 --- [loadroute-backend] [pool-2-thread-1] c.l.algorithm.SimulatedAnnealing         : SA-Opt reheat #4 | T=8.10 | costo: 22.00
2026-06-02T04:09:51.565-05:00  INFO 8500 --- [loadroute-backend] [pool-2-thread-1] c.l.algorithm.SimulatedAnnealing         : SA-Opt reheat #5 | T=2.43 | costo: 22.00
2026-06-02T04:09:51.565-05:00  INFO 8500 --- [loadroute-backend] [pool-2-thread-1] c.l.algorithm.SimulatedAnnealing         : SA-Opt fin | iter: 4669 | reheats: 5 | mejoras: 558 | peores: 623 | cache: 2322 hits | costo: 22.00 -> 22.00 (0.0%) | tiempo: 0.0s
2026-06-02T04:09:51.566-05:00  INFO 8500 --- [loadroute-backend] [pool-2-thread-1] c.l.algorithm.SimulatedAnnealing         : SA-Opt inicio | T0=1000.0 | costo greedy: 21.00 | envios: 2/2
2026-06-02T04:09:51.568-05:00  INFO 8500 --- [loadroute-backend] [pool-2-thread-1] c.l.algorithm.SimulatedAnnealing         : SA-Opt reheat #1 | T=300.00 | costo: 21.00
2026-06-02T04:09:51.570-05:00  INFO 8500 --- [loadroute-backend] [pool-2-thread-1] c.l.algorithm.SimulatedAnnealing         : SA-Opt reheat #2 | T=90.00 | costo: 21.00
2026-06-02T04:09:51.570-05:00  INFO 8500 --- [loadroute-backend] [pool-2-thread-1] c.l.algorithm.SimulatedAnnealing         : SA-Opt reheat #3 | T=27.00 | costo: 21.00
2026-06-02T04:09:51.571-05:00  INFO 8500 --- [loadroute-backend] [pool-2-thread-1] c.l.algorithm.SimulatedAnnealing         : SA-Opt reheat #4 | T=8.10 | costo: 21.00
2026-06-02T04:09:51.573-05:00  INFO 8500 --- [loadroute-backend] [pool-2-thread-1] c.l.algorithm.SimulatedAnnealing         : SA-Opt reheat #5 | T=2.43 | costo: 21.00
2026-06-02T04:09:51.573-05:00  INFO 8500 --- [loadroute-backend] [pool-2-thread-1] c.l.algorithm.SimulatedAnnealing         : SA-Opt fin | iter: 4669 | reheats: 5 | mejoras: 545 | peores: 687 | cache: 2322 hits | costo: 21.00 -> 21.00 (0.0%) | tiempo: 0.0s
2026-06-02T04:09:51.573-05:00  INFO 8500 --- [loadroute-backend] [pool-2-thread-1] c.l.algorithm.SimulatedAnnealing         : SA-Opt inicio | T0=1000.0 | costo greedy: 18.00 | envios: 1/1
2026-06-02T04:09:51.575-05:00  INFO 8500 --- [loadroute-backend] [pool-2-thread-1] c.l.algorithm.SimulatedAnnealing         : SA-Opt reheat #1 | T=300.00 | costo: 18.00
2026-06-02T04:09:51.577-05:00  INFO 8500 --- [loadroute-backend] [pool-2-thread-1] c.l.algorithm.SimulatedAnnealing         : SA-Opt reheat #2 | T=90.00 | costo: 18.00
2026-06-02T04:09:51.578-05:00  INFO 8500 --- [loadroute-backend] [pool-2-thread-1] c.l.algorithm.SimulatedAnnealing         : SA-Opt reheat #3 | T=27.00 | costo: 18.00
2026-06-02T04:09:51.579-05:00  INFO 8500 --- [loadroute-backend] [pool-2-thread-1] c.l.algorithm.SimulatedAnnealing         : SA-Opt reheat #4 | T=8.10 | costo: 18.00
2026-06-02T04:09:51.580-05:00  INFO 8500 --- [loadroute-backend] [pool-2-thread-1] c.l.algorithm.SimulatedAnnealing         : SA-Opt reheat #5 | T=2.43 | costo: 18.00
2026-06-02T04:09:51.580-05:00  INFO 8500 --- [loadroute-backend] [pool-2-thread-1] c.l.algorithm.SimulatedAnnealing         : SA-Opt fin | iter: 4669 | reheats: 5 | mejoras: 504 | peores: 700 | cache: 2352 hits | costo: 18.00 -> 18.00 (0.0%) | tiempo: 0.0s
2026-06-02T04:09:51.580-05:00  INFO 8500 --- [loadroute-backend] [pool-2-thread-1] c.l.algorithm.SimulatedAnnealing         : SA-Opt inicio | T0=1000.0 | costo greedy: 6.00 | envios: 1/1
2026-06-02T04:09:51.583-05:00  INFO 8500 --- [loadroute-backend] [pool-2-thread-1] c.l.algorithm.SimulatedAnnealing         : SA-Opt reheat #1 | T=300.00 | costo: 6.00
2026-06-02T04:09:51.584-05:00  INFO 8500 --- [loadroute-backend] [pool-2-thread-1] c.l.algorithm.SimulatedAnnealing         : SA-Opt reheat #2 | T=90.00 | costo: 6.00
2026-06-02T04:09:51.586-05:00  INFO 8500 --- [loadroute-backend] [pool-2-thread-1] c.l.algorithm.SimulatedAnnealing         : SA-Opt reheat #3 | T=27.00 | costo: 6.00
2026-06-02T04:09:51.587-05:00  INFO 8500 --- [loadroute-backend] [pool-2-thread-1] c.l.algorithm.SimulatedAnnealing         : SA-Opt reheat #4 | T=8.10 | costo: 6.00
2026-06-02T04:09:51.587-05:00  INFO 8500 --- [loadroute-backend] [pool-2-thread-1] c.l.algorithm.SimulatedAnnealing         : SA-Opt reheat #5 | T=2.43 | costo: 6.00
2026-06-02T04:09:51.588-05:00  INFO 8500 --- [loadroute-backend] [pool-2-thread-1] c.l.algorithm.SimulatedAnnealing         : SA-Opt fin | iter: 4669 | reheats: 5 | mejoras: 609 | peores: 856 | cache: 2378 hits | costo: 6.00 -> 6.00 (0.0%) | tiempo: 0.0s
2026-06-02T04:09:51.589-05:00  INFO 8500 --- [loadroute-backend] [pool-2-thread-1] c.l.algorithm.SimulatedAnnealing         : SA-Opt inicio | T0=1000.0 | costo greedy: 24.00 | envios: 3/3
2026-06-02T04:09:51.593-05:00  INFO 8500 --- [loadroute-backend] [pool-2-thread-1] c.l.algorithm.SimulatedAnnealing         : SA-Opt reheat #1 | T=300.00 | costo: 24.00
2026-06-02T04:09:51.595-05:00  INFO 8500 --- [loadroute-backend] [pool-2-thread-1] c.l.algorithm.SimulatedAnnealing         : SA-Opt reheat #2 | T=90.00 | costo: 24.00
2026-06-02T04:09:51.596-05:00  INFO 8500 --- [loadroute-backend] [pool-2-thread-1] c.l.algorithm.SimulatedAnnealing         : SA-Opt reheat #3 | T=27.00 | costo: 24.00
2026-06-02T04:09:51.597-05:00  INFO 8500 --- [loadroute-backend] [pool-2-thread-1] c.l.algorithm.SimulatedAnnealing         : SA-Opt reheat #4 | T=8.10 | costo: 24.00
2026-06-02T04:09:51.598-05:00  INFO 8500 --- [loadroute-backend] [pool-2-thread-1] c.l.algorithm.SimulatedAnnealing         : SA-Opt reheat #5 | T=2.43 | costo: 24.00
2026-06-02T04:09:51.599-05:00  INFO 8500 --- [loadroute-backend] [pool-2-thread-1] c.l.algorithm.SimulatedAnnealing         : SA-Opt fin | iter: 4669 | reheats: 5 | mejoras: 530 | peores: 707 | cache: 2369 hits | costo: 24.00 -> 24.00 (0.0%) | tiempo: 0.0s
2026-06-02T04:09:51.600-05:00  INFO 8500 --- [loadroute-backend] [pool-2-thread-1] c.l.algorithm.SimulatedAnnealing         : SA-Opt inicio | T0=1000.0 | costo greedy: 27.00 | envios: 3/3
2026-06-02T04:09:51.603-05:00  INFO 8500 --- [loadroute-backend] [pool-2-thread-1] c.l.algorithm.SimulatedAnnealing         : SA-Opt reheat #1 | T=300.00 | costo: 27.00
2026-06-02T04:09:51.604-05:00  INFO 8500 --- [loadroute-backend] [pool-2-thread-1] c.l.algorithm.SimulatedAnnealing         : SA-Opt reheat #2 | T=90.00 | costo: 27.00
2026-06-02T04:09:51.605-05:00  INFO 8500 --- [loadroute-backend] [pool-2-thread-1] c.l.algorithm.SimulatedAnnealing         : SA-Opt reheat #3 | T=27.00 | costo: 27.00
2026-06-02T04:09:51.606-05:00  INFO 8500 --- [loadroute-backend] [pool-2-thread-1] c.l.algorithm.SimulatedAnnealing         : SA-Opt reheat #4 | T=8.10 | costo: 27.00
2026-06-02T04:09:51.607-05:00  INFO 8500 --- [loadroute-backend] [pool-2-thread-1] c.l.algorithm.SimulatedAnnealing         : SA-Opt reheat #5 | T=2.43 | costo: 27.00
2026-06-02T04:09:51.608-05:00  INFO 8500 --- [loadroute-backend] [pool-2-thread-1] c.l.algorithm.SimulatedAnnealing         : SA-Opt fin | iter: 4669 | reheats: 5 | mejoras: 550 | peores: 648 | cache: 2338 hits | costo: 27.00 -> 27.00 (0.0%) | tiempo: 0.0s
2026-06-02T04:09:51.610-05:00  INFO 8500 --- [loadroute-backend] [pool-2-thread-1] c.l.algorithm.SimulatedAnnealing         : SA-Opt inicio | T0=1000.0 | costo greedy: 76.00 | envios: 6/6
2026-06-02T04:09:51.613-05:00  INFO 8500 --- [loadroute-backend] [pool-2-thread-1] c.l.algorithm.SimulatedAnnealing         : SA-Opt reheat #1 | T=300.00 | costo: 76.00
2026-06-02T04:09:51.615-05:00  INFO 8500 --- [loadroute-backend] [pool-2-thread-1] c.l.algorithm.SimulatedAnnealing         : SA-Opt reheat #2 | T=90.00 | costo: 76.00
2026-06-02T04:09:51.616-05:00  INFO 8500 --- [loadroute-backend] [pool-2-thread-1] c.l.algorithm.SimulatedAnnealing         : SA-Opt reheat #3 | T=27.00 | costo: 76.00
2026-06-02T04:09:51.618-05:00  INFO 8500 --- [loadroute-backend] [pool-2-thread-1] c.l.algorithm.SimulatedAnnealing         : SA-Opt reheat #4 | T=8.10 | costo: 76.00
2026-06-02T04:09:51.618-05:00  INFO 8500 --- [loadroute-backend] [pool-2-thread-1] c.l.algorithm.SimulatedAnnealing         : SA-Opt reheat #5 | T=2.43 | costo: 76.00
2026-06-02T04:09:51.619-05:00  INFO 8500 --- [loadroute-backend] [pool-2-thread-1] c.l.algorithm.SimulatedAnnealing         : SA-Opt fin | iter: 4669 | reheats: 5 | mejoras: 578 | peores: 710 | cache: 2307 hits | costo: 76.00 -> 76.00 (0.0%) | tiempo: 0.0s
2026-06-02T04:09:51.620-05:00  INFO 8500 --- [loadroute-backend] [pool-2-thread-1] c.l.algorithm.SimulatedAnnealing         : SA-Opt inicio | T0=1000.0 | costo greedy: 91.00 | envios: 6/6
2026-06-02T04:09:51.624-05:00  INFO 8500 --- [loadroute-backend] [pool-2-thread-1] c.l.algorithm.SimulatedAnnealing         : SA-Opt reheat #1 | T=300.00 | costo: 91.00
2026-06-02T04:09:51.625-05:00  INFO 8500 --- [loadroute-backend] [pool-2-thread-1] c.l.algorithm.SimulatedAnnealing         : SA-Opt reheat #2 | T=90.00 | costo: 91.00
2026-06-02T04:09:51.627-05:00  INFO 8500 --- [loadroute-backend] [pool-2-thread-1] c.l.algorithm.SimulatedAnnealing         : SA-Opt reheat #3 | T=27.00 | costo: 91.00
2026-06-02T04:09:51.627-05:00  INFO 8500 --- [loadroute-backend] [pool-2-thread-1] c.l.algorithm.SimulatedAnnealing         : SA-Opt reheat #4 | T=8.10 | costo: 91.00
2026-06-02T04:09:51.628-05:00  INFO 8500 --- [loadroute-backend] [pool-2-thread-1] c.l.algorithm.SimulatedAnnealing         : SA-Opt reheat #5 | T=2.43 | costo: 91.00
2026-06-02T04:09:51.628-05:00  INFO 8500 --- [loadroute-backend] [pool-2-thread-1] c.l.algorithm.SimulatedAnnealing         : SA-Opt fin | iter: 4669 | reheats: 5 | mejoras: 569 | peores: 708 | cache: 2318 hits | costo: 91.00 -> 91.00 (0.0%) | tiempo: 0.0s
2026-06-02T04:09:51.630-05:00  INFO 8500 --- [loadroute-backend] [pool-2-thread-1] c.l.algorithm.SimulatedAnnealing         : SA-Opt inicio | T0=1000.0 | costo greedy: 17.00 | envios: 3/3
2026-06-02T04:09:51.633-05:00  INFO 8500 --- [loadroute-backend] [pool-2-thread-1] c.l.algorithm.SimulatedAnnealing         : SA-Opt reheat #1 | T=300.00 | costo: 17.00
2026-06-02T04:09:51.635-05:00  INFO 8500 --- [loadroute-backend] [pool-2-thread-1] c.l.algorithm.SimulatedAnnealing         : SA-Opt reheat #2 | T=90.00 | costo: 17.00
2026-06-02T04:09:51.636-05:00  INFO 8500 --- [loadroute-backend] [pool-2-thread-1] c.l.algorithm.SimulatedAnnealing         : SA-Opt reheat #3 | T=27.00 | costo: 17.00
2026-06-02T04:09:51.637-05:00  INFO 8500 --- [loadroute-backend] [pool-2-thread-1] c.l.algorithm.SimulatedAnnealing         : SA-Opt reheat #4 | T=8.10 | costo: 17.00
2026-06-02T04:09:51.638-05:00  INFO 8500 --- [loadroute-backend] [pool-2-thread-1] c.l.algorithm.SimulatedAnnealing         : SA-Opt reheat #5 | T=2.43 | costo: 17.00
2026-06-02T04:09:51.638-05:00  INFO 8500 --- [loadroute-backend] [pool-2-thread-1] c.l.algorithm.SimulatedAnnealing         : SA-Opt fin | iter: 4669 | reheats: 5 | mejoras: 626 | peores: 724 | cache: 2404 hits | costo: 17.00 -> 17.00 (0.0%) | tiempo: 0.0s
2026-06-02T04:09:51.639-05:00  INFO 8500 --- [loadroute-backend] [pool-2-thread-1] c.l.algorithm.SimulatedAnnealing         : SA-Opt inicio | T0=1000.0 | costo greedy: 68.00 | envios: 5/5
2026-06-02T04:09:51.642-05:00  INFO 8500 --- [loadroute-backend] [pool-2-thread-1] c.l.algorithm.SimulatedAnnealing         : SA-Opt reheat #1 | T=300.00 | costo: 68.00
2026-06-02T04:09:51.643-05:00  INFO 8500 --- [loadroute-backend] [pool-2-thread-1] c.l.algorithm.SimulatedAnnealing         : SA-Opt reheat #2 | T=90.00 | costo: 68.00
2026-06-02T04:09:51.644-05:00  INFO 8500 --- [loadroute-backend] [pool-2-thread-1] c.l.algorithm.SimulatedAnnealing         : SA-Opt reheat #3 | T=27.00 | costo: 68.00
2026-06-02T04:09:51.645-05:00  INFO 8500 --- [loadroute-backend] [pool-2-thread-1] c.l.algorithm.SimulatedAnnealing         : SA-Opt reheat #4 | T=8.10 | costo: 68.00
2026-06-02T04:09:51.646-05:00  INFO 8500 --- [loadroute-backend] [pool-2-thread-1] c.l.algorithm.SimulatedAnnealing         : SA-Opt reheat #5 | T=2.43 | costo: 68.00
2026-06-02T04:09:51.647-05:00  INFO 8500 --- [loadroute-backend] [pool-2-thread-1] c.l.algorithm.SimulatedAnnealing         : SA-Opt fin | iter: 4669 | reheats: 5 | mejoras: 532 | peores: 624 | cache: 2327 hits | costo: 68.00 -> 68.00 (0.0%) | tiempo: 0.0s
2026-06-02T04:09:51.647-05:00  INFO 8500 --- [loadroute-backend] [pool-2-thread-1] c.l.algorithm.SimulatedAnnealing         : SA-Opt inicio | T0=1000.0 | costo greedy: 37.00 | envios: 2/2
2026-06-02T04:09:51.649-05:00  INFO 8500 --- [loadroute-backend] [pool-2-thread-1] c.l.algorithm.SimulatedAnnealing         : SA-Opt reheat #1 | T=300.00 | costo: 37.00
2026-06-02T04:09:51.650-05:00  INFO 8500 --- [loadroute-backend] [pool-2-thread-1] c.l.algorithm.SimulatedAnnealing         : SA-Opt reheat #2 | T=90.00 | costo: 37.00
2026-06-02T04:09:51.652-05:00  INFO 8500 --- [loadroute-backend] [pool-2-thread-1] c.l.algorithm.SimulatedAnnealing         : SA-Opt reheat #3 | T=27.00 | costo: 37.00
2026-06-02T04:09:51.653-05:00  INFO 8500 --- [loadroute-backend] [pool-2-thread-1] c.l.algorithm.SimulatedAnnealing         : SA-Opt reheat #4 | T=8.10 | costo: 37.00
2026-06-02T04:09:51.653-05:00  INFO 8500 --- [loadroute-backend] [pool-2-thread-1] c.l.algorithm.SimulatedAnnealing         : SA-Opt reheat #5 | T=2.43 | costo: 37.00
2026-06-02T04:09:51.653-05:00  INFO 8500 --- [loadroute-backend] [pool-2-thread-1] c.l.algorithm.SimulatedAnnealing         : SA-Opt fin | iter: 4669 | reheats: 5 | mejoras: 537 | peores: 566 | cache: 2324 hits | costo: 37.00 -> 37.00 (0.0%) | tiempo: 0.0s
2026-06-02T04:09:51.654-05:00  INFO 8500 --- [loadroute-backend] [pool-2-thread-1] c.l.algorithm.SimulatedAnnealing         : SA-Opt inicio | T0=1000.0 | costo greedy: 34.00 | envios: 2/2
2026-06-02T04:09:51.657-05:00  INFO 8500 --- [loadroute-backend] [pool-2-thread-1] c.l.algorithm.SimulatedAnnealing         : SA-Opt reheat #1 | T=300.00 | costo: 34.00
2026-06-02T04:09:51.658-05:00  INFO 8500 --- [loadroute-backend] [pool-2-thread-1] c.l.algorithm.SimulatedAnnealing         : SA-Opt reheat #2 | T=90.00 | costo: 34.00
2026-06-02T04:09:51.659-05:00  INFO 8500 --- [loadroute-backend] [pool-2-thread-1] c.l.algorithm.SimulatedAnnealing         : SA-Opt reheat #3 | T=27.00 | costo: 34.00
2026-06-02T04:09:51.660-05:00  INFO 8500 --- [loadroute-backend] [pool-2-thread-1] c.l.algorithm.SimulatedAnnealing         : SA-Opt reheat #4 | T=8.10 | costo: 34.00
2026-06-02T04:09:51.662-05:00  INFO 8500 --- [loadroute-backend] [pool-2-thread-1] c.l.algorithm.SimulatedAnnealing         : SA-Opt reheat #5 | T=2.43 | costo: 34.00
2026-06-02T04:09:51.662-05:00  INFO 8500 --- [loadroute-backend] [pool-2-thread-1] c.l.algorithm.SimulatedAnnealing         : SA-Opt fin | iter: 4669 | reheats: 5 | mejoras: 527 | peores: 654 | cache: 2350 hits | costo: 34.00 -> 34.00 (0.0%) | tiempo: 0.0s
2026-06-02T04:09:51.664-05:00  INFO 8500 --- [loadroute-backend] [pool-2-thread-1] c.l.algorithm.SimulatedAnnealing         : SA-Opt inicio | T0=1000.0 | costo greedy: 87.00 | envios: 7/7
2026-06-02T04:09:51.667-05:00  INFO 8500 --- [loadroute-backend] [pool-2-thread-1] c.l.algorithm.SimulatedAnnealing         : SA-Opt reheat #1 | T=300.00 | costo: 87.00
2026-06-02T04:09:51.668-05:00  INFO 8500 --- [loadroute-backend] [pool-2-thread-1] c.l.algorithm.SimulatedAnnealing         : SA-Opt reheat #2 | T=90.00 | costo: 87.00
2026-06-02T04:09:51.670-05:00  INFO 8500 --- [loadroute-backend] [pool-2-thread-1] c.l.algorithm.SimulatedAnnealing         : SA-Opt reheat #3 | T=27.00 | costo: 87.00
2026-06-02T04:09:51.670-05:00  INFO 8500 --- [loadroute-backend] [pool-2-thread-1] c.l.algorithm.SimulatedAnnealing         : SA-Opt reheat #4 | T=8.10 | costo: 87.00
2026-06-02T04:09:51.671-05:00  INFO 8500 --- [loadroute-backend] [pool-2-thread-1] c.l.algorithm.SimulatedAnnealing         : SA-Opt reheat #5 | T=2.43 | costo: 87.00
2026-06-02T04:09:51.671-05:00  INFO 8500 --- [loadroute-backend] [pool-2-thread-1] c.l.algorithm.SimulatedAnnealing         : SA-Opt fin | iter: 4669 | reheats: 5 | mejoras: 615 | peores: 677 | cache: 2332 hits | costo: 87.00 -> 87.00 (0.0%) | tiempo: 0.0s
2026-06-02T04:09:51.673-05:00  INFO 8500 --- [loadroute-backend] [pool-2-thread-1] c.l.algorithm.SimulatedAnnealing         : SA-Opt inicio | T0=1000.0 | costo greedy: 46.00 | envios: 5/5
2026-06-02T04:09:51.676-05:00  INFO 8500 --- [loadroute-backend] [pool-2-thread-1] c.l.algorithm.SimulatedAnnealing         : SA-Opt reheat #1 | T=300.00 | costo: 46.00
2026-06-02T04:09:51.678-05:00  INFO 8500 --- [loadroute-backend] [pool-2-thread-1] c.l.algorithm.SimulatedAnnealing         : SA-Opt reheat #2 | T=90.00 | costo: 46.00
2026-06-02T04:09:51.679-05:00  INFO 8500 --- [loadroute-backend] [pool-2-thread-1] c.l.algorithm.SimulatedAnnealing         : SA-Opt reheat #3 | T=27.00 | costo: 46.00
2026-06-02T04:09:51.680-05:00  INFO 8500 --- [loadroute-backend] [pool-2-thread-1] c.l.algorithm.SimulatedAnnealing         : SA-Opt reheat #4 | T=8.10 | costo: 46.00
2026-06-02T04:09:51.681-05:00  INFO 8500 --- [loadroute-backend] [pool-2-thread-1] c.l.algorithm.SimulatedAnnealing         : SA-Opt reheat #5 | T=2.43 | costo: 46.00
2026-06-02T04:09:51.681-05:00  INFO 8500 --- [loadroute-backend] [pool-2-thread-1] c.l.algorithm.SimulatedAnnealing         : SA-Opt fin | iter: 4669 | reheats: 5 | mejoras: 549 | peores: 650 | cache: 2319 hits | costo: 46.00 -> 46.00 (0.0%) | tiempo: 0.0s
2026-06-02T04:09:51.681-05:00  INFO 8500 --- [loadroute-backend] [pool-2-thread-1] c.l.algorithm.SimulatedAnnealing         : SA-Opt inicio | T0=1000.0 | costo greedy: 38.00 | envios: 2/2
2026-06-02T04:09:51.683-05:00  INFO 8500 --- [loadroute-backend] [pool-2-thread-1] c.l.algorithm.SimulatedAnnealing         : SA-Opt reheat #1 | T=300.00 | costo: 38.00
2026-06-02T04:09:51.685-05:00  INFO 8500 --- [loadroute-backend] [pool-2-thread-1] c.l.algorithm.SimulatedAnnealing         : SA-Opt reheat #2 | T=90.00 | costo: 38.00
2026-06-02T04:09:51.686-05:00  INFO 8500 --- [loadroute-backend] [pool-2-thread-1] c.l.algorithm.SimulatedAnnealing         : SA-Opt reheat #3 | T=27.00 | costo: 38.00
2026-06-02T04:09:51.687-05:00  INFO 8500 --- [loadroute-backend] [pool-2-thread-1] c.l.algorithm.SimulatedAnnealing         : SA-Opt reheat #4 | T=8.10 | costo: 38.00
2026-06-02T04:09:51.688-05:00  INFO 8500 --- [loadroute-backend] [pool-2-thread-1] c.l.algorithm.SimulatedAnnealing         : SA-Opt reheat #5 | T=2.43 | costo: 38.00
2026-06-02T04:09:51.689-05:00  INFO 8500 --- [loadroute-backend] [pool-2-thread-1] c.l.algorithm.SimulatedAnnealing         : SA-Opt fin | iter: 4669 | reheats: 5 | mejoras: 477 | peores: 621 | cache: 2330 hits | costo: 38.00 -> 38.00 (0.0%) | tiempo: 0.0s
2026-06-02T04:09:51.690-05:00  INFO 8500 --- [loadroute-backend] [pool-2-thread-1] c.l.algorithm.SimulatedAnnealing         : SA-Opt inicio | T0=1000.0 | costo greedy: 59.00 | envios: 5/5
2026-06-02T04:09:51.693-05:00  INFO 8500 --- [loadroute-backend] [pool-2-thread-1] c.l.algorithm.SimulatedAnnealing         : SA-Opt reheat #1 | T=300.00 | costo: 59.00
2026-06-02T04:09:51.695-05:00  INFO 8500 --- [loadroute-backend] [pool-2-thread-1] c.l.algorithm.SimulatedAnnealing         : SA-Opt reheat #2 | T=90.00 | costo: 59.00
2026-06-02T04:09:51.696-05:00  INFO 8500 --- [loadroute-backend] [pool-2-thread-1] c.l.algorithm.SimulatedAnnealing         : SA-Opt reheat #3 | T=27.00 | costo: 59.00
2026-06-02T04:09:51.697-05:00  INFO 8500 --- [loadroute-backend] [pool-2-thread-1] c.l.algorithm.SimulatedAnnealing         : SA-Opt reheat #4 | T=8.10 | costo: 59.00
2026-06-02T04:09:51.698-05:00  INFO 8500 --- [loadroute-backend] [pool-2-thread-1] c.l.algorithm.SimulatedAnnealing         : SA-Opt reheat #5 | T=2.43 | costo: 59.00
2026-06-02T04:09:51.698-05:00  INFO 8500 --- [loadroute-backend] [pool-2-thread-1] c.l.algorithm.SimulatedAnnealing         : SA-Opt fin | iter: 4669 | reheats: 5 | mejoras: 540 | peores: 616 | cache: 2391 hits | costo: 59.00 -> 59.00 (0.0%) | tiempo: 0.0s
2026-06-02T04:09:51.699-05:00  INFO 8500 --- [loadroute-backend] [pool-2-thread-1] c.l.algorithm.SimulatedAnnealing         : SA-Opt inicio | T0=1000.0 | costo greedy: 23.00 | envios: 1/1
2026-06-02T04:09:51.700-05:00  INFO 8500 --- [loadroute-backend] [pool-2-thread-1] c.l.algorithm.SimulatedAnnealing         : SA-Opt reheat #1 | T=300.00 | costo: 23.00
2026-06-02T04:09:51.701-05:00  INFO 8500 --- [loadroute-backend] [pool-2-thread-1] c.l.algorithm.SimulatedAnnealing         : SA-Opt reheat #2 | T=90.00 | costo: 23.00
2026-06-02T04:09:51.703-05:00  INFO 8500 --- [loadroute-backend] [pool-2-thread-1] c.l.algorithm.SimulatedAnnealing         : SA-Opt reheat #3 | T=27.00 | costo: 23.00
2026-06-02T04:09:51.704-05:00  INFO 8500 --- [loadroute-backend] [pool-2-thread-1] c.l.algorithm.SimulatedAnnealing         : SA-Opt reheat #4 | T=8.10 | costo: 23.00
2026-06-02T04:09:51.705-05:00  INFO 8500 --- [loadroute-backend] [pool-2-thread-1] c.l.algorithm.SimulatedAnnealing         : SA-Opt reheat #5 | T=2.43 | costo: 23.00
2026-06-02T04:09:51.705-05:00  INFO 8500 --- [loadroute-backend] [pool-2-thread-1] c.l.algorithm.SimulatedAnnealing         : SA-Opt fin | iter: 4669 | reheats: 5 | mejoras: 592 | peores: 631 | cache: 2319 hits | costo: 23.00 -> 23.00 (0.0%) | tiempo: 0.0s
2026-06-02T04:09:51.706-05:00  INFO 8500 --- [loadroute-backend] [pool-2-thread-1] c.l.algorithm.SimulatedAnnealing         : SA-Opt inicio | T0=1000.0 | costo greedy: 29.00 | envios: 2/2
2026-06-02T04:09:51.708-05:00  INFO 8500 --- [loadroute-backend] [pool-2-thread-1] c.l.algorithm.SimulatedAnnealing         : SA-Opt reheat #1 | T=300.00 | costo: 29.00
2026-06-02T04:09:51.709-05:00  INFO 8500 --- [loadroute-backend] [pool-2-thread-1] c.l.algorithm.SimulatedAnnealing         : SA-Opt reheat #2 | T=90.00 | costo: 29.00
2026-06-02T04:09:51.710-05:00  INFO 8500 --- [loadroute-backend] [pool-2-thread-1] c.l.algorithm.SimulatedAnnealing         : SA-Opt reheat #3 | T=27.00 | costo: 29.00
2026-06-02T04:09:51.711-05:00  INFO 8500 --- [loadroute-backend] [pool-2-thread-1] c.l.algorithm.SimulatedAnnealing         : SA-Opt reheat #4 | T=8.10 | costo: 29.00
2026-06-02T04:09:51.711-05:00  INFO 8500 --- [loadroute-backend] [pool-2-thread-1] c.l.algorithm.SimulatedAnnealing         : SA-Opt reheat #5 | T=2.43 | costo: 29.00
2026-06-02T04:09:51.711-05:00  INFO 8500 --- [loadroute-backend] [pool-2-thread-1] c.l.algorithm.SimulatedAnnealing         : SA-Opt fin | iter: 4669 | reheats: 5 | mejoras: 472 | peores: 520 | cache: 2307 hits | costo: 29.00 -> 29.00 (0.0%) | tiempo: 0.0s
2026-06-02T04:09:51.712-05:00  INFO 8500 --- [loadroute-backend] [pool-2-thread-1] c.l.algorithm.SimulatedAnnealing         : SA-Opt inicio | T0=1000.0 | costo greedy: 40.00 | envios: 2/2
2026-06-02T04:09:51.714-05:00  INFO 8500 --- [loadroute-backend] [pool-2-thread-1] c.l.algorithm.SimulatedAnnealing         : SA-Opt reheat #1 | T=300.00 | costo: 40.00
2026-06-02T04:09:51.716-05:00  INFO 8500 --- [loadroute-backend] [pool-2-thread-1] c.l.algorithm.SimulatedAnnealing         : SA-Opt reheat #2 | T=90.00 | costo: 40.00
2026-06-02T04:09:51.717-05:00  INFO 8500 --- [loadroute-backend] [pool-2-thread-1] c.l.algorithm.SimulatedAnnealing         : SA-Opt reheat #3 | T=27.00 | costo: 40.00
2026-06-02T04:09:51.718-05:00  INFO 8500 --- [loadroute-backend] [pool-2-thread-1] c.l.algorithm.SimulatedAnnealing         : SA-Opt reheat #4 | T=8.10 | costo: 40.00
2026-06-02T04:09:51.719-05:00  INFO 8500 --- [loadroute-backend] [pool-2-thread-1] c.l.algorithm.SimulatedAnnealing         : SA-Opt reheat #5 | T=2.43 | costo: 40.00
2026-06-02T04:09:51.719-05:00  INFO 8500 --- [loadroute-backend] [pool-2-thread-1] c.l.algorithm.SimulatedAnnealing         : SA-Opt fin | iter: 4669 | reheats: 5 | mejoras: 527 | peores: 588 | cache: 2412 hits | costo: 40.00 -> 40.00 (0.0%) | tiempo: 0.0s
2026-06-02T04:09:51.719-05:00  INFO 8500 --- [loadroute-backend] [pool-2-thread-1] c.l.algorithm.SimulatedAnnealing         : SA-Opt inicio | T0=1000.0 | costo greedy: 13.00 | envios: 1/1
2026-06-02T04:09:51.720-05:00  INFO 8500 --- [loadroute-backend] [pool-2-thread-1] c.l.algorithm.SimulatedAnnealing         : SA-Opt reheat #1 | T=300.00 | costo: 13.00
2026-06-02T04:09:51.722-05:00  INFO 8500 --- [loadroute-backend] [pool-2-thread-1] c.l.algorithm.SimulatedAnnealing         : SA-Opt reheat #2 | T=90.00 | costo: 13.00
2026-06-02T04:09:51.724-05:00  INFO 8500 --- [loadroute-backend] [pool-2-thread-1] c.l.algorithm.SimulatedAnnealing         : SA-Opt reheat #3 | T=27.00 | costo: 13.00
2026-06-02T04:09:51.725-05:00  INFO 8500 --- [loadroute-backend] [pool-2-thread-1] c.l.algorithm.SimulatedAnnealing         : SA-Opt reheat #4 | T=8.10 | costo: 13.00
2026-06-02T04:09:51.725-05:00  INFO 8500 --- [loadroute-backend] [pool-2-thread-1] c.l.algorithm.SimulatedAnnealing         : SA-Opt reheat #5 | T=2.43 | costo: 13.00
2026-06-02T04:09:51.726-05:00  INFO 8500 --- [loadroute-backend] [pool-2-thread-1] c.l.algorithm.SimulatedAnnealing         : SA-Opt fin | iter: 4669 | reheats: 5 | mejoras: 429 | peores: 492 | cache: 2363 hits | costo: 13.00 -> 13.00 (0.0%) | tiempo: 0.0s
2026-06-02T04:09:51.726-05:00  INFO 8500 --- [loadroute-backend] [pool-2-thread-1] c.l.algorithm.SimulatedAnnealing         : SA-Opt inicio | T0=1000.0 | costo greedy: 18.00 | envios: 2/2
2026-06-02T04:09:51.728-05:00  INFO 8500 --- [loadroute-backend] [pool-2-thread-1] c.l.algorithm.SimulatedAnnealing         : SA-Opt reheat #1 | T=300.00 | costo: 18.00
2026-06-02T04:09:51.729-05:00  INFO 8500 --- [loadroute-backend] [pool-2-thread-1] c.l.algorithm.SimulatedAnnealing         : SA-Opt reheat #2 | T=90.00 | costo: 18.00
2026-06-02T04:09:51.730-05:00  INFO 8500 --- [loadroute-backend] [pool-2-thread-1] c.l.algorithm.SimulatedAnnealing         : SA-Opt reheat #3 | T=27.00 | costo: 18.00
2026-06-02T04:09:51.731-05:00  INFO 8500 --- [loadroute-backend] [pool-2-thread-1] c.l.algorithm.SimulatedAnnealing         : SA-Opt reheat #4 | T=8.10 | costo: 18.00
2026-06-02T04:09:51.732-05:00  INFO 8500 --- [loadroute-backend] [pool-2-thread-1] c.l.algorithm.SimulatedAnnealing         : SA-Opt reheat #5 | T=2.43 | costo: 18.00
2026-06-02T04:09:51.733-05:00  INFO 8500 --- [loadroute-backend] [pool-2-thread-1] c.l.algorithm.SimulatedAnnealing         : SA-Opt fin | iter: 4669 | reheats: 5 | mejoras: 572 | peores: 646 | cache: 2316 hits | costo: 18.00 -> 18.00 (0.0%) | tiempo: 0.0s
2026-06-02T04:09:51.733-05:00  INFO 8500 --- [loadroute-backend] [pool-2-thread-1] c.l.algorithm.SimulatedAnnealing         : SA-Opt inicio | T0=1000.0 | costo greedy: 51.00 | envios: 3/3
2026-06-02T04:09:51.735-05:00  INFO 8500 --- [loadroute-backend] [pool-2-thread-1] c.l.algorithm.SimulatedAnnealing         : SA-Opt reheat #1 | T=300.00 | costo: 51.00
2026-06-02T04:09:51.737-05:00  INFO 8500 --- [loadroute-backend] [pool-2-thread-1] c.l.algorithm.SimulatedAnnealing         : SA-Opt reheat #2 | T=90.00 | costo: 51.00
2026-06-02T04:09:51.738-05:00  INFO 8500 --- [loadroute-backend] [pool-2-thread-1] c.l.algorithm.SimulatedAnnealing         : SA-Opt reheat #3 | T=27.00 | costo: 51.00
2026-06-02T04:09:51.739-05:00  INFO 8500 --- [loadroute-backend] [pool-2-thread-1] c.l.algorithm.SimulatedAnnealing         : SA-Opt reheat #4 | T=8.10 | costo: 51.00
2026-06-02T04:09:51.740-05:00  INFO 8500 --- [loadroute-backend] [pool-2-thread-1] c.l.algorithm.SimulatedAnnealing         : SA-Opt reheat #5 | T=2.43 | costo: 51.00
2026-06-02T04:09:51.740-05:00  INFO 8500 --- [loadroute-backend] [pool-2-thread-1] c.l.algorithm.SimulatedAnnealing         : SA-Opt fin | iter: 4669 | reheats: 5 | mejoras: 536 | peores: 588 | cache: 2308 hits | costo: 51.00 -> 51.00 (0.0%) | tiempo: 0.0s
2026-06-02T04:09:51.744-05:00  INFO 8500 --- [loadroute-backend] [pool-2-thread-1] c.l.algorithm.SimulatedAnnealing         : SA-Opt inicio | T0=1000.0 | costo greedy: 48.00 | envios: 6/6
2026-06-02T04:09:51.748-05:00  INFO 8500 --- [loadroute-backend] [pool-2-thread-1] c.l.algorithm.SimulatedAnnealing         : SA-Opt reheat #1 | T=300.00 | costo: 48.00
2026-06-02T04:09:51.749-05:00  INFO 8500 --- [loadroute-backend] [pool-2-thread-1] c.l.algorithm.SimulatedAnnealing         : SA-Opt reheat #2 | T=90.00 | costo: 48.00
2026-06-02T04:09:51.751-05:00  INFO 8500 --- [loadroute-backend] [pool-2-thread-1] c.l.algorithm.SimulatedAnnealing         : SA-Opt reheat #3 | T=27.00 | costo: 48.00
2026-06-02T04:09:51.752-05:00  INFO 8500 --- [loadroute-backend] [pool-2-thread-1] c.l.algorithm.SimulatedAnnealing         : SA-Opt reheat #4 | T=8.10 | costo: 48.00
2026-06-02T04:09:51.753-05:00  INFO 8500 --- [loadroute-backend] [pool-2-thread-1] c.l.algorithm.SimulatedAnnealing         : SA-Opt reheat #5 | T=2.43 | costo: 48.00
2026-06-02T04:09:51.753-05:00  INFO 8500 --- [loadroute-backend] [pool-2-thread-1] c.l.algorithm.SimulatedAnnealing         : SA-Opt fin | iter: 4669 | reheats: 5 | mejoras: 529 | peores: 617 | cache: 2276 hits | costo: 48.00 -> 48.00 (0.0%) | tiempo: 0.0s
2026-06-02T04:09:51.755-05:00  INFO 8500 --- [loadroute-backend] [pool-2-thread-1] c.l.algorithm.SimulatedAnnealing         : SA-Opt inicio | T0=1000.0 | costo greedy: 71.00 | envios: 4/4
2026-06-02T04:09:51.759-05:00  INFO 8500 --- [loadroute-backend] [pool-2-thread-1] c.l.algorithm.SimulatedAnnealing         : SA-Opt reheat #1 | T=300.00 | costo: 71.00
2026-06-02T04:09:51.760-05:00  INFO 8500 --- [loadroute-backend] [pool-2-thread-1] c.l.algorithm.SimulatedAnnealing         : SA-Opt reheat #2 | T=90.00 | costo: 71.00
2026-06-02T04:09:51.762-05:00  INFO 8500 --- [loadroute-backend] [pool-2-thread-1] c.l.algorithm.SimulatedAnnealing         : SA-Opt reheat #3 | T=27.00 | costo: 71.00
2026-06-02T04:09:51.763-05:00  INFO 8500 --- [loadroute-backend] [pool-2-thread-1] c.l.algorithm.SimulatedAnnealing         : SA-Opt reheat #4 | T=8.10 | costo: 71.00
2026-06-02T04:09:51.764-05:00  INFO 8500 --- [loadroute-backend] [pool-2-thread-1] c.l.algorithm.SimulatedAnnealing         : SA-Opt reheat #5 | T=2.43 | costo: 71.00
2026-06-02T04:09:51.764-05:00  INFO 8500 --- [loadroute-backend] [pool-2-thread-1] c.l.algorithm.SimulatedAnnealing         : SA-Opt fin | iter: 4669 | reheats: 5 | mejoras: 573 | peores: 688 | cache: 2367 hits | costo: 71.00 -> 71.00 (0.0%) | tiempo: 0.0s
2026-06-02T04:09:51.765-05:00  INFO 8500 --- [loadroute-backend] [pool-2-thread-1] c.l.algorithm.SimulatedAnnealing         : SA-Opt inicio | T0=1000.0 | costo greedy: 29.00 | envios: 2/2
2026-06-02T04:09:51.767-05:00  INFO 8500 --- [loadroute-backend] [pool-2-thread-1] c.l.algorithm.SimulatedAnnealing         : SA-Opt reheat #1 | T=300.00 | costo: 29.00
2026-06-02T04:09:51.769-05:00  INFO 8500 --- [loadroute-backend] [pool-2-thread-1] c.l.algorithm.SimulatedAnnealing         : SA-Opt reheat #2 | T=90.00 | costo: 29.00
2026-06-02T04:09:51.770-05:00  INFO 8500 --- [loadroute-backend] [pool-2-thread-1] c.l.algorithm.SimulatedAnnealing         : SA-Opt reheat #3 | T=27.00 | costo: 29.00
2026-06-02T04:09:51.770-05:00  INFO 8500 --- [loadroute-backend] [pool-2-thread-1] c.l.algorithm.SimulatedAnnealing         : SA-Opt reheat #4 | T=8.10 | costo: 29.00
2026-06-02T04:09:51.771-05:00  INFO 8500 --- [loadroute-backend] [pool-2-thread-1] c.l.algorithm.SimulatedAnnealing         : SA-Opt reheat #5 | T=2.43 | costo: 29.00
2026-06-02T04:09:51.771-05:00  INFO 8500 --- [loadroute-backend] [pool-2-thread-1] c.l.algorithm.SimulatedAnnealing         : SA-Opt fin | iter: 4669 | reheats: 5 | mejoras: 553 | peores: 685 | cache: 2327 hits | costo: 29.00 -> 29.00 (0.0%) | tiempo: 0.0s
2026-06-02T04:09:51.772-05:00  INFO 8500 --- [loadroute-backend] [pool-2-thread-1] c.l.algorithm.SimulatedAnnealing         : SA-Opt inicio | T0=1000.0 | costo greedy: 19.00 | envios: 1/1
2026-06-02T04:09:51.773-05:00  INFO 8500 --- [loadroute-backend] [pool-2-thread-1] c.l.algorithm.SimulatedAnnealing         : SA-Opt reheat #1 | T=300.00 | costo: 19.00
2026-06-02T04:09:51.775-05:00  INFO 8500 --- [loadroute-backend] [pool-2-thread-1] c.l.algorithm.SimulatedAnnealing         : SA-Opt reheat #2 | T=90.00 | costo: 19.00
2026-06-02T04:09:51.776-05:00  INFO 8500 --- [loadroute-backend] [pool-2-thread-1] c.l.algorithm.SimulatedAnnealing         : SA-Opt reheat #3 | T=27.00 | costo: 19.00
2026-06-02T04:09:51.777-05:00  INFO 8500 --- [loadroute-backend] [pool-2-thread-1] c.l.algorithm.SimulatedAnnealing         : SA-Opt reheat #4 | T=8.10 | costo: 19.00
2026-06-02T04:09:51.778-05:00  INFO 8500 --- [loadroute-backend] [pool-2-thread-1] c.l.algorithm.SimulatedAnnealing         : SA-Opt reheat #5 | T=2.43 | costo: 19.00
2026-06-02T04:09:51.778-05:00  INFO 8500 --- [loadroute-backend] [pool-2-thread-1] c.l.algorithm.SimulatedAnnealing         : SA-Opt fin | iter: 4669 | reheats: 5 | mejoras: 532 | peores: 604 | cache: 2385 hits | costo: 19.00 -> 19.00 (0.0%) | tiempo: 0.0s
2026-06-02T04:09:51.779-05:00  INFO 8500 --- [loadroute-backend] [pool-2-thread-1] c.l.algorithm.SimulatedAnnealing         : SA-Opt inicio | T0=1000.0 | costo greedy: 67.00 | envios: 4/4
2026-06-02T04:09:51.782-05:00  INFO 8500 --- [loadroute-backend] [pool-2-thread-1] c.l.algorithm.SimulatedAnnealing         : SA-Opt reheat #1 | T=300.00 | costo: 67.00
2026-06-02T04:09:51.783-05:00  INFO 8500 --- [loadroute-backend] [pool-2-thread-1] c.l.algorithm.SimulatedAnnealing         : SA-Opt reheat #2 | T=90.00 | costo: 67.00
2026-06-02T04:09:51.785-05:00  INFO 8500 --- [loadroute-backend] [pool-2-thread-1] c.l.algorithm.SimulatedAnnealing         : SA-Opt reheat #3 | T=27.00 | costo: 67.00
2026-06-02T04:09:51.785-05:00  INFO 8500 --- [loadroute-backend] [pool-2-thread-1] c.l.algorithm.SimulatedAnnealing         : SA-Opt reheat #4 | T=8.10 | costo: 67.00
2026-06-02T04:09:51.786-05:00  INFO 8500 --- [loadroute-backend] [pool-2-thread-1] c.l.algorithm.SimulatedAnnealing         : SA-Opt reheat #5 | T=2.43 | costo: 67.00
2026-06-02T04:09:51.786-05:00  INFO 8500 --- [loadroute-backend] [pool-2-thread-1] c.l.algorithm.SimulatedAnnealing         : SA-Opt fin | iter: 4669 | reheats: 5 | mejoras: 469 | peores: 596 | cache: 2251 hits | costo: 67.00 -> 67.00 (0.0%) | tiempo: 0.0s
2026-06-02T04:09:51.788-05:00  INFO 8500 --- [loadroute-backend] [pool-2-thread-1] c.l.algorithm.SimulatedAnnealing         : SA-Opt inicio | T0=1000.0 | costo greedy: 128.00 | envios: 8/8
2026-06-02T04:09:51.791-05:00  INFO 8500 --- [loadroute-backend] [pool-2-thread-1] c.l.algorithm.SimulatedAnnealing         : SA-Opt reheat #1 | T=300.00 | costo: 128.00
2026-06-02T04:09:51.793-05:00  INFO 8500 --- [loadroute-backend] [pool-2-thread-1] c.l.algorithm.SimulatedAnnealing         : SA-Opt reheat #2 | T=90.00 | costo: 128.00
2026-06-02T04:09:51.795-05:00  INFO 8500 --- [loadroute-backend] [pool-2-thread-1] c.l.algorithm.SimulatedAnnealing         : SA-Opt reheat #3 | T=27.00 | costo: 128.00
2026-06-02T04:09:51.796-05:00  INFO 8500 --- [loadroute-backend] [pool-2-thread-1] c.l.algorithm.SimulatedAnnealing         : SA-Opt reheat #4 | T=8.10 | costo: 128.00
2026-06-02T04:09:51.797-05:00  INFO 8500 --- [loadroute-backend] [pool-2-thread-1] c.l.algorithm.SimulatedAnnealing         : SA-Opt reheat #5 | T=2.43 | costo: 128.00
2026-06-02T04:09:51.797-05:00  INFO 8500 --- [loadroute-backend] [pool-2-thread-1] c.l.algorithm.SimulatedAnnealing         : SA-Opt fin | iter: 4669 | reheats: 5 | mejoras: 531 | peores: 653 | cache: 2287 hits | costo: 128.00 -> 128.00 (0.0%) | tiempo: 0.0s
2026-06-02T04:09:51.799-05:00  INFO 8500 --- [loadroute-backend] [pool-2-thread-1] c.l.algorithm.SimulatedAnnealing         : SA-Opt inicio | T0=1000.0 | costo greedy: 65.00 | envios: 5/5
2026-06-02T04:09:51.801-05:00  INFO 8500 --- [loadroute-backend] [pool-2-thread-1] c.l.algorithm.SimulatedAnnealing         : SA-Opt reheat #1 | T=300.00 | costo: 65.00
2026-06-02T04:09:51.803-05:00  INFO 8500 --- [loadroute-backend] [pool-2-thread-1] c.l.algorithm.SimulatedAnnealing         : SA-Opt reheat #2 | T=90.00 | costo: 65.00
2026-06-02T04:09:51.804-05:00  INFO 8500 --- [loadroute-backend] [pool-2-thread-1] c.l.algorithm.SimulatedAnnealing         : SA-Opt reheat #3 | T=27.00 | costo: 65.00
2026-06-02T04:09:51.805-05:00  INFO 8500 --- [loadroute-backend] [pool-2-thread-1] c.l.algorithm.SimulatedAnnealing         : SA-Opt reheat #4 | T=8.10 | costo: 65.00
2026-06-02T04:09:51.806-05:00  INFO 8500 --- [loadroute-backend] [pool-2-thread-1] c.l.algorithm.SimulatedAnnealing         : SA-Opt reheat #5 | T=2.43 | costo: 65.00
2026-06-02T04:09:51.806-05:00  INFO 8500 --- [loadroute-backend] [pool-2-thread-1] c.l.algorithm.SimulatedAnnealing         : SA-Opt fin | iter: 4669 | reheats: 5 | mejoras: 478 | peores: 529 | cache: 2286 hits | costo: 65.00 -> 65.00 (0.0%) | tiempo: 0.0s
2026-06-02T04:09:51.808-05:00  INFO 8500 --- [loadroute-backend] [pool-2-thread-1] c.l.algorithm.SimulatedAnnealing         : SA-Opt inicio | T0=1000.0 | costo greedy: 129.00 | envios: 8/8
2026-06-02T04:09:51.811-05:00  INFO 8500 --- [loadroute-backend] [pool-2-thread-1] c.l.algorithm.SimulatedAnnealing         : SA-Opt reheat #1 | T=300.00 | costo: 129.00
2026-06-02T04:09:51.813-05:00  INFO 8500 --- [loadroute-backend] [pool-2-thread-1] c.l.algorithm.SimulatedAnnealing         : SA-Opt reheat #2 | T=90.00 | costo: 129.00
2026-06-02T04:09:51.814-05:00  INFO 8500 --- [loadroute-backend] [pool-2-thread-1] c.l.algorithm.SimulatedAnnealing         : SA-Opt reheat #3 | T=27.00 | costo: 129.00
2026-06-02T04:09:51.815-05:00  INFO 8500 --- [loadroute-backend] [pool-2-thread-1] c.l.algorithm.SimulatedAnnealing         : SA-Opt reheat #4 | T=8.10 | costo: 129.00
2026-06-02T04:09:51.816-05:00  INFO 8500 --- [loadroute-backend] [pool-2-thread-1] c.l.algorithm.SimulatedAnnealing         : SA-Opt reheat #5 | T=2.43 | costo: 129.00
2026-06-02T04:09:51.817-05:00  INFO 8500 --- [loadroute-backend] [pool-2-thread-1] c.l.algorithm.SimulatedAnnealing         : SA-Opt fin | iter: 4669 | reheats: 5 | mejoras: 570 | peores: 648 | cache: 2309 hits | costo: 129.00 -> 129.00 (0.0%) | tiempo: 0.0s
2026-06-02T04:09:51.818-05:00  INFO 8500 --- [loadroute-backend] [pool-2-thread-1] c.l.algorithm.SimulatedAnnealing         : SA-Opt inicio | T0=1000.0 | costo greedy: 58.00 | envios: 4/4
2026-06-02T04:09:51.820-05:00  INFO 8500 --- [loadroute-backend] [pool-2-thread-1] c.l.algorithm.SimulatedAnnealing         : SA-Opt reheat #1 | T=300.00 | costo: 58.00
2026-06-02T04:09:51.821-05:00  INFO 8500 --- [loadroute-backend] [pool-2-thread-1] c.l.algorithm.SimulatedAnnealing         : SA-Opt reheat #2 | T=90.00 | costo: 58.00
2026-06-02T04:09:51.823-05:00  INFO 8500 --- [loadroute-backend] [pool-2-thread-1] c.l.algorithm.SimulatedAnnealing         : SA-Opt reheat #3 | T=27.00 | costo: 58.00
2026-06-02T04:09:51.824-05:00  INFO 8500 --- [loadroute-backend] [pool-2-thread-1] c.l.algorithm.SimulatedAnnealing         : SA-Opt reheat #4 | T=8.10 | costo: 58.00
2026-06-02T04:09:51.824-05:00  INFO 8500 --- [loadroute-backend] [pool-2-thread-1] c.l.algorithm.SimulatedAnnealing         : SA-Opt reheat #5 | T=2.43 | costo: 58.00
2026-06-02T04:09:51.825-05:00  INFO 8500 --- [loadroute-backend] [pool-2-thread-1] c.l.algorithm.SimulatedAnnealing         : SA-Opt fin | iter: 4669 | reheats: 5 | mejoras: 499 | peores: 533 | cache: 2296 hits | costo: 58.00 -> 58.00 (0.0%) | tiempo: 0.0s
2026-06-02T04:09:51.825-05:00  INFO 8500 --- [loadroute-backend] [pool-2-thread-1] c.l.algorithm.SimulatedAnnealing         : SA-Opt inicio | T0=1000.0 | costo greedy: 20.00 | envios: 2/2
2026-06-02T04:09:51.827-05:00  INFO 8500 --- [loadroute-backend] [pool-2-thread-1] c.l.algorithm.SimulatedAnnealing         : SA-Opt reheat #1 | T=300.00 | costo: 20.00
2026-06-02T04:09:51.829-05:00  INFO 8500 --- [loadroute-backend] [pool-2-thread-1] c.l.algorithm.SimulatedAnnealing         : SA-Opt reheat #2 | T=90.00 | costo: 20.00
2026-06-02T04:09:51.830-05:00  INFO 8500 --- [loadroute-backend] [pool-2-thread-1] c.l.algorithm.SimulatedAnnealing         : SA-Opt reheat #3 | T=27.00 | costo: 20.00
2026-06-02T04:09:51.831-05:00  INFO 8500 --- [loadroute-backend] [pool-2-thread-1] c.l.algorithm.SimulatedAnnealing         : SA-Opt reheat #4 | T=8.10 | costo: 20.00
2026-06-02T04:09:51.832-05:00  INFO 8500 --- [loadroute-backend] [pool-2-thread-1] c.l.algorithm.SimulatedAnnealing         : SA-Opt reheat #5 | T=2.43 | costo: 20.00
2026-06-02T04:09:51.832-05:00  INFO 8500 --- [loadroute-backend] [pool-2-thread-1] c.l.algorithm.SimulatedAnnealing         : SA-Opt fin | iter: 4669 | reheats: 5 | mejoras: 548 | peores: 636 | cache: 2346 hits | costo: 20.00 -> 20.00 (0.0%) | tiempo: 0.0s
2026-06-02T04:09:51.833-05:00  INFO 8500 --- [loadroute-backend] [pool-2-thread-1] c.l.algorithm.SimulatedAnnealing         : SA-Opt inicio | T0=1000.0 | costo greedy: 27.00 | envios: 2/2
2026-06-02T04:09:51.835-05:00  INFO 8500 --- [loadroute-backend] [pool-2-thread-1] c.l.algorithm.SimulatedAnnealing         : SA-Opt reheat #1 | T=300.00 | costo: 27.00
2026-06-02T04:09:51.837-05:00  INFO 8500 --- [loadroute-backend] [pool-2-thread-1] c.l.algorithm.SimulatedAnnealing         : SA-Opt reheat #2 | T=90.00 | costo: 27.00
2026-06-02T04:09:51.838-05:00  INFO 8500 --- [loadroute-backend] [pool-2-thread-1] c.l.algorithm.SimulatedAnnealing         : SA-Opt reheat #3 | T=27.00 | costo: 27.00
2026-06-02T04:09:51.839-05:00  INFO 8500 --- [loadroute-backend] [pool-2-thread-1] c.l.algorithm.SimulatedAnnealing         : SA-Opt reheat #4 | T=8.10 | costo: 27.00
2026-06-02T04:09:51.839-05:00  INFO 8500 --- [loadroute-backend] [pool-2-thread-1] c.l.algorithm.SimulatedAnnealing         : SA-Opt reheat #5 | T=2.43 | costo: 27.00
2026-06-02T04:09:51.839-05:00  INFO 8500 --- [loadroute-backend] [pool-2-thread-1] c.l.algorithm.SimulatedAnnealing         : SA-Opt fin | iter: 4669 | reheats: 5 | mejoras: 505 | peores: 556 | cache: 2338 hits | costo: 27.00 -> 27.00 (0.0%) | tiempo: 0.0s
2026-06-02T04:09:51.840-05:00  INFO 8500 --- [loadroute-backend] [pool-2-thread-1] c.l.algorithm.SimulatedAnnealing         : SA-Opt inicio | T0=1000.0 | costo greedy: 18.00 | envios: 1/1
2026-06-02T04:09:51.841-05:00  INFO 8500 --- [loadroute-backend] [pool-2-thread-1] c.l.algorithm.SimulatedAnnealing         : SA-Opt reheat #1 | T=300.00 | costo: 18.00
2026-06-02T04:09:51.843-05:00  INFO 8500 --- [loadroute-backend] [pool-2-thread-1] c.l.algorithm.SimulatedAnnealing         : SA-Opt reheat #2 | T=90.00 | costo: 18.00
2026-06-02T04:09:51.843-05:00  INFO 8500 --- [loadroute-backend] [pool-2-thread-1] c.l.algorithm.SimulatedAnnealing         : SA-Opt reheat #3 | T=27.00 | costo: 18.00
2026-06-02T04:09:51.843-05:00  INFO 8500 --- [loadroute-backend] [pool-2-thread-1] c.l.algorithm.SimulatedAnnealing         : SA-Opt reheat #4 | T=8.10 | costo: 18.00
2026-06-02T04:09:51.846-05:00  INFO 8500 --- [loadroute-backend] [pool-2-thread-1] c.l.algorithm.SimulatedAnnealing         : SA-Opt reheat #5 | T=2.43 | costo: 18.00
2026-06-02T04:09:51.847-05:00  INFO 8500 --- [loadroute-backend] [pool-2-thread-1] c.l.algorithm.SimulatedAnnealing         : SA-Opt fin | iter: 4669 | reheats: 5 | mejoras: 556 | peores: 588 | cache: 2378 hits | costo: 18.00 -> 18.00 (0.0%) | tiempo: 0.0s
2026-06-02T04:09:51.847-05:00  INFO 8500 --- [loadroute-backend] [pool-2-thread-1] c.l.algorithm.SimulatedAnnealing         : SA-Opt inicio | T0=1000.0 | costo greedy: 18.00 | envios: 1/1
2026-06-02T04:09:51.848-05:00  INFO 8500 --- [loadroute-backend] [pool-2-thread-1] c.l.algorithm.SimulatedAnnealing         : SA-Opt reheat #1 | T=300.00 | costo: 18.00
2026-06-02T04:09:51.850-05:00  INFO 8500 --- [loadroute-backend] [pool-2-thread-1] c.l.algorithm.SimulatedAnnealing         : SA-Opt reheat #2 | T=90.00 | costo: 18.00
2026-06-02T04:09:51.851-05:00  INFO 8500 --- [loadroute-backend] [pool-2-thread-1] c.l.algorithm.SimulatedAnnealing         : SA-Opt reheat #3 | T=27.00 | costo: 18.00
2026-06-02T04:09:51.851-05:00  INFO 8500 --- [loadroute-backend] [pool-2-thread-1] c.l.algorithm.SimulatedAnnealing         : SA-Opt reheat #4 | T=8.10 | costo: 18.00
2026-06-02T04:09:51.853-05:00  INFO 8500 --- [loadroute-backend] [pool-2-thread-1] c.l.algorithm.SimulatedAnnealing         : SA-Opt reheat #5 | T=2.43 | costo: 18.00
2026-06-02T04:09:51.854-05:00  INFO 8500 --- [loadroute-backend] [pool-2-thread-1] c.l.algorithm.SimulatedAnnealing         : SA-Opt fin | iter: 4669 | reheats: 5 | mejoras: 479 | peores: 605 | cache: 2310 hits | costo: 18.00 -> 18.00 (0.0%) | tiempo: 0.0s
2026-06-02T04:09:51.855-05:00  INFO 8500 --- [loadroute-backend] [pool-2-thread-1] c.l.algorithm.SimulatedAnnealing         : SA-Opt inicio | T0=1000.0 | costo greedy: 22.00 | envios: 2/2
2026-06-02T04:09:51.857-05:00  INFO 8500 --- [loadroute-backend] [pool-2-thread-1] c.l.algorithm.SimulatedAnnealing         : SA-Opt reheat #1 | T=300.00 | costo: 22.00
2026-06-02T04:09:51.858-05:00  INFO 8500 --- [loadroute-backend] [pool-2-thread-1] c.l.algorithm.SimulatedAnnealing         : SA-Opt reheat #2 | T=90.00 | costo: 22.00
2026-06-02T04:09:51.859-05:00  INFO 8500 --- [loadroute-backend] [pool-2-thread-1] c.l.algorithm.SimulatedAnnealing         : SA-Opt reheat #3 | T=27.00 | costo: 22.00
2026-06-02T04:09:51.860-05:00  INFO 8500 --- [loadroute-backend] [pool-2-thread-1] c.l.algorithm.SimulatedAnnealing         : SA-Opt reheat #4 | T=8.10 | costo: 22.00
2026-06-02T04:09:51.862-05:00  INFO 8500 --- [loadroute-backend] [pool-2-thread-1] c.l.algorithm.SimulatedAnnealing         : SA-Opt reheat #5 | T=2.43 | costo: 22.00
2026-06-02T04:09:51.862-05:00  INFO 8500 --- [loadroute-backend] [pool-2-thread-1] c.l.algorithm.SimulatedAnnealing         : SA-Opt fin | iter: 4669 | reheats: 5 | mejoras: 553 | peores: 637 | cache: 2315 hits | costo: 22.00 -> 22.00 (0.0%) | tiempo: 0.0s
2026-06-02T04:09:51.862-05:00  INFO 8500 --- [loadroute-backend] [pool-2-thread-1] c.l.algorithm.SimulatedAnnealing         : SA-Opt inicio | T0=1000.0 | costo greedy: 21.00 | envios: 2/2
2026-06-02T04:09:51.865-05:00  INFO 8500 --- [loadroute-backend] [pool-2-thread-1] c.l.algorithm.SimulatedAnnealing         : SA-Opt reheat #1 | T=300.00 | costo: 21.00
2026-06-02T04:09:51.866-05:00  INFO 8500 --- [loadroute-backend] [pool-2-thread-1] c.l.algorithm.SimulatedAnnealing         : SA-Opt reheat #2 | T=90.00 | costo: 21.00
2026-06-02T04:09:51.867-05:00  INFO 8500 --- [loadroute-backend] [pool-2-thread-1] c.l.algorithm.SimulatedAnnealing         : SA-Opt reheat #3 | T=27.00 | costo: 21.00
2026-06-02T04:09:51.868-05:00  INFO 8500 --- [loadroute-backend] [pool-2-thread-1] c.l.algorithm.SimulatedAnnealing         : SA-Opt reheat #4 | T=8.10 | costo: 21.00
2026-06-02T04:09:51.869-05:00  INFO 8500 --- [loadroute-backend] [pool-2-thread-1] c.l.algorithm.SimulatedAnnealing         : SA-Opt reheat #5 | T=2.43 | costo: 21.00
2026-06-02T04:09:51.869-05:00  INFO 8500 --- [loadroute-backend] [pool-2-thread-1] c.l.algorithm.SimulatedAnnealing         : SA-Opt fin | iter: 4669 | reheats: 5 | mejoras: 547 | peores: 679 | cache: 2295 hits | costo: 21.00 -> 21.00 (0.0%) | tiempo: 0.0s
2026-06-02T04:09:51.870-05:00  INFO 8500 --- [loadroute-backend] [pool-2-thread-1] c.l.algorithm.SimulatedAnnealing         : SA-Opt inicio | T0=1000.0 | costo greedy: 67.00 | envios: 5/5
2026-06-02T04:09:51.873-05:00  INFO 8500 --- [loadroute-backend] [pool-2-thread-1] c.l.algorithm.SimulatedAnnealing         : SA-Opt reheat #1 | T=300.00 | costo: 67.00
2026-06-02T04:09:51.875-05:00  INFO 8500 --- [loadroute-backend] [pool-2-thread-1] c.l.algorithm.SimulatedAnnealing         : SA-Opt reheat #2 | T=90.00 | costo: 67.00
2026-06-02T04:09:51.876-05:00  INFO 8500 --- [loadroute-backend] [pool-2-thread-1] c.l.algorithm.SimulatedAnnealing         : SA-Opt reheat #3 | T=27.00 | costo: 67.00
2026-06-02T04:09:51.877-05:00  INFO 8500 --- [loadroute-backend] [pool-2-thread-1] c.l.algorithm.SimulatedAnnealing         : SA-Opt reheat #4 | T=8.10 | costo: 67.00
2026-06-02T04:09:51.878-05:00  INFO 8500 --- [loadroute-backend] [pool-2-thread-1] c.l.algorithm.SimulatedAnnealing         : SA-Opt reheat #5 | T=2.43 | costo: 67.00
2026-06-02T04:09:51.879-05:00  INFO 8500 --- [loadroute-backend] [pool-2-thread-1] c.l.algorithm.SimulatedAnnealing         : SA-Opt fin | iter: 4669 | reheats: 5 | mejoras: 542 | peores: 617 | cache: 2347 hits | costo: 67.00 -> 67.00 (0.0%) | tiempo: 0.0s
2026-06-02T04:09:51.879-05:00  INFO 8500 --- [loadroute-backend] [pool-2-thread-1] c.l.algorithm.SimulatedAnnealing         : SA-Opt inicio | T0=1000.0 | costo greedy: 17.00 | envios: 2/2
2026-06-02T04:09:51.881-05:00  INFO 8500 --- [loadroute-backend] [pool-2-thread-1] c.l.algorithm.SimulatedAnnealing         : SA-Opt reheat #1 | T=300.00 | costo: 17.00
2026-06-02T04:09:51.883-05:00  INFO 8500 --- [loadroute-backend] [pool-2-thread-1] c.l.algorithm.SimulatedAnnealing         : SA-Opt reheat #2 | T=90.00 | costo: 17.00
2026-06-02T04:09:51.885-05:00  INFO 8500 --- [loadroute-backend] [pool-2-thread-1] c.l.algorithm.SimulatedAnnealing         : SA-Opt reheat #3 | T=27.00 | costo: 17.00
2026-06-02T04:09:51.887-05:00  INFO 8500 --- [loadroute-backend] [pool-2-thread-1] c.l.algorithm.SimulatedAnnealing         : SA-Opt reheat #4 | T=8.10 | costo: 17.00
2026-06-02T04:09:51.888-05:00  INFO 8500 --- [loadroute-backend] [pool-2-thread-1] c.l.algorithm.SimulatedAnnealing         : SA-Opt reheat #5 | T=2.43 | costo: 17.00
2026-06-02T04:09:51.889-05:00  INFO 8500 --- [loadroute-backend] [pool-2-thread-1] c.l.algorithm.SimulatedAnnealing         : SA-Opt fin | iter: 4669 | reheats: 5 | mejoras: 480 | peores: 535 | cache: 2405 hits | costo: 17.00 -> 17.00 (0.0%) | tiempo: 0.0s
2026-06-02T04:09:51.891-05:00  INFO 8500 --- [loadroute-backend] [pool-2-thread-1] c.l.algorithm.SimulatedAnnealing         : SA-Opt inicio | T0=1000.0 | costo greedy: 75.00 | envios: 6/6
2026-06-02T04:09:51.894-05:00  INFO 8500 --- [loadroute-backend] [pool-2-thread-1] c.l.algorithm.SimulatedAnnealing         : SA-Opt reheat #1 | T=300.00 | costo: 75.00
2026-06-02T04:09:51.897-05:00  INFO 8500 --- [loadroute-backend] [pool-2-thread-1] c.l.algorithm.SimulatedAnnealing         : SA-Opt reheat #2 | T=90.00 | costo: 75.00
2026-06-02T04:09:51.899-05:00  INFO 8500 --- [loadroute-backend] [pool-2-thread-1] c.l.algorithm.SimulatedAnnealing         : SA-Opt reheat #3 | T=27.00 | costo: 75.00
2026-06-02T04:09:51.900-05:00  INFO 8500 --- [loadroute-backend] [pool-2-thread-1] c.l.algorithm.SimulatedAnnealing         : SA-Opt reheat #4 | T=8.10 | costo: 75.00
2026-06-02T04:09:51.901-05:00  INFO 8500 --- [loadroute-backend] [pool-2-thread-1] c.l.algorithm.SimulatedAnnealing         : SA-Opt reheat #5 | T=2.43 | costo: 75.00
2026-06-02T04:09:51.901-05:00  INFO 8500 --- [loadroute-backend] [pool-2-thread-1] c.l.algorithm.SimulatedAnnealing         : SA-Opt fin | iter: 4669 | reheats: 5 | mejoras: 551 | peores: 610 | cache: 2350 hits | costo: 75.00 -> 75.00 (0.0%) | tiempo: 0.0s
2026-06-02T04:09:51.903-05:00  INFO 8500 --- [loadroute-backend] [pool-2-thread-1] c.l.algorithm.SimulatedAnnealing         : SA-Opt inicio | T0=1000.0 | costo greedy: 30.00 | envios: 2/2
2026-06-02T04:09:51.905-05:00  INFO 8500 --- [loadroute-backend] [pool-2-thread-1] c.l.algorithm.SimulatedAnnealing         : SA-Opt reheat #1 | T=300.00 | costo: 30.00
2026-06-02T04:09:51.907-05:00  INFO 8500 --- [loadroute-backend] [pool-2-thread-1] c.l.algorithm.SimulatedAnnealing         : SA-Opt reheat #2 | T=90.00 | costo: 30.00
2026-06-02T04:09:51.908-05:00  INFO 8500 --- [loadroute-backend] [pool-2-thread-1] c.l.algorithm.SimulatedAnnealing         : SA-Opt reheat #3 | T=27.00 | costo: 30.00
2026-06-02T04:09:51.910-05:00  INFO 8500 --- [loadroute-backend] [pool-2-thread-1] c.l.algorithm.SimulatedAnnealing         : SA-Opt reheat #4 | T=8.10 | costo: 30.00
2026-06-02T04:09:51.911-05:00  INFO 8500 --- [loadroute-backend] [pool-2-thread-1] c.l.algorithm.SimulatedAnnealing         : SA-Opt reheat #5 | T=2.43 | costo: 30.00
2026-06-02T04:09:51.912-05:00  INFO 8500 --- [loadroute-backend] [pool-2-thread-1] c.l.algorithm.SimulatedAnnealing         : SA-Opt fin | iter: 4669 | reheats: 5 | mejoras: 501 | peores: 822 | cache: 2375 hits | costo: 30.00 -> 30.00 (0.0%) | tiempo: 0.0s
2026-06-02T04:09:51.913-05:00  INFO 8500 --- [loadroute-backend] [pool-2-thread-1] c.l.algorithm.SimulatedAnnealing         : SA-Opt inicio | T0=1000.0 | costo greedy: 97.00 | envios: 8/8
2026-06-02T04:09:51.918-05:00  INFO 8500 --- [loadroute-backend] [pool-2-thread-1] c.l.algorithm.SimulatedAnnealing         : SA-Opt reheat #1 | T=300.00 | costo: 97.00
2026-06-02T04:09:51.920-05:00  INFO 8500 --- [loadroute-backend] [pool-2-thread-1] c.l.algorithm.SimulatedAnnealing         : SA-Opt reheat #2 | T=90.00 | costo: 97.00
2026-06-02T04:09:51.921-05:00  INFO 8500 --- [loadroute-backend] [pool-2-thread-1] c.l.algorithm.SimulatedAnnealing         : SA-Opt reheat #3 | T=27.00 | costo: 97.00
2026-06-02T04:09:51.922-05:00  INFO 8500 --- [loadroute-backend] [pool-2-thread-1] c.l.algorithm.SimulatedAnnealing         : SA-Opt reheat #4 | T=8.10 | costo: 97.00
2026-06-02T04:09:51.923-05:00  INFO 8500 --- [loadroute-backend] [pool-2-thread-1] c.l.algorithm.SimulatedAnnealing         : SA-Opt reheat #5 | T=2.43 | costo: 97.00
2026-06-02T04:09:51.924-05:00  INFO 8500 --- [loadroute-backend] [pool-2-thread-1] c.l.algorithm.SimulatedAnnealing         : SA-Opt fin | iter: 4669 | reheats: 5 | mejoras: 607 | peores: 721 | cache: 2353 hits | costo: 97.00 -> 97.00 (0.0%) | tiempo: 0.0s
2026-06-02T04:09:51.924-05:00  INFO 8500 --- [loadroute-backend] [pool-2-thread-1] c.l.algorithm.SimulatedAnnealing         : SA-Opt inicio | T0=1000.0 | costo greedy: 7.00 | envios: 1/1
2026-06-02T04:09:51.926-05:00  INFO 8500 --- [loadroute-backend] [pool-2-thread-1] c.l.algorithm.SimulatedAnnealing         : SA-Opt reheat #1 | T=300.00 | costo: 7.00
2026-06-02T04:09:51.928-05:00  INFO 8500 --- [loadroute-backend] [pool-2-thread-1] c.l.algorithm.SimulatedAnnealing         : SA-Opt reheat #2 | T=90.00 | costo: 7.00
2026-06-02T04:09:51.929-05:00  INFO 8500 --- [loadroute-backend] [pool-2-thread-1] c.l.algorithm.SimulatedAnnealing         : SA-Opt reheat #3 | T=27.00 | costo: 7.00
2026-06-02T04:09:51.930-05:00  INFO 8500 --- [loadroute-backend] [pool-2-thread-1] c.l.algorithm.SimulatedAnnealing         : SA-Opt reheat #4 | T=8.10 | costo: 7.00
2026-06-02T04:09:51.930-05:00  INFO 8500 --- [loadroute-backend] [pool-2-thread-1] c.l.algorithm.SimulatedAnnealing         : SA-Opt reheat #5 | T=2.43 | costo: 7.00
2026-06-02T04:09:51.930-05:00  INFO 8500 --- [loadroute-backend] [pool-2-thread-1] c.l.algorithm.SimulatedAnnealing         : SA-Opt fin | iter: 4669 | reheats: 5 | mejoras: 411 | peores: 479 | cache: 2330 hits | costo: 7.00 -> 7.00 (0.0%) | tiempo: 0.0s
2026-06-02T04:09:51.931-05:00  INFO 8500 --- [loadroute-backend] [pool-2-thread-1] c.l.algorithm.SimulatedAnnealing         : SA-Opt inicio | T0=1000.0 | costo greedy: 18.00 | envios: 1/1
2026-06-02T04:09:51.933-05:00  INFO 8500 --- [loadroute-backend] [pool-2-thread-1] c.l.algorithm.SimulatedAnnealing         : SA-Opt reheat #1 | T=300.00 | costo: 18.00
2026-06-02T04:09:51.934-05:00  INFO 8500 --- [loadroute-backend] [pool-2-thread-1] c.l.algorithm.SimulatedAnnealing         : SA-Opt reheat #2 | T=90.00 | costo: 18.00
2026-06-02T04:09:51.935-05:00  INFO 8500 --- [loadroute-backend] [pool-2-thread-1] c.l.algorithm.SimulatedAnnealing         : SA-Opt reheat #3 | T=27.00 | costo: 18.00
2026-06-02T04:09:51.936-05:00  INFO 8500 --- [loadroute-backend] [pool-2-thread-1] c.l.algorithm.SimulatedAnnealing         : SA-Opt reheat #4 | T=8.10 | costo: 18.00
2026-06-02T04:09:51.936-05:00  INFO 8500 --- [loadroute-backend] [pool-2-thread-1] c.l.algorithm.SimulatedAnnealing         : SA-Opt reheat #5 | T=2.43 | costo: 18.00
2026-06-02T04:09:51.937-05:00  INFO 8500 --- [loadroute-backend] [pool-2-thread-1] c.l.algorithm.SimulatedAnnealing         : SA-Opt fin | iter: 4669 | reheats: 5 | mejoras: 511 | peores: 565 | cache: 2345 hits | costo: 18.00 -> 18.00 (0.0%) | tiempo: 0.0s
2026-06-02T04:09:51.937-05:00  INFO 8500 --- [loadroute-backend] [pool-2-thread-1] c.l.algorithm.SimulatedAnnealing         : SA-Opt inicio | T0=1000.0 | costo greedy: 18.00 | envios: 1/1
2026-06-02T04:09:51.938-05:00  INFO 8500 --- [loadroute-backend] [pool-2-thread-1] c.l.algorithm.SimulatedAnnealing         : SA-Opt reheat #1 | T=300.00 | costo: 18.00
2026-06-02T04:09:51.940-05:00  INFO 8500 --- [loadroute-backend] [pool-2-thread-1] c.l.algorithm.SimulatedAnnealing         : SA-Opt reheat #2 | T=90.00 | costo: 18.00
2026-06-02T04:09:51.940-05:00  INFO 8500 --- [loadroute-backend] [pool-2-thread-1] c.l.algorithm.SimulatedAnnealing         : SA-Opt reheat #3 | T=27.00 | costo: 18.00
2026-06-02T04:09:51.942-05:00  INFO 8500 --- [loadroute-backend] [pool-2-thread-1] c.l.algorithm.SimulatedAnnealing         : SA-Opt reheat #4 | T=8.10 | costo: 18.00
2026-06-02T04:09:51.942-05:00  INFO 8500 --- [loadroute-backend] [pool-2-thread-1] c.l.algorithm.SimulatedAnnealing         : SA-Opt reheat #5 | T=2.43 | costo: 18.00
2026-06-02T04:09:51.942-05:00  INFO 8500 --- [loadroute-backend] [pool-2-thread-1] c.l.algorithm.SimulatedAnnealing         : SA-Opt fin | iter: 4669 | reheats: 5 | mejoras: 528 | peores: 558 | cache: 2350 hits | costo: 18.00 -> 18.00 (0.0%) | tiempo: 0.0s
2026-06-02T04:09:51.944-05:00  INFO 8500 --- [loadroute-backend] [pool-2-thread-1] c.l.algorithm.SimulatedAnnealing         : SA-Opt inicio | T0=1000.0 | costo greedy: 129.00 | envios: 7/7
2026-06-02T04:09:51.946-05:00  INFO 8500 --- [loadroute-backend] [pool-2-thread-1] c.l.algorithm.SimulatedAnnealing         : SA-Opt reheat #1 | T=300.00 | costo: 129.00
2026-06-02T04:09:51.948-05:00  INFO 8500 --- [loadroute-backend] [pool-2-thread-1] c.l.algorithm.SimulatedAnnealing         : SA-Opt reheat #2 | T=90.00 | costo: 129.00
2026-06-02T04:09:51.948-05:00  INFO 8500 --- [loadroute-backend] [pool-2-thread-1] c.l.algorithm.SimulatedAnnealing         : SA-Opt reheat #3 | T=27.00 | costo: 129.00
2026-06-02T04:09:51.951-05:00  INFO 8500 --- [loadroute-backend] [pool-2-thread-1] c.l.algorithm.SimulatedAnnealing         : SA-Opt reheat #4 | T=8.10 | costo: 129.00
2026-06-02T04:09:51.951-05:00  INFO 8500 --- [loadroute-backend] [pool-2-thread-1] c.l.algorithm.SimulatedAnnealing         : SA-Opt reheat #5 | T=2.43 | costo: 129.00
2026-06-02T04:09:51.952-05:00  INFO 8500 --- [loadroute-backend] [pool-2-thread-1] c.l.algorithm.SimulatedAnnealing         : SA-Opt fin | iter: 4669 | reheats: 5 | mejoras: 525 | peores: 687 | cache: 2334 hits | costo: 129.00 -> 129.00 (0.0%) | tiempo: 0.0s
2026-06-02T04:09:51.953-05:00  INFO 8500 --- [loadroute-backend] [pool-2-thread-1] c.l.algorithm.SimulatedAnnealing         : SA-Opt inicio | T0=1000.0 | costo greedy: 35.00 | envios: 3/3
2026-06-02T04:09:51.956-05:00  INFO 8500 --- [loadroute-backend] [pool-2-thread-1] c.l.algorithm.SimulatedAnnealing         : SA-Opt reheat #1 | T=300.00 | costo: 35.00
2026-06-02T04:09:51.956-05:00  INFO 8500 --- [loadroute-backend] [pool-2-thread-1] c.l.algorithm.SimulatedAnnealing         : SA-Opt reheat #2 | T=90.00 | costo: 35.00
2026-06-02T04:09:51.956-05:00  INFO 8500 --- [loadroute-backend] [pool-2-thread-1] c.l.algorithm.SimulatedAnnealing         : SA-Opt reheat #3 | T=27.00 | costo: 35.00
2026-06-02T04:09:51.956-05:00  INFO 8500 --- [loadroute-backend] [pool-2-thread-1] c.l.algorithm.SimulatedAnnealing         : SA-Opt reheat #4 | T=8.10 | costo: 35.00
2026-06-02T04:09:51.956-05:00  INFO 8500 --- [loadroute-backend] [pool-2-thread-1] c.l.algorithm.SimulatedAnnealing         : SA-Opt reheat #5 | T=2.43 | costo: 35.00
2026-06-02T04:09:51.956-05:00  INFO 8500 --- [loadroute-backend] [pool-2-thread-1] c.l.algorithm.SimulatedAnnealing         : SA-Opt fin | iter: 4669 | reheats: 5 | mejoras: 486 | peores: 572 | cache: 2330 hits | costo: 35.00 -> 35.00 (0.0%) | tiempo: 0.0s
2026-06-02T04:09:51.962-05:00  INFO 8500 --- [loadroute-backend] [pool-2-thread-1] c.l.algorithm.SimulatedAnnealing         : SA-Opt inicio | T0=1000.0 | costo greedy: 55.00 | envios: 5/5
2026-06-02T04:09:51.966-05:00  INFO 8500 --- [loadroute-backend] [pool-2-thread-1] c.l.algorithm.SimulatedAnnealing         : SA-Opt reheat #1 | T=300.00 | costo: 55.00
2026-06-02T04:09:51.968-05:00  INFO 8500 --- [loadroute-backend] [pool-2-thread-1] c.l.algorithm.SimulatedAnnealing         : SA-Opt reheat #2 | T=90.00 | costo: 55.00
2026-06-02T04:09:51.969-05:00  INFO 8500 --- [loadroute-backend] [pool-2-thread-1] c.l.algorithm.SimulatedAnnealing         : SA-Opt reheat #3 | T=27.00 | costo: 55.00
2026-06-02T04:09:51.970-05:00  INFO 8500 --- [loadroute-backend] [pool-2-thread-1] c.l.algorithm.SimulatedAnnealing         : SA-Opt reheat #4 | T=8.10 | costo: 55.00
2026-06-02T04:09:51.971-05:00  INFO 8500 --- [loadroute-backend] [pool-2-thread-1] c.l.algorithm.SimulatedAnnealing         : SA-Opt reheat #5 | T=2.43 | costo: 55.00
2026-06-02T04:09:51.971-05:00  INFO 8500 --- [loadroute-backend] [pool-2-thread-1] c.l.algorithm.SimulatedAnnealing         : SA-Opt fin | iter: 4669 | reheats: 5 | mejoras: 581 | peores: 644 | cache: 2302 hits | costo: 55.00 -> 55.00 (0.0%) | tiempo: 0.0s
2026-06-02T04:09:51.971-05:00  INFO 8500 --- [loadroute-backend] [pool-2-thread-1] c.l.algorithm.SimulatedAnnealing         : SA-Opt inicio | T0=1000.0 | costo greedy: 38.00 | envios: 2/2
2026-06-02T04:09:51.974-05:00  INFO 8500 --- [loadroute-backend] [pool-2-thread-1] c.l.algorithm.SimulatedAnnealing         : SA-Opt reheat #1 | T=300.00 | costo: 38.00
2026-06-02T04:09:51.975-05:00  INFO 8500 --- [loadroute-backend] [pool-2-thread-1] c.l.algorithm.SimulatedAnnealing         : SA-Opt reheat #2 | T=90.00 | costo: 38.00
2026-06-02T04:09:51.976-05:00  INFO 8500 --- [loadroute-backend] [pool-2-thread-1] c.l.algorithm.SimulatedAnnealing         : SA-Opt reheat #3 | T=27.00 | costo: 38.00
2026-06-02T04:09:51.977-05:00  INFO 8500 --- [loadroute-backend] [pool-2-thread-1] c.l.algorithm.SimulatedAnnealing         : SA-Opt reheat #4 | T=8.10 | costo: 38.00
2026-06-02T04:09:51.978-05:00  INFO 8500 --- [loadroute-backend] [pool-2-thread-1] c.l.algorithm.SimulatedAnnealing         : SA-Opt reheat #5 | T=2.43 | costo: 38.00
2026-06-02T04:09:51.978-05:00  INFO 8500 --- [loadroute-backend] [pool-2-thread-1] c.l.algorithm.SimulatedAnnealing         : SA-Opt fin | iter: 4669 | reheats: 5 | mejoras: 566 | peores: 631 | cache: 2321 hits | costo: 38.00 -> 38.00 (0.0%) | tiempo: 0.0s
2026-06-02T04:09:51.979-05:00  INFO 8500 --- [loadroute-backend] [pool-2-thread-1] c.l.algorithm.SimulatedAnnealing         : SA-Opt inicio | T0=1000.0 | costo greedy: 7.00 | envios: 1/1
2026-06-02T04:09:51.980-05:00  INFO 8500 --- [loadroute-backend] [pool-2-thread-1] c.l.algorithm.SimulatedAnnealing         : SA-Opt reheat #1 | T=300.00 | costo: 7.00
2026-06-02T04:09:51.981-05:00  INFO 8500 --- [loadroute-backend] [pool-2-thread-1] c.l.algorithm.SimulatedAnnealing         : SA-Opt reheat #2 | T=90.00 | costo: 7.00
2026-06-02T04:09:51.983-05:00  INFO 8500 --- [loadroute-backend] [pool-2-thread-1] c.l.algorithm.SimulatedAnnealing         : SA-Opt reheat #3 | T=27.00 | costo: 7.00
2026-06-02T04:09:51.984-05:00  INFO 8500 --- [loadroute-backend] [pool-2-thread-1] c.l.algorithm.SimulatedAnnealing         : SA-Opt reheat #4 | T=8.10 | costo: 7.00
2026-06-02T04:09:51.984-05:00  INFO 8500 --- [loadroute-backend] [pool-2-thread-1] c.l.algorithm.SimulatedAnnealing         : SA-Opt reheat #5 | T=2.43 | costo: 7.00
2026-06-02T04:09:51.985-05:00  INFO 8500 --- [loadroute-backend] [pool-2-thread-1] c.l.algorithm.SimulatedAnnealing         : SA-Opt fin | iter: 4669 | reheats: 5 | mejoras: 424 | peores: 408 | cache: 2289 hits | costo: 7.00 -> 7.00 (0.0%) | tiempo: 0.0s
2026-06-02T04:09:51.986-05:00  INFO 8500 --- [loadroute-backend] [pool-2-thread-1] c.l.algorithm.SimulatedAnnealing         : SA-Opt inicio | T0=1000.0 | costo greedy: 73.00 | envios: 4/4
2026-06-02T04:09:51.988-05:00  INFO 8500 --- [loadroute-backend] [pool-2-thread-1] c.l.algorithm.SimulatedAnnealing         : SA-Opt reheat #1 | T=300.00 | costo: 73.00
2026-06-02T04:09:51.990-05:00  INFO 8500 --- [loadroute-backend] [pool-2-thread-1] c.l.algorithm.SimulatedAnnealing         : SA-Opt reheat #2 | T=90.00 | costo: 73.00
2026-06-02T04:09:51.991-05:00  INFO 8500 --- [loadroute-backend] [pool-2-thread-1] c.l.algorithm.SimulatedAnnealing         : SA-Opt reheat #3 | T=27.00 | costo: 73.00
2026-06-02T04:09:51.993-05:00  INFO 8500 --- [loadroute-backend] [pool-2-thread-1] c.l.algorithm.SimulatedAnnealing         : SA-Opt reheat #4 | T=8.10 | costo: 73.00
2026-06-02T04:09:51.993-05:00  INFO 8500 --- [loadroute-backend] [pool-2-thread-1] c.l.algorithm.SimulatedAnnealing         : SA-Opt reheat #5 | T=2.43 | costo: 73.00
2026-06-02T04:09:51.994-05:00  INFO 8500 --- [loadroute-backend] [pool-2-thread-1] c.l.algorithm.SimulatedAnnealing         : SA-Opt fin | iter: 4669 | reheats: 5 | mejoras: 539 | peores: 639 | cache: 2395 hits | costo: 73.00 -> 73.00 (0.0%) | tiempo: 0.0s
2026-06-02T04:09:51.995-05:00  INFO 8500 --- [loadroute-backend] [pool-2-thread-1] c.l.algorithm.SimulatedAnnealing         : SA-Opt inicio | T0=1000.0 | costo greedy: 38.00 | envios: 3/3
2026-06-02T04:09:51.997-05:00  INFO 8500 --- [loadroute-backend] [pool-2-thread-1] c.l.algorithm.SimulatedAnnealing         : SA-Opt reheat #1 | T=300.00 | costo: 38.00
2026-06-02T04:09:51.999-05:00  INFO 8500 --- [loadroute-backend] [pool-2-thread-1] c.l.algorithm.SimulatedAnnealing         : SA-Opt reheat #2 | T=90.00 | costo: 38.00
2026-06-02T04:09:52.000-05:00  INFO 8500 --- [loadroute-backend] [pool-2-thread-1] c.l.algorithm.SimulatedAnnealing         : SA-Opt reheat #3 | T=27.00 | costo: 38.00
2026-06-02T04:09:52.000-05:00  INFO 8500 --- [loadroute-backend] [pool-2-thread-1] c.l.algorithm.SimulatedAnnealing         : SA-Opt reheat #4 | T=8.10 | costo: 38.00
2026-06-02T04:09:52.001-05:00  INFO 8500 --- [loadroute-backend] [pool-2-thread-1] c.l.algorithm.SimulatedAnnealing         : SA-Opt reheat #5 | T=2.43 | costo: 38.00
2026-06-02T04:09:52.001-05:00  INFO 8500 --- [loadroute-backend] [pool-2-thread-1] c.l.algorithm.SimulatedAnnealing         : SA-Opt fin | iter: 4669 | reheats: 5 | mejoras: 459 | peores: 537 | cache: 2320 hits | costo: 38.00 -> 38.00 (0.0%) | tiempo: 0.0s
2026-06-02T04:09:52.005-05:00  INFO 8500 --- [loadroute-backend] [pool-2-thread-1] c.l.algorithm.SimulatedAnnealing         : SA-Opt inicio | T0=1000.0 | costo greedy: 209.00 | envios: 13/13
2026-06-02T04:09:52.010-05:00  INFO 8500 --- [loadroute-backend] [pool-2-thread-1] c.l.algorithm.SimulatedAnnealing         : SA-Opt reheat #1 | T=300.00 | costo: 209.00
2026-06-02T04:09:52.013-05:00  INFO 8500 --- [loadroute-backend] [pool-2-thread-1] c.l.algorithm.SimulatedAnnealing         : SA-Opt reheat #2 | T=90.00 | costo: 209.00
2026-06-02T04:09:52.014-05:00  INFO 8500 --- [loadroute-backend] [pool-2-thread-1] c.l.algorithm.SimulatedAnnealing         : SA-Opt reheat #3 | T=27.00 | costo: 209.00
2026-06-02T04:09:52.015-05:00  INFO 8500 --- [loadroute-backend] [pool-2-thread-1] c.l.algorithm.SimulatedAnnealing         : SA-Opt reheat #4 | T=8.10 | costo: 209.00
2026-06-02T04:09:52.016-05:00  INFO 8500 --- [loadroute-backend] [pool-2-thread-1] c.l.algorithm.SimulatedAnnealing         : SA-Opt reheat #5 | T=2.43 | costo: 209.00
2026-06-02T04:09:52.016-05:00  INFO 8500 --- [loadroute-backend] [pool-2-thread-1] c.l.algorithm.SimulatedAnnealing         : SA-Opt fin | iter: 4669 | reheats: 5 | mejoras: 534 | peores: 661 | cache: 2303 hits | costo: 209.00 -> 209.00 (0.0%) | tiempo: 0.0s
2026-06-02T04:09:52.017-05:00  INFO 8500 --- [loadroute-backend] [pool-2-thread-1] c.l.algorithm.SimulatedAnnealing         : SA-Opt inicio | T0=1000.0 | costo greedy: 36.00 | envios: 2/2
2026-06-02T04:09:52.019-05:00  INFO 8500 --- [loadroute-backend] [pool-2-thread-1] c.l.algorithm.SimulatedAnnealing         : SA-Opt reheat #1 | T=300.00 | costo: 36.00
2026-06-02T04:09:52.020-05:00  INFO 8500 --- [loadroute-backend] [pool-2-thread-1] c.l.algorithm.SimulatedAnnealing         : SA-Opt reheat #2 | T=90.00 | costo: 36.00
2026-06-02T04:09:52.022-05:00  INFO 8500 --- [loadroute-backend] [pool-2-thread-1] c.l.algorithm.SimulatedAnnealing         : SA-Opt reheat #3 | T=27.00 | costo: 36.00
2026-06-02T04:09:52.024-05:00  INFO 8500 --- [loadroute-backend] [pool-2-thread-1] c.l.algorithm.SimulatedAnnealing         : SA-Opt reheat #4 | T=8.10 | costo: 36.00
2026-06-02T04:09:52.025-05:00  INFO 8500 --- [loadroute-backend] [pool-2-thread-1] c.l.algorithm.SimulatedAnnealing         : SA-Opt reheat #5 | T=2.43 | costo: 36.00
2026-06-02T04:09:52.025-05:00  INFO 8500 --- [loadroute-backend] [pool-2-thread-1] c.l.algorithm.SimulatedAnnealing         : SA-Opt fin | iter: 4669 | reheats: 5 | mejoras: 526 | peores: 627 | cache: 2295 hits | costo: 36.00 -> 36.00 (0.0%) | tiempo: 0.0s
2026-06-02T04:09:52.026-05:00  INFO 8500 --- [loadroute-backend] [pool-2-thread-1] c.l.algorithm.SimulatedAnnealing         : SA-Opt inicio | T0=1000.0 | costo greedy: 22.00 | envios: 2/2
2026-06-02T04:09:52.028-05:00  INFO 8500 --- [loadroute-backend] [pool-2-thread-1] c.l.algorithm.SimulatedAnnealing         : SA-Opt reheat #1 | T=300.00 | costo: 22.00
2026-06-02T04:09:52.029-05:00  INFO 8500 --- [loadroute-backend] [pool-2-thread-1] c.l.algorithm.SimulatedAnnealing         : SA-Opt reheat #2 | T=90.00 | costo: 22.00
2026-06-02T04:09:52.030-05:00  INFO 8500 --- [loadroute-backend] [pool-2-thread-1] c.l.algorithm.SimulatedAnnealing         : SA-Opt reheat #3 | T=27.00 | costo: 22.00
2026-06-02T04:09:52.032-05:00  INFO 8500 --- [loadroute-backend] [pool-2-thread-1] c.l.algorithm.SimulatedAnnealing         : SA-Opt reheat #4 | T=8.10 | costo: 22.00
2026-06-02T04:09:52.032-05:00  INFO 8500 --- [loadroute-backend] [pool-2-thread-1] c.l.algorithm.SimulatedAnnealing         : SA-Opt reheat #5 | T=2.43 | costo: 22.00
2026-06-02T04:09:52.032-05:00  INFO 8500 --- [loadroute-backend] [pool-2-thread-1] c.l.algorithm.SimulatedAnnealing         : SA-Opt fin | iter: 4669 | reheats: 5 | mejoras: 565 | peores: 696 | cache: 2388 hits | costo: 22.00 -> 22.00 (0.0%) | tiempo: 0.0s
2026-06-02T04:09:52.034-05:00  INFO 8500 --- [loadroute-backend] [pool-2-thread-1] c.l.algorithm.SimulatedAnnealing         : SA-Opt inicio | T0=1000.0 | costo greedy: 31.00 | envios: 4/4
2026-06-02T04:09:52.037-05:00  INFO 8500 --- [loadroute-backend] [pool-2-thread-1] c.l.algorithm.SimulatedAnnealing         : SA-Opt reheat #1 | T=300.00 | costo: 31.00
2026-06-02T04:09:52.038-05:00  INFO 8500 --- [loadroute-backend] [pool-2-thread-1] c.l.algorithm.SimulatedAnnealing         : SA-Opt reheat #2 | T=90.00 | costo: 31.00
2026-06-02T04:09:52.039-05:00  INFO 8500 --- [loadroute-backend] [pool-2-thread-1] c.l.algorithm.SimulatedAnnealing         : SA-Opt reheat #3 | T=27.00 | costo: 31.00
2026-06-02T04:09:52.040-05:00  INFO 8500 --- [loadroute-backend] [pool-2-thread-1] c.l.algorithm.SimulatedAnnealing         : SA-Opt reheat #4 | T=8.10 | costo: 31.00
2026-06-02T04:09:52.040-05:00  INFO 8500 --- [loadroute-backend] [pool-2-thread-1] c.l.algorithm.SimulatedAnnealing         : SA-Opt reheat #5 | T=2.43 | costo: 31.00
2026-06-02T04:09:52.041-05:00  INFO 8500 --- [loadroute-backend] [pool-2-thread-1] c.l.algorithm.SimulatedAnnealing         : SA-Opt fin | iter: 4669 | reheats: 5 | mejoras: 578 | peores: 652 | cache: 2249 hits | costo: 31.00 -> 31.00 (0.0%) | tiempo: 0.0s
2026-06-02T04:09:52.043-05:00  INFO 8500 --- [loadroute-backend] [pool-2-thread-1] c.l.algorithm.SimulatedAnnealing         : SA-Opt inicio | T0=1000.0 | costo greedy: 75.00 | envios: 6/6
2026-06-02T04:09:52.046-05:00  INFO 8500 --- [loadroute-backend] [pool-2-thread-1] c.l.algorithm.SimulatedAnnealing         : SA-Opt reheat #1 | T=300.00 | costo: 75.00
2026-06-02T04:09:52.048-05:00  INFO 8500 --- [loadroute-backend] [pool-2-thread-1] c.l.algorithm.SimulatedAnnealing         : SA-Opt reheat #2 | T=90.00 | costo: 75.00
2026-06-02T04:09:52.049-05:00  INFO 8500 --- [loadroute-backend] [pool-2-thread-1] c.l.algorithm.SimulatedAnnealing         : SA-Opt reheat #3 | T=27.00 | costo: 75.00
2026-06-02T04:09:52.050-05:00  INFO 8500 --- [loadroute-backend] [pool-2-thread-1] c.l.algorithm.SimulatedAnnealing         : SA-Opt reheat #4 | T=8.10 | costo: 75.00
2026-06-02T04:09:52.050-05:00  INFO 8500 --- [loadroute-backend] [pool-2-thread-1] c.l.algorithm.SimulatedAnnealing         : SA-Opt reheat #5 | T=2.43 | costo: 75.00
2026-06-02T04:09:52.051-05:00  INFO 8500 --- [loadroute-backend] [pool-2-thread-1] c.l.algorithm.SimulatedAnnealing         : SA-Opt fin | iter: 4669 | reheats: 5 | mejoras: 522 | peores: 594 | cache: 2342 hits | costo: 75.00 -> 75.00 (0.0%) | tiempo: 0.0s
2026-06-02T04:09:52.052-05:00  INFO 8500 --- [loadroute-backend] [pool-2-thread-1] c.l.algorithm.SimulatedAnnealing         : SA-Opt inicio | T0=1000.0 | costo greedy: 21.00 | envios: 1/1
2026-06-02T04:09:52.054-05:00  INFO 8500 --- [loadroute-backend] [pool-2-thread-1] c.l.algorithm.SimulatedAnnealing         : SA-Opt reheat #1 | T=300.00 | costo: 21.00
2026-06-02T04:09:52.055-05:00  INFO 8500 --- [loadroute-backend] [pool-2-thread-1] c.l.algorithm.SimulatedAnnealing         : SA-Opt reheat #2 | T=90.00 | costo: 21.00
2026-06-02T04:09:52.056-05:00  INFO 8500 --- [loadroute-backend] [pool-2-thread-1] c.l.algorithm.SimulatedAnnealing         : SA-Opt reheat #3 | T=27.00 | costo: 21.00
2026-06-02T04:09:52.057-05:00  INFO 8500 --- [loadroute-backend] [pool-2-thread-1] c.l.algorithm.SimulatedAnnealing         : SA-Opt reheat #4 | T=8.10 | costo: 21.00
2026-06-02T04:09:52.058-05:00  INFO 8500 --- [loadroute-backend] [pool-2-thread-1] c.l.algorithm.SimulatedAnnealing         : SA-Opt reheat #5 | T=2.43 | costo: 21.00
2026-06-02T04:09:52.058-05:00  INFO 8500 --- [loadroute-backend] [pool-2-thread-1] c.l.algorithm.SimulatedAnnealing         : SA-Opt fin | iter: 4669 | reheats: 5 | mejoras: 507 | peores: 589 | cache: 2321 hits | costo: 21.00 -> 21.00 (0.0%) | tiempo: 0.0s
2026-06-02T04:09:52.060-05:00  INFO 8500 --- [loadroute-backend] [pool-2-thread-1] c.l.algorithm.SimulatedAnnealing         : SA-Opt inicio | T0=1000.0 | costo greedy: 134.00 | envios: 8/8
2026-06-02T04:09:52.063-05:00  INFO 8500 --- [loadroute-backend] [pool-2-thread-1] c.l.algorithm.SimulatedAnnealing         : SA-Opt reheat #1 | T=300.00 | costo: 134.00
2026-06-02T04:09:52.065-05:00  INFO 8500 --- [loadroute-backend] [pool-2-thread-1] c.l.algorithm.SimulatedAnnealing         : SA-Opt reheat #2 | T=90.00 | costo: 134.00
2026-06-02T04:09:52.066-05:00  INFO 8500 --- [loadroute-backend] [pool-2-thread-1] c.l.algorithm.SimulatedAnnealing         : SA-Opt reheat #3 | T=27.00 | costo: 134.00
2026-06-02T04:09:52.067-05:00  INFO 8500 --- [loadroute-backend] [pool-2-thread-1] c.l.algorithm.SimulatedAnnealing         : SA-Opt reheat #4 | T=8.10 | costo: 134.00
2026-06-02T04:09:52.068-05:00  INFO 8500 --- [loadroute-backend] [pool-2-thread-1] c.l.algorithm.SimulatedAnnealing         : SA-Opt reheat #5 | T=2.43 | costo: 134.00
2026-06-02T04:09:52.068-05:00  INFO 8500 --- [loadroute-backend] [pool-2-thread-1] c.l.algorithm.SimulatedAnnealing         : SA-Opt fin | iter: 4669 | reheats: 5 | mejoras: 592 | peores: 765 | cache: 2299 hits | costo: 134.00 -> 134.00 (0.0%) | tiempo: 0.0s
2026-06-02T04:09:52.070-05:00  INFO 8500 --- [loadroute-backend] [pool-2-thread-1] c.l.algorithm.SimulatedAnnealing         : SA-Opt inicio | T0=1000.0 | costo greedy: 106.00 | envios: 7/7
2026-06-02T04:09:52.073-05:00  INFO 8500 --- [loadroute-backend] [pool-2-thread-1] c.l.algorithm.SimulatedAnnealing         : SA-Opt reheat #1 | T=300.00 | costo: 106.00
2026-06-02T04:09:52.074-05:00  INFO 8500 --- [loadroute-backend] [pool-2-thread-1] c.l.algorithm.SimulatedAnnealing         : SA-Opt reheat #2 | T=90.00 | costo: 106.00
2026-06-02T04:09:52.076-05:00  INFO 8500 --- [loadroute-backend] [pool-2-thread-1] c.l.algorithm.SimulatedAnnealing         : SA-Opt reheat #3 | T=27.00 | costo: 106.00
2026-06-02T04:09:52.077-05:00  INFO 8500 --- [loadroute-backend] [pool-2-thread-1] c.l.algorithm.SimulatedAnnealing         : SA-Opt reheat #4 | T=8.10 | costo: 106.00
2026-06-02T04:09:52.077-05:00  INFO 8500 --- [loadroute-backend] [pool-2-thread-1] c.l.algorithm.SimulatedAnnealing         : SA-Opt reheat #5 | T=2.43 | costo: 106.00
2026-06-02T04:09:52.078-05:00  INFO 8500 --- [loadroute-backend] [pool-2-thread-1] c.l.algorithm.SimulatedAnnealing         : SA-Opt fin | iter: 4669 | reheats: 5 | mejoras: 522 | peores: 580 | cache: 2370 hits | costo: 106.00 -> 106.00 (0.0%) | tiempo: 0.0s
2026-06-02T04:09:52.078-05:00  INFO 8500 --- [loadroute-backend] [pool-2-thread-1] c.l.algorithm.SimulatedAnnealing         : SA-Opt inicio | T0=1000.0 | costo greedy: 16.00 | envios: 1/1
2026-06-02T04:09:52.080-05:00  INFO 8500 --- [loadroute-backend] [pool-2-thread-1] c.l.algorithm.SimulatedAnnealing         : SA-Opt reheat #1 | T=300.00 | costo: 16.00
2026-06-02T04:09:52.082-05:00  INFO 8500 --- [loadroute-backend] [pool-2-thread-1] c.l.algorithm.SimulatedAnnealing         : SA-Opt reheat #2 | T=90.00 | costo: 16.00
2026-06-02T04:09:52.083-05:00  INFO 8500 --- [loadroute-backend] [pool-2-thread-1] c.l.algorithm.SimulatedAnnealing         : SA-Opt reheat #3 | T=27.00 | costo: 16.00
2026-06-02T04:09:52.084-05:00  INFO 8500 --- [loadroute-backend] [pool-2-thread-1] c.l.algorithm.SimulatedAnnealing         : SA-Opt reheat #4 | T=8.10 | costo: 16.00
2026-06-02T04:09:52.085-05:00  INFO 8500 --- [loadroute-backend] [pool-2-thread-1] c.l.algorithm.SimulatedAnnealing         : SA-Opt reheat #5 | T=2.43 | costo: 16.00
2026-06-02T04:09:52.085-05:00  INFO 8500 --- [loadroute-backend] [pool-2-thread-1] c.l.algorithm.SimulatedAnnealing         : SA-Opt fin | iter: 4669 | reheats: 5 | mejoras: 463 | peores: 535 | cache: 2367 hits | costo: 16.00 -> 16.00 (0.0%) | tiempo: 0.0s
2026-06-02T04:09:52.087-05:00  INFO 8500 --- [loadroute-backend] [pool-2-thread-1] c.l.algorithm.SimulatedAnnealing         : SA-Opt inicio | T0=1000.0 | costo greedy: 27.00 | envios: 3/3
2026-06-02T04:09:52.090-05:00  INFO 8500 --- [loadroute-backend] [pool-2-thread-1] c.l.algorithm.SimulatedAnnealing         : SA-Opt reheat #1 | T=300.00 | costo: 27.00
2026-06-02T04:09:52.091-05:00  INFO 8500 --- [loadroute-backend] [pool-2-thread-1] c.l.algorithm.SimulatedAnnealing         : SA-Opt reheat #2 | T=90.00 | costo: 27.00
2026-06-02T04:09:52.093-05:00  INFO 8500 --- [loadroute-backend] [pool-2-thread-1] c.l.algorithm.SimulatedAnnealing         : SA-Opt reheat #3 | T=27.00 | costo: 27.00
2026-06-02T04:09:52.094-05:00  INFO 8500 --- [loadroute-backend] [pool-2-thread-1] c.l.algorithm.SimulatedAnnealing         : SA-Opt reheat #4 | T=8.10 | costo: 27.00
2026-06-02T04:09:52.094-05:00  INFO 8500 --- [loadroute-backend] [pool-2-thread-1] c.l.algorithm.SimulatedAnnealing         : SA-Opt reheat #5 | T=2.43 | costo: 27.00
2026-06-02T04:09:52.095-05:00  INFO 8500 --- [loadroute-backend] [pool-2-thread-1] c.l.algorithm.SimulatedAnnealing         : SA-Opt fin | iter: 4669 | reheats: 5 | mejoras: 572 | peores: 681 | cache: 2313 hits | costo: 27.00 -> 27.00 (0.0%) | tiempo: 0.0s
2026-06-02T04:09:52.095-05:00  INFO 8500 --- [loadroute-backend] [pool-2-thread-1] c.l.algorithm.SimulatedAnnealing         : SA-Opt inicio | T0=1000.0 | costo greedy: 5.00 | envios: 1/1
2026-06-02T04:09:52.098-05:00  INFO 8500 --- [loadroute-backend] [pool-2-thread-1] c.l.algorithm.SimulatedAnnealing         : SA-Opt reheat #1 | T=300.00 | costo: 5.00
2026-06-02T04:09:52.100-05:00  INFO 8500 --- [loadroute-backend] [pool-2-thread-1] c.l.algorithm.SimulatedAnnealing         : SA-Opt reheat #2 | T=90.00 | costo: 5.00
2026-06-02T04:09:52.102-05:00  INFO 8500 --- [loadroute-backend] [pool-2-thread-1] c.l.algorithm.SimulatedAnnealing         : SA-Opt reheat #3 | T=27.00 | costo: 5.00
2026-06-02T04:09:52.104-05:00  INFO 8500 --- [loadroute-backend] [pool-2-thread-1] c.l.algorithm.SimulatedAnnealing         : SA-Opt reheat #4 | T=8.10 | costo: 5.00
2026-06-02T04:09:52.105-05:00  INFO 8500 --- [loadroute-backend] [pool-2-thread-1] c.l.algorithm.SimulatedAnnealing         : SA-Opt reheat #5 | T=2.43 | costo: 5.00
2026-06-02T04:09:52.105-05:00  INFO 8500 --- [loadroute-backend] [pool-2-thread-1] c.l.algorithm.SimulatedAnnealing         : SA-Opt fin | iter: 4669 | reheats: 5 | mejoras: 632 | peores: 791 | cache: 2320 hits | costo: 5.00 -> 5.00 (0.0%) | tiempo: 0.0s
2026-06-02T04:09:52.106-05:00  INFO 8500 --- [loadroute-backend] [pool-2-thread-1] c.l.algorithm.SimulatedAnnealing         : SA-Opt inicio | T0=1000.0 | costo greedy: 31.00 | envios: 3/3
2026-06-02T04:09:52.109-05:00  INFO 8500 --- [loadroute-backend] [pool-2-thread-1] c.l.algorithm.SimulatedAnnealing         : SA-Opt reheat #1 | T=300.00 | costo: 31.00
2026-06-02T04:09:52.113-05:00  INFO 8500 --- [loadroute-backend] [pool-2-thread-1] c.l.algorithm.SimulatedAnnealing         : SA-Opt reheat #2 | T=90.00 | costo: 31.00
2026-06-02T04:09:52.114-05:00  INFO 8500 --- [loadroute-backend] [pool-2-thread-1] c.l.algorithm.SimulatedAnnealing         : SA-Opt reheat #3 | T=27.00 | costo: 31.00
2026-06-02T04:09:52.115-05:00  INFO 8500 --- [loadroute-backend] [pool-2-thread-1] c.l.algorithm.SimulatedAnnealing         : SA-Opt reheat #4 | T=8.10 | costo: 31.00
2026-06-02T04:09:52.115-05:00  INFO 8500 --- [loadroute-backend] [pool-2-thread-1] c.l.algorithm.SimulatedAnnealing         : SA-Opt reheat #5 | T=2.43 | costo: 31.00
2026-06-02T04:09:52.116-05:00  INFO 8500 --- [loadroute-backend] [pool-2-thread-1] c.l.algorithm.SimulatedAnnealing         : SA-Opt fin | iter: 4669 | reheats: 5 | mejoras: 528 | peores: 560 | cache: 2300 hits | costo: 31.00 -> 31.00 (0.0%) | tiempo: 0.0s
2026-06-02T04:09:52.116-05:00  INFO 8500 --- [loadroute-backend] [pool-2-thread-1] c.l.algorithm.SimulatedAnnealing         : SA-Opt inicio | T0=1000.0 | costo greedy: 16.00 | envios: 1/1
2026-06-02T04:09:52.118-05:00  INFO 8500 --- [loadroute-backend] [pool-2-thread-1] c.l.algorithm.SimulatedAnnealing         : SA-Opt reheat #1 | T=300.00 | costo: 16.00
2026-06-02T04:09:52.120-05:00  INFO 8500 --- [loadroute-backend] [pool-2-thread-1] c.l.algorithm.SimulatedAnnealing         : SA-Opt reheat #2 | T=90.00 | costo: 16.00
2026-06-02T04:09:52.120-05:00  INFO 8500 --- [loadroute-backend] [pool-2-thread-1] c.l.algorithm.SimulatedAnnealing         : SA-Opt reheat #3 | T=27.00 | costo: 16.00
2026-06-02T04:09:52.121-05:00  INFO 8500 --- [loadroute-backend] [pool-2-thread-1] c.l.algorithm.SimulatedAnnealing         : SA-Opt reheat #4 | T=8.10 | costo: 16.00
2026-06-02T04:09:52.122-05:00  INFO 8500 --- [loadroute-backend] [pool-2-thread-1] c.l.algorithm.SimulatedAnnealing         : SA-Opt reheat #5 | T=2.43 | costo: 16.00
2026-06-02T04:09:52.122-05:00  INFO 8500 --- [loadroute-backend] [pool-2-thread-1] c.l.algorithm.SimulatedAnnealing         : SA-Opt fin | iter: 4669 | reheats: 5 | mejoras: 460 | peores: 625 | cache: 2294 hits | costo: 16.00 -> 16.00 (0.0%) | tiempo: 0.0s
2026-06-02T04:09:52.123-05:00  INFO 8500 --- [loadroute-backend] [pool-2-thread-1] c.l.algorithm.SimulatedAnnealing         : SA-Opt inicio | T0=1000.0 | costo greedy: 42.00 | envios: 4/4
2026-06-02T04:09:52.126-05:00  INFO 8500 --- [loadroute-backend] [pool-2-thread-1] c.l.algorithm.SimulatedAnnealing         : SA-Opt reheat #1 | T=300.00 | costo: 42.00
2026-06-02T04:09:52.127-05:00  INFO 8500 --- [loadroute-backend] [pool-2-thread-1] c.l.algorithm.SimulatedAnnealing         : SA-Opt reheat #2 | T=90.00 | costo: 42.00
2026-06-02T04:09:52.129-05:00  INFO 8500 --- [loadroute-backend] [pool-2-thread-1] c.l.algorithm.SimulatedAnnealing         : SA-Opt reheat #3 | T=27.00 | costo: 42.00
2026-06-02T04:09:52.129-05:00  INFO 8500 --- [loadroute-backend] [pool-2-thread-1] c.l.algorithm.SimulatedAnnealing         : SA-Opt reheat #4 | T=8.10 | costo: 42.00
2026-06-02T04:09:52.130-05:00  INFO 8500 --- [loadroute-backend] [pool-2-thread-1] c.l.algorithm.SimulatedAnnealing         : SA-Opt reheat #5 | T=2.43 | costo: 42.00
2026-06-02T04:09:52.130-05:00  INFO 8500 --- [loadroute-backend] [pool-2-thread-1] c.l.algorithm.SimulatedAnnealing         : SA-Opt fin | iter: 4669 | reheats: 5 | mejoras: 546 | peores: 620 | cache: 2285 hits | costo: 42.00 -> 42.00 (0.0%) | tiempo: 0.0s
2026-06-02T04:09:52.131-05:00  INFO 8500 --- [loadroute-backend] [pool-2-thread-1] c.l.algorithm.SimulatedAnnealing         : SA-Opt inicio | T0=1000.0 | costo greedy: 27.00 | envios: 2/2
2026-06-02T04:09:52.134-05:00  INFO 8500 --- [loadroute-backend] [pool-2-thread-1] c.l.algorithm.SimulatedAnnealing         : SA-Opt reheat #1 | T=300.00 | costo: 27.00
2026-06-02T04:09:52.135-05:00  INFO 8500 --- [loadroute-backend] [pool-2-thread-1] c.l.algorithm.SimulatedAnnealing         : SA-Opt reheat #2 | T=90.00 | costo: 27.00
2026-06-02T04:09:52.137-05:00  INFO 8500 --- [loadroute-backend] [pool-2-thread-1] c.l.algorithm.SimulatedAnnealing         : SA-Opt reheat #3 | T=27.00 | costo: 27.00
2026-06-02T04:09:52.137-05:00  INFO 8500 --- [loadroute-backend] [pool-2-thread-1] c.l.algorithm.SimulatedAnnealing         : SA-Opt reheat #4 | T=8.10 | costo: 27.00
2026-06-02T04:09:52.138-05:00  INFO 8500 --- [loadroute-backend] [pool-2-thread-1] c.l.algorithm.SimulatedAnnealing         : SA-Opt reheat #5 | T=2.43 | costo: 27.00
2026-06-02T04:09:52.138-05:00  INFO 8500 --- [loadroute-backend] [pool-2-thread-1] c.l.algorithm.SimulatedAnnealing         : SA-Opt fin | iter: 4669 | reheats: 5 | mejoras: 483 | peores: 579 | cache: 2360 hits | costo: 27.00 -> 27.00 (0.0%) | tiempo: 0.0s
2026-06-02T04:09:52.140-05:00  INFO 8500 --- [loadroute-backend] [pool-2-thread-1] c.l.algorithm.SimulatedAnnealing         : SA-Opt inicio | T0=1000.0 | costo greedy: 30.00 | envios: 3/3
2026-06-02T04:09:52.142-05:00  INFO 8500 --- [loadroute-backend] [pool-2-thread-1] c.l.algorithm.SimulatedAnnealing         : SA-Opt reheat #1 | T=300.00 | costo: 30.00
2026-06-02T04:09:52.144-05:00  INFO 8500 --- [loadroute-backend] [pool-2-thread-1] c.l.algorithm.SimulatedAnnealing         : SA-Opt reheat #2 | T=90.00 | costo: 30.00
2026-06-02T04:09:52.145-05:00  INFO 8500 --- [loadroute-backend] [pool-2-thread-1] c.l.algorithm.SimulatedAnnealing         : SA-Opt reheat #3 | T=27.00 | costo: 30.00
2026-06-02T04:09:52.146-05:00  INFO 8500 --- [loadroute-backend] [pool-2-thread-1] c.l.algorithm.SimulatedAnnealing         : SA-Opt reheat #4 | T=8.10 | costo: 30.00
2026-06-02T04:09:52.146-05:00  INFO 8500 --- [loadroute-backend] [pool-2-thread-1] c.l.algorithm.SimulatedAnnealing         : SA-Opt reheat #5 | T=2.43 | costo: 30.00
2026-06-02T04:09:52.147-05:00  INFO 8500 --- [loadroute-backend] [pool-2-thread-1] c.l.algorithm.SimulatedAnnealing         : SA-Opt fin | iter: 4669 | reheats: 5 | mejoras: 547 | peores: 683 | cache: 2335 hits | costo: 30.00 -> 30.00 (0.0%) | tiempo: 0.0s
2026-06-02T04:09:52.147-05:00  INFO 8500 --- [loadroute-backend] [pool-2-thread-1] c.l.algorithm.SimulatedAnnealing         : SA-Opt inicio | T0=1000.0 | costo greedy: 15.00 | envios: 1/1
2026-06-02T04:09:52.150-05:00  INFO 8500 --- [loadroute-backend] [pool-2-thread-1] c.l.algorithm.SimulatedAnnealing         : SA-Opt reheat #1 | T=300.00 | costo: 15.00
2026-06-02T04:09:52.151-05:00  INFO 8500 --- [loadroute-backend] [pool-2-thread-1] c.l.algorithm.SimulatedAnnealing         : SA-Opt reheat #2 | T=90.00 | costo: 15.00
2026-06-02T04:09:52.153-05:00  INFO 8500 --- [loadroute-backend] [pool-2-thread-1] c.l.algorithm.SimulatedAnnealing         : SA-Opt reheat #3 | T=27.00 | costo: 15.00
2026-06-02T04:09:52.154-05:00  INFO 8500 --- [loadroute-backend] [pool-2-thread-1] c.l.algorithm.SimulatedAnnealing         : SA-Opt reheat #4 | T=8.10 | costo: 15.00
2026-06-02T04:09:52.154-05:00  INFO 8500 --- [loadroute-backend] [pool-2-thread-1] c.l.algorithm.SimulatedAnnealing         : SA-Opt reheat #5 | T=2.43 | costo: 15.00
2026-06-02T04:09:52.155-05:00  INFO 8500 --- [loadroute-backend] [pool-2-thread-1] c.l.algorithm.SimulatedAnnealing         : SA-Opt fin | iter: 4669 | reheats: 5 | mejoras: 484 | peores: 621 | cache: 2331 hits | costo: 15.00 -> 15.00 (0.0%) | tiempo: 0.0s
2026-06-02T04:09:52.155-05:00  INFO 8500 --- [loadroute-backend] [pool-2-thread-1] c.l.algorithm.SimulatedAnnealing         : SA-Opt inicio | T0=1000.0 | costo greedy: 20.00 | envios: 1/1
2026-06-02T04:09:52.157-05:00  INFO 8500 --- [loadroute-backend] [pool-2-thread-1] c.l.algorithm.SimulatedAnnealing         : SA-Opt reheat #1 | T=300.00 | costo: 20.00
2026-06-02T04:09:52.158-05:00  INFO 8500 --- [loadroute-backend] [pool-2-thread-1] c.l.algorithm.SimulatedAnnealing         : SA-Opt reheat #2 | T=90.00 | costo: 20.00
2026-06-02T04:09:52.160-05:00  INFO 8500 --- [loadroute-backend] [pool-2-thread-1] c.l.algorithm.SimulatedAnnealing         : SA-Opt reheat #3 | T=27.00 | costo: 20.00
2026-06-02T04:09:52.160-05:00  INFO 8500 --- [loadroute-backend] [pool-2-thread-1] c.l.algorithm.SimulatedAnnealing         : SA-Opt reheat #4 | T=8.10 | costo: 20.00
2026-06-02T04:09:52.161-05:00  INFO 8500 --- [loadroute-backend] [pool-2-thread-1] c.l.algorithm.SimulatedAnnealing         : SA-Opt reheat #5 | T=2.43 | costo: 20.00
2026-06-02T04:09:52.161-05:00  INFO 8500 --- [loadroute-backend] [pool-2-thread-1] c.l.algorithm.SimulatedAnnealing         : SA-Opt fin | iter: 4669 | reheats: 5 | mejoras: 563 | peores: 645 | cache: 2294 hits | costo: 20.00 -> 20.00 (0.0%) | tiempo: 0.0s
2026-06-02T04:09:52.161-05:00  INFO 8500 --- [loadroute-backend] [pool-2-thread-1] c.l.algorithm.SimulatedAnnealing         : SA-Opt inicio | T0=1000.0 | costo greedy: 18.00 | envios: 2/2
2026-06-02T04:09:52.164-05:00  INFO 8500 --- [loadroute-backend] [pool-2-thread-1] c.l.algorithm.SimulatedAnnealing         : SA-Opt reheat #1 | T=300.00 | costo: 18.00
2026-06-02T04:09:52.166-05:00  INFO 8500 --- [loadroute-backend] [pool-2-thread-1] c.l.algorithm.SimulatedAnnealing         : SA-Opt reheat #2 | T=90.00 | costo: 18.00
2026-06-02T04:09:52.167-05:00  INFO 8500 --- [loadroute-backend] [pool-2-thread-1] c.l.algorithm.SimulatedAnnealing         : SA-Opt reheat #3 | T=27.00 | costo: 18.00
2026-06-02T04:09:52.168-05:00  INFO 8500 --- [loadroute-backend] [pool-2-thread-1] c.l.algorithm.SimulatedAnnealing         : SA-Opt reheat #4 | T=8.10 | costo: 18.00
2026-06-02T04:09:52.168-05:00  INFO 8500 --- [loadroute-backend] [pool-2-thread-1] c.l.algorithm.SimulatedAnnealing         : SA-Opt reheat #5 | T=2.43 | costo: 18.00
2026-06-02T04:09:52.169-05:00  INFO 8500 --- [loadroute-backend] [pool-2-thread-1] c.l.algorithm.SimulatedAnnealing         : SA-Opt fin | iter: 4669 | reheats: 5 | mejoras: 540 | peores: 633 | cache: 2355 hits | costo: 18.00 -> 18.00 (0.0%) | tiempo: 0.0s
2026-06-02T04:09:52.169-05:00  INFO 8500 --- [loadroute-backend] [pool-2-thread-1] c.l.algorithm.SimulatedAnnealing         : SA-Opt inicio | T0=1000.0 | costo greedy: 16.00 | envios: 1/1
2026-06-02T04:09:52.170-05:00  INFO 8500 --- [loadroute-backend] [pool-2-thread-1] c.l.algorithm.SimulatedAnnealing         : SA-Opt reheat #1 | T=300.00 | costo: 16.00
2026-06-02T04:09:52.172-05:00  INFO 8500 --- [loadroute-backend] [pool-2-thread-1] c.l.algorithm.SimulatedAnnealing         : SA-Opt reheat #2 | T=90.00 | costo: 16.00
2026-06-02T04:09:52.173-05:00  INFO 8500 --- [loadroute-backend] [pool-2-thread-1] c.l.algorithm.SimulatedAnnealing         : SA-Opt reheat #3 | T=27.00 | costo: 16.00
2026-06-02T04:09:52.174-05:00  INFO 8500 --- [loadroute-backend] [pool-2-thread-1] c.l.algorithm.SimulatedAnnealing         : SA-Opt reheat #4 | T=8.10 | costo: 16.00
2026-06-02T04:09:52.175-05:00  INFO 8500 --- [loadroute-backend] [pool-2-thread-1] c.l.algorithm.SimulatedAnnealing         : SA-Opt reheat #5 | T=2.43 | costo: 16.00
2026-06-02T04:09:52.175-05:00  INFO 8500 --- [loadroute-backend] [pool-2-thread-1] c.l.algorithm.SimulatedAnnealing         : SA-Opt fin | iter: 4669 | reheats: 5 | mejoras: 474 | peores: 595 | cache: 2302 hits | costo: 16.00 -> 16.00 (0.0%) | tiempo: 0.0s
2026-06-02T04:09:52.176-05:00  INFO 8500 --- [loadroute-backend] [pool-2-thread-1] c.l.algorithm.SimulatedAnnealing         : SA-Opt inicio | T0=1000.0 | costo greedy: 12.00 | envios: 2/2
2026-06-02T04:09:52.178-05:00  INFO 8500 --- [loadroute-backend] [pool-2-thread-1] c.l.algorithm.SimulatedAnnealing         : SA-Opt reheat #1 | T=300.00 | costo: 12.00
2026-06-02T04:09:52.179-05:00  INFO 8500 --- [loadroute-backend] [pool-2-thread-1] c.l.algorithm.SimulatedAnnealing         : SA-Opt reheat #2 | T=90.00 | costo: 12.00
2026-06-02T04:09:52.180-05:00  INFO 8500 --- [loadroute-backend] [pool-2-thread-1] c.l.algorithm.SimulatedAnnealing         : SA-Opt reheat #3 | T=27.00 | costo: 12.00
2026-06-02T04:09:52.181-05:00  INFO 8500 --- [loadroute-backend] [pool-2-thread-1] c.l.algorithm.SimulatedAnnealing         : SA-Opt reheat #4 | T=8.10 | costo: 12.00
2026-06-02T04:09:52.182-05:00  INFO 8500 --- [loadroute-backend] [pool-2-thread-1] c.l.algorithm.SimulatedAnnealing         : SA-Opt reheat #5 | T=2.43 | costo: 12.00
2026-06-02T04:09:52.182-05:00  INFO 8500 --- [loadroute-backend] [pool-2-thread-1] c.l.algorithm.SimulatedAnnealing         : SA-Opt fin | iter: 4669 | reheats: 5 | mejoras: 527 | peores: 580 | cache: 2321 hits | costo: 12.00 -> 12.00 (0.0%) | tiempo: 0.0s
2026-06-02T04:09:52.183-05:00  INFO 8500 --- [loadroute-backend] [pool-2-thread-1] c.l.algorithm.SimulatedAnnealing         : SA-Opt inicio | T0=1000.0 | costo greedy: 24.00 | envios: 2/2
2026-06-02T04:09:52.185-05:00  INFO 8500 --- [loadroute-backend] [pool-2-thread-1] c.l.algorithm.SimulatedAnnealing         : SA-Opt reheat #1 | T=300.00 | costo: 24.00
2026-06-02T04:09:52.186-05:00  INFO 8500 --- [loadroute-backend] [pool-2-thread-1] c.l.algorithm.SimulatedAnnealing         : SA-Opt reheat #2 | T=90.00 | costo: 24.00
2026-06-02T04:09:52.187-05:00  INFO 8500 --- [loadroute-backend] [pool-2-thread-1] c.l.algorithm.SimulatedAnnealing         : SA-Opt reheat #3 | T=27.00 | costo: 24.00
2026-06-02T04:09:52.188-05:00  INFO 8500 --- [loadroute-backend] [pool-2-thread-1] c.l.algorithm.SimulatedAnnealing         : SA-Opt reheat #4 | T=8.10 | costo: 24.00
2026-06-02T04:09:52.189-05:00  INFO 8500 --- [loadroute-backend] [pool-2-thread-1] c.l.algorithm.SimulatedAnnealing         : SA-Opt reheat #5 | T=2.43 | costo: 24.00
2026-06-02T04:09:52.189-05:00  INFO 8500 --- [loadroute-backend] [pool-2-thread-1] c.l.algorithm.SimulatedAnnealing         : SA-Opt fin | iter: 4669 | reheats: 5 | mejoras: 503 | peores: 553 | cache: 2313 hits | costo: 24.00 -> 24.00 (0.0%) | tiempo: 0.0s
2026-06-02T04:09:52.190-05:00  INFO 8500 --- [loadroute-backend] [pool-2-thread-1] c.l.algorithm.SimulatedAnnealing         : SA-Opt inicio | T0=1000.0 | costo greedy: 40.00 | envios: 3/3
2026-06-02T04:09:52.192-05:00  INFO 8500 --- [loadroute-backend] [pool-2-thread-1] c.l.algorithm.SimulatedAnnealing         : SA-Opt reheat #1 | T=300.00 | costo: 40.00
2026-06-02T04:09:52.194-05:00  INFO 8500 --- [loadroute-backend] [pool-2-thread-1] c.l.algorithm.SimulatedAnnealing         : SA-Opt reheat #2 | T=90.00 | costo: 40.00
2026-06-02T04:09:52.195-05:00  INFO 8500 --- [loadroute-backend] [pool-2-thread-1] c.l.algorithm.SimulatedAnnealing         : SA-Opt reheat #3 | T=27.00 | costo: 40.00
2026-06-02T04:09:52.196-05:00  INFO 8500 --- [loadroute-backend] [pool-2-thread-1] c.l.algorithm.SimulatedAnnealing         : SA-Opt reheat #4 | T=8.10 | costo: 40.00
2026-06-02T04:09:52.197-05:00  INFO 8500 --- [loadroute-backend] [pool-2-thread-1] c.l.algorithm.SimulatedAnnealing         : SA-Opt reheat #5 | T=2.43 | costo: 40.00
2026-06-02T04:09:52.198-05:00  INFO 8500 --- [loadroute-backend] [pool-2-thread-1] c.l.algorithm.SimulatedAnnealing         : SA-Opt fin | iter: 4669 | reheats: 5 | mejoras: 473 | peores: 515 | cache: 2332 hits | costo: 40.00 -> 40.00 (0.0%) | tiempo: 0.0s
2026-06-02T04:09:52.200-05:00  INFO 8500 --- [loadroute-backend] [pool-2-thread-1] c.l.algorithm.SimulatedAnnealing         : SA-Opt inicio | T0=1000.0 | costo greedy: 57.00 | envios: 4/4
2026-06-02T04:09:52.202-05:00  INFO 8500 --- [loadroute-backend] [pool-2-thread-1] c.l.algorithm.SimulatedAnnealing         : SA-Opt reheat #1 | T=300.00 | costo: 57.00
2026-06-02T04:09:52.204-05:00  INFO 8500 --- [loadroute-backend] [pool-2-thread-1] c.l.algorithm.SimulatedAnnealing         : SA-Opt reheat #2 | T=90.00 | costo: 57.00
2026-06-02T04:09:52.205-05:00  INFO 8500 --- [loadroute-backend] [pool-2-thread-1] c.l.algorithm.SimulatedAnnealing         : SA-Opt reheat #3 | T=27.00 | costo: 57.00
2026-06-02T04:09:52.206-05:00  INFO 8500 --- [loadroute-backend] [pool-2-thread-1] c.l.algorithm.SimulatedAnnealing         : SA-Opt reheat #4 | T=8.10 | costo: 57.00
2026-06-02T04:09:52.207-05:00  INFO 8500 --- [loadroute-backend] [pool-2-thread-1] c.l.algorithm.SimulatedAnnealing         : SA-Opt reheat #5 | T=2.43 | costo: 57.00
2026-06-02T04:09:52.207-05:00  INFO 8500 --- [loadroute-backend] [pool-2-thread-1] c.l.algorithm.SimulatedAnnealing         : SA-Opt fin | iter: 4669 | reheats: 5 | mejoras: 540 | peores: 633 | cache: 2353 hits | costo: 57.00 -> 57.00 (0.0%) | tiempo: 0.0s
2026-06-02T04:09:52.209-05:00  INFO 8500 --- [loadroute-backend] [pool-2-thread-1] c.l.algorithm.SimulatedAnnealing         : SA-Opt inicio | T0=1000.0 | costo greedy: 122.00 | envios: 9/9
2026-06-02T04:09:52.213-05:00  INFO 8500 --- [loadroute-backend] [pool-2-thread-1] c.l.algorithm.SimulatedAnnealing         : SA-Opt reheat #1 | T=300.00 | costo: 122.00
2026-06-02T04:09:52.214-05:00  INFO 8500 --- [loadroute-backend] [pool-2-thread-1] c.l.algorithm.SimulatedAnnealing         : SA-Opt reheat #2 | T=90.00 | costo: 122.00
2026-06-02T04:09:52.216-05:00  INFO 8500 --- [loadroute-backend] [pool-2-thread-1] c.l.algorithm.SimulatedAnnealing         : SA-Opt reheat #3 | T=27.00 | costo: 122.00
2026-06-02T04:09:52.217-05:00  INFO 8500 --- [loadroute-backend] [pool-2-thread-1] c.l.algorithm.SimulatedAnnealing         : SA-Opt reheat #4 | T=8.10 | costo: 122.00
2026-06-02T04:09:52.218-05:00  INFO 8500 --- [loadroute-backend] [pool-2-thread-1] c.l.algorithm.SimulatedAnnealing         : SA-Opt reheat #5 | T=2.43 | costo: 122.00
2026-06-02T04:09:52.218-05:00  INFO 8500 --- [loadroute-backend] [pool-2-thread-1] c.l.algorithm.SimulatedAnnealing         : SA-Opt fin | iter: 4669 | reheats: 5 | mejoras: 541 | peores: 628 | cache: 2256 hits | costo: 122.00 -> 122.00 (0.0%) | tiempo: 0.0s
2026-06-02T04:09:52.218-05:00  INFO 8500 --- [loadroute-backend] [pool-2-thread-1] c.l.algorithm.SimulatedAnnealing         : SA-Opt inicio | T0=1000.0 | costo greedy: 10.00 | envios: 1/1
2026-06-02T04:09:52.220-05:00  INFO 8500 --- [loadroute-backend] [pool-2-thread-1] c.l.algorithm.SimulatedAnnealing         : SA-Opt reheat #1 | T=300.00 | costo: 10.00
2026-06-02T04:09:52.221-05:00  INFO 8500 --- [loadroute-backend] [pool-2-thread-1] c.l.algorithm.SimulatedAnnealing         : SA-Opt reheat #2 | T=90.00 | costo: 10.00
2026-06-02T04:09:52.222-05:00  INFO 8500 --- [loadroute-backend] [pool-2-thread-1] c.l.algorithm.SimulatedAnnealing         : SA-Opt reheat #3 | T=27.00 | costo: 10.00
2026-06-02T04:09:52.223-05:00  INFO 8500 --- [loadroute-backend] [pool-2-thread-1] c.l.algorithm.SimulatedAnnealing         : SA-Opt reheat #4 | T=8.10 | costo: 10.00
2026-06-02T04:09:52.224-05:00  INFO 8500 --- [loadroute-backend] [pool-2-thread-1] c.l.algorithm.SimulatedAnnealing         : SA-Opt reheat #5 | T=2.43 | costo: 10.00
2026-06-02T04:09:52.225-05:00  INFO 8500 --- [loadroute-backend] [pool-2-thread-1] c.l.algorithm.SimulatedAnnealing         : SA-Opt fin | iter: 4669 | reheats: 5 | mejoras: 488 | peores: 491 | cache: 2355 hits | costo: 10.00 -> 10.00 (0.0%) | tiempo: 0.0s
2026-06-02T04:09:52.226-05:00  INFO 8500 --- [loadroute-backend] [pool-2-thread-1] c.l.algorithm.SimulatedAnnealing         : SA-Opt inicio | T0=1000.0 | costo greedy: 69.00 | envios: 4/4
2026-06-02T04:09:52.229-05:00  INFO 8500 --- [loadroute-backend] [pool-2-thread-1] c.l.algorithm.SimulatedAnnealing         : SA-Opt reheat #1 | T=300.00 | costo: 69.00
2026-06-02T04:09:52.231-05:00  INFO 8500 --- [loadroute-backend] [pool-2-thread-1] c.l.algorithm.SimulatedAnnealing         : SA-Opt reheat #2 | T=90.00 | costo: 69.00
2026-06-02T04:09:52.233-05:00  INFO 8500 --- [loadroute-backend] [pool-2-thread-1] c.l.algorithm.SimulatedAnnealing         : SA-Opt reheat #3 | T=27.00 | costo: 69.00
2026-06-02T04:09:52.234-05:00  INFO 8500 --- [loadroute-backend] [pool-2-thread-1] c.l.algorithm.SimulatedAnnealing         : SA-Opt reheat #4 | T=8.10 | costo: 69.00
2026-06-02T04:09:52.235-05:00  INFO 8500 --- [loadroute-backend] [pool-2-thread-1] c.l.algorithm.SimulatedAnnealing         : SA-Opt reheat #5 | T=2.43 | costo: 69.00
2026-06-02T04:09:52.236-05:00  INFO 8500 --- [loadroute-backend] [pool-2-thread-1] c.l.algorithm.SimulatedAnnealing         : SA-Opt fin | iter: 4669 | reheats: 5 | mejoras: 522 | peores: 628 | cache: 2359 hits | costo: 69.00 -> 69.00 (0.0%) | tiempo: 0.0s
2026-06-02T04:09:52.236-05:00  INFO 8500 --- [loadroute-backend] [pool-2-thread-1] c.l.algorithm.SimulatedAnnealing         : SA-Opt inicio | T0=1000.0 | costo greedy: 17.00 | envios: 1/1
2026-06-02T04:09:52.238-05:00  INFO 8500 --- [loadroute-backend] [pool-2-thread-1] c.l.algorithm.SimulatedAnnealing         : SA-Opt reheat #1 | T=300.00 | costo: 17.00
2026-06-02T04:09:52.239-05:00  INFO 8500 --- [loadroute-backend] [pool-2-thread-1] c.l.algorithm.SimulatedAnnealing         : SA-Opt reheat #2 | T=90.00 | costo: 17.00
2026-06-02T04:09:52.240-05:00  INFO 8500 --- [loadroute-backend] [pool-2-thread-1] c.l.algorithm.SimulatedAnnealing         : SA-Opt reheat #3 | T=27.00 | costo: 17.00
2026-06-02T04:09:52.241-05:00  INFO 8500 --- [loadroute-backend] [pool-2-thread-1] c.l.algorithm.SimulatedAnnealing         : SA-Opt reheat #4 | T=8.10 | costo: 17.00
2026-06-02T04:09:52.243-05:00  INFO 8500 --- [loadroute-backend] [pool-2-thread-1] c.l.algorithm.SimulatedAnnealing         : SA-Opt reheat #5 | T=2.43 | costo: 17.00
2026-06-02T04:09:52.243-05:00  INFO 8500 --- [loadroute-backend] [pool-2-thread-1] c.l.algorithm.SimulatedAnnealing         : SA-Opt fin | iter: 4669 | reheats: 5 | mejoras: 492 | peores: 616 | cache: 2374 hits | costo: 17.00 -> 17.00 (0.0%) | tiempo: 0.0s
2026-06-02T04:09:52.244-05:00  INFO 8500 --- [loadroute-backend] [pool-2-thread-1] c.l.algorithm.SimulatedAnnealing         : SA-Opt inicio | T0=1000.0 | costo greedy: 15.00 | envios: 2/2
2026-06-02T04:09:52.245-05:00  INFO 8500 --- [loadroute-backend] [pool-2-thread-1] c.l.algorithm.SimulatedAnnealing         : SA-Opt reheat #1 | T=300.00 | costo: 15.00
2026-06-02T04:09:52.247-05:00  INFO 8500 --- [loadroute-backend] [pool-2-thread-1] c.l.algorithm.SimulatedAnnealing         : SA-Opt reheat #2 | T=90.00 | costo: 15.00
2026-06-02T04:09:52.248-05:00  INFO 8500 --- [loadroute-backend] [pool-2-thread-1] c.l.algorithm.SimulatedAnnealing         : SA-Opt reheat #3 | T=27.00 | costo: 15.00
2026-06-02T04:09:52.248-05:00  INFO 8500 --- [loadroute-backend] [pool-2-thread-1] c.l.algorithm.SimulatedAnnealing         : SA-Opt reheat #4 | T=8.10 | costo: 15.00
2026-06-02T04:09:52.249-05:00  INFO 8500 --- [loadroute-backend] [pool-2-thread-1] c.l.algorithm.SimulatedAnnealing         : SA-Opt reheat #5 | T=2.43 | costo: 15.00
2026-06-02T04:09:52.249-05:00  INFO 8500 --- [loadroute-backend] [pool-2-thread-1] c.l.algorithm.SimulatedAnnealing         : SA-Opt fin | iter: 4669 | reheats: 5 | mejoras: 519 | peores: 594 | cache: 2353 hits | costo: 15.00 -> 15.00 (0.0%) | tiempo: 0.0s
2026-06-02T04:09:52.250-05:00  INFO 8500 --- [loadroute-backend] [pool-2-thread-1] c.l.algorithm.SimulatedAnnealing         : SA-Opt inicio | T0=1000.0 | costo greedy: 25.00 | envios: 2/2
2026-06-02T04:09:52.252-05:00  INFO 8500 --- [loadroute-backend] [pool-2-thread-1] c.l.algorithm.SimulatedAnnealing         : SA-Opt reheat #1 | T=300.00 | costo: 25.00
2026-06-02T04:09:52.252-05:00  INFO 8500 --- [loadroute-backend] [pool-2-thread-1] c.l.algorithm.SimulatedAnnealing         : SA-Opt reheat #2 | T=90.00 | costo: 25.00
2026-06-02T04:09:52.252-05:00  INFO 8500 --- [loadroute-backend] [pool-2-thread-1] c.l.algorithm.SimulatedAnnealing         : SA-Opt reheat #3 | T=27.00 | costo: 25.00
2026-06-02T04:09:52.252-05:00  INFO 8500 --- [loadroute-backend] [pool-2-thread-1] c.l.algorithm.SimulatedAnnealing         : SA-Opt reheat #4 | T=8.10 | costo: 25.00
2026-06-02T04:09:52.252-05:00  INFO 8500 --- [loadroute-backend] [pool-2-thread-1] c.l.algorithm.SimulatedAnnealing         : SA-Opt reheat #5 | T=2.43 | costo: 25.00
2026-06-02T04:09:52.252-05:00  INFO 8500 --- [loadroute-backend] [pool-2-thread-1] c.l.algorithm.SimulatedAnnealing         : SA-Opt fin | iter: 4669 | reheats: 5 | mejoras: 563 | peores: 705 | cache: 2358 hits | costo: 25.00 -> 25.00 (0.0%) | tiempo: 0.0s
2026-06-02T04:09:52.260-05:00  INFO 8500 --- [loadroute-backend] [pool-2-thread-1] c.l.algorithm.SimulatedAnnealing         : SA-Opt inicio | T0=1000.0 | costo greedy: 127.00 | envios: 10/10
2026-06-02T04:09:52.264-05:00  INFO 8500 --- [loadroute-backend] [pool-2-thread-1] c.l.algorithm.SimulatedAnnealing         : SA-Opt reheat #1 | T=300.00 | costo: 127.00
2026-06-02T04:09:52.266-05:00  INFO 8500 --- [loadroute-backend] [pool-2-thread-1] c.l.algorithm.SimulatedAnnealing         : SA-Opt reheat #2 | T=90.00 | costo: 127.00
2026-06-02T04:09:52.267-05:00  INFO 8500 --- [loadroute-backend] [pool-2-thread-1] c.l.algorithm.SimulatedAnnealing         : SA-Opt reheat #3 | T=27.00 | costo: 127.00
2026-06-02T04:09:52.268-05:00  INFO 8500 --- [loadroute-backend] [pool-2-thread-1] c.l.algorithm.SimulatedAnnealing         : SA-Opt reheat #4 | T=8.10 | costo: 127.00
2026-06-02T04:09:52.269-05:00  INFO 8500 --- [loadroute-backend] [pool-2-thread-1] c.l.algorithm.SimulatedAnnealing         : SA-Opt reheat #5 | T=2.43 | costo: 127.00
2026-06-02T04:09:52.270-05:00  INFO 8500 --- [loadroute-backend] [pool-2-thread-1] c.l.algorithm.SimulatedAnnealing         : SA-Opt fin | iter: 4669 | reheats: 5 | mejoras: 547 | peores: 611 | cache: 2332 hits | costo: 127.00 -> 127.00 (0.0%) | tiempo: 0.0s
2026-06-02T04:09:52.270-05:00  INFO 8500 --- [loadroute-backend] [pool-2-thread-1] c.l.algorithm.SimulatedAnnealing         : SA-Opt inicio | T0=1000.0 | costo greedy: 69.00 | envios: 6/6
2026-06-02T04:09:52.274-05:00  INFO 8500 --- [loadroute-backend] [pool-2-thread-1] c.l.algorithm.SimulatedAnnealing         : SA-Opt reheat #1 | T=300.00 | costo: 69.00
2026-06-02T04:09:52.276-05:00  INFO 8500 --- [loadroute-backend] [pool-2-thread-1] c.l.algorithm.SimulatedAnnealing         : SA-Opt reheat #2 | T=90.00 | costo: 69.00
2026-06-02T04:09:52.277-05:00  INFO 8500 --- [loadroute-backend] [pool-2-thread-1] c.l.algorithm.SimulatedAnnealing         : SA-Opt reheat #3 | T=27.00 | costo: 69.00
2026-06-02T04:09:52.278-05:00  INFO 8500 --- [loadroute-backend] [pool-2-thread-1] c.l.algorithm.SimulatedAnnealing         : SA-Opt reheat #4 | T=8.10 | costo: 69.00
2026-06-02T04:09:52.279-05:00  INFO 8500 --- [loadroute-backend] [pool-2-thread-1] c.l.algorithm.SimulatedAnnealing         : SA-Opt reheat #5 | T=2.43 | costo: 69.00
2026-06-02T04:09:52.279-05:00  INFO 8500 --- [loadroute-backend] [pool-2-thread-1] c.l.algorithm.SimulatedAnnealing         : SA-Opt fin | iter: 4669 | reheats: 5 | mejoras: 519 | peores: 587 | cache: 2331 hits | costo: 69.00 -> 69.00 (0.0%) | tiempo: 0.0s
2026-06-02T04:09:52.280-05:00  INFO 8500 --- [loadroute-backend] [pool-2-thread-1] c.l.algorithm.SimulatedAnnealing         : SA-Opt inicio | T0=1000.0 | costo greedy: 33.00 | envios: 2/2
2026-06-02T04:09:52.282-05:00  INFO 8500 --- [loadroute-backend] [pool-2-thread-1] c.l.algorithm.SimulatedAnnealing         : SA-Opt reheat #1 | T=300.00 | costo: 33.00
2026-06-02T04:09:52.283-05:00  INFO 8500 --- [loadroute-backend] [pool-2-thread-1] c.l.algorithm.SimulatedAnnealing         : SA-Opt reheat #2 | T=90.00 | costo: 33.00
2026-06-02T04:09:52.285-05:00  INFO 8500 --- [loadroute-backend] [pool-2-thread-1] c.l.algorithm.SimulatedAnnealing         : SA-Opt reheat #3 | T=27.00 | costo: 33.00
2026-06-02T04:09:52.285-05:00  INFO 8500 --- [loadroute-backend] [pool-2-thread-1] c.l.algorithm.SimulatedAnnealing         : SA-Opt reheat #4 | T=8.10 | costo: 33.00
2026-06-02T04:09:52.286-05:00  INFO 8500 --- [loadroute-backend] [pool-2-thread-1] c.l.algorithm.SimulatedAnnealing         : SA-Opt reheat #5 | T=2.43 | costo: 33.00
2026-06-02T04:09:52.286-05:00  INFO 8500 --- [loadroute-backend] [pool-2-thread-1] c.l.algorithm.SimulatedAnnealing         : SA-Opt fin | iter: 4669 | reheats: 5 | mejoras: 543 | peores: 601 | cache: 2335 hits | costo: 33.00 -> 33.00 (0.0%) | tiempo: 0.0s
2026-06-02T04:09:52.287-05:00  INFO 8500 --- [loadroute-backend] [pool-2-thread-1] c.l.algorithm.SimulatedAnnealing         : SA-Opt inicio | T0=1000.0 | costo greedy: 55.00 | envios: 3/3
2026-06-02T04:09:52.289-05:00  INFO 8500 --- [loadroute-backend] [pool-2-thread-1] c.l.algorithm.SimulatedAnnealing         : SA-Opt reheat #1 | T=300.00 | costo: 55.00
2026-06-02T04:09:52.291-05:00  INFO 8500 --- [loadroute-backend] [pool-2-thread-1] c.l.algorithm.SimulatedAnnealing         : SA-Opt reheat #2 | T=90.00 | costo: 55.00
2026-06-02T04:09:52.293-05:00  INFO 8500 --- [loadroute-backend] [pool-2-thread-1] c.l.algorithm.SimulatedAnnealing         : SA-Opt reheat #3 | T=27.00 | costo: 55.00
2026-06-02T04:09:52.294-05:00  INFO 8500 --- [loadroute-backend] [pool-2-thread-1] c.l.algorithm.SimulatedAnnealing         : SA-Opt reheat #4 | T=8.10 | costo: 55.00
2026-06-02T04:09:52.294-05:00  INFO 8500 --- [loadroute-backend] [pool-2-thread-1] c.l.algorithm.SimulatedAnnealing         : SA-Opt reheat #5 | T=2.43 | costo: 55.00
2026-06-02T04:09:52.295-05:00  INFO 8500 --- [loadroute-backend] [pool-2-thread-1] c.l.algorithm.SimulatedAnnealing         : SA-Opt fin | iter: 4669 | reheats: 5 | mejoras: 544 | peores: 647 | cache: 2367 hits | costo: 55.00 -> 55.00 (0.0%) | tiempo: 0.0s
2026-06-02T04:09:52.298-05:00  INFO 8500 --- [loadroute-backend] [pool-2-thread-1] c.l.algorithm.SimulatedAnnealing         : SA-Opt inicio | T0=1000.0 | costo greedy: 22.00 | envios: 4/4
2026-06-02T04:09:52.301-05:00  INFO 8500 --- [loadroute-backend] [pool-2-thread-1] c.l.algorithm.SimulatedAnnealing         : SA-Opt reheat #1 | T=300.00 | costo: 22.00
2026-06-02T04:09:52.303-05:00  INFO 8500 --- [loadroute-backend] [pool-2-thread-1] c.l.algorithm.SimulatedAnnealing         : SA-Opt reheat #2 | T=90.00 | costo: 22.00
2026-06-02T04:09:52.304-05:00  INFO 8500 --- [loadroute-backend] [pool-2-thread-1] c.l.algorithm.SimulatedAnnealing         : SA-Opt reheat #3 | T=27.00 | costo: 22.00
2026-06-02T04:09:52.305-05:00  INFO 8500 --- [loadroute-backend] [pool-2-thread-1] c.l.algorithm.SimulatedAnnealing         : SA-Opt reheat #4 | T=8.10 | costo: 22.00
2026-06-02T04:09:52.306-05:00  INFO 8500 --- [loadroute-backend] [pool-2-thread-1] c.l.algorithm.SimulatedAnnealing         : SA-Opt reheat #5 | T=2.43 | costo: 22.00
2026-06-02T04:09:52.306-05:00  INFO 8500 --- [loadroute-backend] [pool-2-thread-1] c.l.algorithm.SimulatedAnnealing         : SA-Opt fin | iter: 4669 | reheats: 5 | mejoras: 498 | peores: 615 | cache: 2335 hits | costo: 22.00 -> 22.00 (0.0%) | tiempo: 0.0s
2026-06-02T04:09:52.308-05:00  INFO 8500 --- [loadroute-backend] [pool-2-thread-1] c.l.algorithm.SimulatedAnnealing         : SA-Opt inicio | T0=1000.0 | costo greedy: 97.00 | envios: 7/7
2026-06-02T04:09:52.311-05:00  INFO 8500 --- [loadroute-backend] [pool-2-thread-1] c.l.algorithm.SimulatedAnnealing         : SA-Opt reheat #1 | T=300.00 | costo: 97.00
2026-06-02T04:09:52.313-05:00  INFO 8500 --- [loadroute-backend] [pool-2-thread-1] c.l.algorithm.SimulatedAnnealing         : SA-Opt reheat #2 | T=90.00 | costo: 97.00
2026-06-02T04:09:52.314-05:00  INFO 8500 --- [loadroute-backend] [pool-2-thread-1] c.l.algorithm.SimulatedAnnealing         : SA-Opt reheat #3 | T=27.00 | costo: 97.00
2026-06-02T04:09:52.315-05:00  INFO 8500 --- [loadroute-backend] [pool-2-thread-1] c.l.algorithm.SimulatedAnnealing         : SA-Opt reheat #4 | T=8.10 | costo: 97.00
2026-06-02T04:09:52.315-05:00  INFO 8500 --- [loadroute-backend] [pool-2-thread-1] c.l.algorithm.SimulatedAnnealing         : SA-Opt reheat #5 | T=2.43 | costo: 97.00
2026-06-02T04:09:52.316-05:00  INFO 8500 --- [loadroute-backend] [pool-2-thread-1] c.l.algorithm.SimulatedAnnealing         : SA-Opt fin | iter: 4669 | reheats: 5 | mejoras: 563 | peores: 681 | cache: 2305 hits | costo: 97.00 -> 97.00 (0.0%) | tiempo: 0.0s
2026-06-02T04:09:52.317-05:00  INFO 8500 --- [loadroute-backend] [pool-2-thread-1] c.l.algorithm.SimulatedAnnealing         : SA-Opt inicio | T0=1000.0 | costo greedy: 74.00 | envios: 6/6
2026-06-02T04:09:52.321-05:00  INFO 8500 --- [loadroute-backend] [pool-2-thread-1] c.l.algorithm.SimulatedAnnealing         : SA-Opt reheat #1 | T=300.00 | costo: 74.00
2026-06-02T04:09:52.322-05:00  INFO 8500 --- [loadroute-backend] [pool-2-thread-1] c.l.algorithm.SimulatedAnnealing         : SA-Opt reheat #2 | T=90.00 | costo: 74.00
2026-06-02T04:09:52.323-05:00  INFO 8500 --- [loadroute-backend] [pool-2-thread-1] c.l.algorithm.SimulatedAnnealing         : SA-Opt reheat #3 | T=27.00 | costo: 74.00
2026-06-02T04:09:52.324-05:00  INFO 8500 --- [loadroute-backend] [pool-2-thread-1] c.l.algorithm.SimulatedAnnealing         : SA-Opt reheat #4 | T=8.10 | costo: 74.00
2026-06-02T04:09:52.325-05:00  INFO 8500 --- [loadroute-backend] [pool-2-thread-1] c.l.algorithm.SimulatedAnnealing         : SA-Opt reheat #5 | T=2.43 | costo: 74.00
2026-06-02T04:09:52.325-05:00  INFO 8500 --- [loadroute-backend] [pool-2-thread-1] c.l.algorithm.SimulatedAnnealing         : SA-Opt fin | iter: 4669 | reheats: 5 | mejoras: 561 | peores: 617 | cache: 2320 hits | costo: 74.00 -> 74.00 (0.0%) | tiempo: 0.0s
2026-06-02T04:09:52.326-05:00  INFO 8500 --- [loadroute-backend] [pool-2-thread-1] c.l.algorithm.SimulatedAnnealing         : SA-Opt inicio | T0=1000.0 | costo greedy: 59.00 | envios: 3/3
2026-06-02T04:09:52.328-05:00  INFO 8500 --- [loadroute-backend] [pool-2-thread-1] c.l.algorithm.SimulatedAnnealing         : SA-Opt reheat #1 | T=300.00 | costo: 59.00
2026-06-02T04:09:52.330-05:00  INFO 8500 --- [loadroute-backend] [pool-2-thread-1] c.l.algorithm.SimulatedAnnealing         : SA-Opt reheat #2 | T=90.00 | costo: 59.00
2026-06-02T04:09:52.330-05:00  INFO 8500 --- [loadroute-backend] [pool-2-thread-1] c.l.algorithm.SimulatedAnnealing         : SA-Opt reheat #3 | T=27.00 | costo: 59.00
2026-06-02T04:09:52.331-05:00  INFO 8500 --- [loadroute-backend] [pool-2-thread-1] c.l.algorithm.SimulatedAnnealing         : SA-Opt reheat #4 | T=8.10 | costo: 59.00
2026-06-02T04:09:52.332-05:00  INFO 8500 --- [loadroute-backend] [pool-2-thread-1] c.l.algorithm.SimulatedAnnealing         : SA-Opt reheat #5 | T=2.43 | costo: 59.00
2026-06-02T04:09:52.333-05:00  INFO 8500 --- [loadroute-backend] [pool-2-thread-1] c.l.algorithm.SimulatedAnnealing         : SA-Opt fin | iter: 4669 | reheats: 5 | mejoras: 490 | peores: 596 | cache: 2297 hits | costo: 59.00 -> 59.00 (0.0%) | tiempo: 0.0s
2026-06-02T04:09:52.333-05:00  INFO 8500 --- [loadroute-backend] [pool-2-thread-1] c.l.algorithm.SimulatedAnnealing         : SA-Opt inicio | T0=1000.0 | costo greedy: 39.00 | envios: 2/2
2026-06-02T04:09:52.335-05:00  INFO 8500 --- [loadroute-backend] [pool-2-thread-1] c.l.algorithm.SimulatedAnnealing         : SA-Opt reheat #1 | T=300.00 | costo: 39.00
2026-06-02T04:09:52.337-05:00  INFO 8500 --- [loadroute-backend] [pool-2-thread-1] c.l.algorithm.SimulatedAnnealing         : SA-Opt reheat #2 | T=90.00 | costo: 39.00
2026-06-02T04:09:52.338-05:00  INFO 8500 --- [loadroute-backend] [pool-2-thread-1] c.l.algorithm.SimulatedAnnealing         : SA-Opt reheat #3 | T=27.00 | costo: 39.00
2026-06-02T04:09:52.339-05:00  INFO 8500 --- [loadroute-backend] [pool-2-thread-1] c.l.algorithm.SimulatedAnnealing         : SA-Opt reheat #4 | T=8.10 | costo: 39.00
2026-06-02T04:09:52.340-05:00  INFO 8500 --- [loadroute-backend] [pool-2-thread-1] c.l.algorithm.SimulatedAnnealing         : SA-Opt reheat #5 | T=2.43 | costo: 39.00
2026-06-02T04:09:52.340-05:00  INFO 8500 --- [loadroute-backend] [pool-2-thread-1] c.l.algorithm.SimulatedAnnealing         : SA-Opt fin | iter: 4669 | reheats: 5 | mejoras: 494 | peores: 624 | cache: 2324 hits | costo: 39.00 -> 39.00 (0.0%) | tiempo: 0.0s
2026-06-02T04:09:52.341-05:00  INFO 8500 --- [loadroute-backend] [pool-2-thread-1] c.l.algorithm.SimulatedAnnealing         : SA-Opt inicio | T0=1000.0 | costo greedy: 23.00 | envios: 1/1
2026-06-02T04:09:52.343-05:00  INFO 8500 --- [loadroute-backend] [pool-2-thread-1] c.l.algorithm.SimulatedAnnealing         : SA-Opt reheat #1 | T=300.00 | costo: 23.00
2026-06-02T04:09:52.345-05:00  INFO 8500 --- [loadroute-backend] [pool-2-thread-1] c.l.algorithm.SimulatedAnnealing         : SA-Opt reheat #2 | T=90.00 | costo: 23.00
2026-06-02T04:09:52.346-05:00  INFO 8500 --- [loadroute-backend] [pool-2-thread-1] c.l.algorithm.SimulatedAnnealing         : SA-Opt reheat #3 | T=27.00 | costo: 23.00
2026-06-02T04:09:52.347-05:00  INFO 8500 --- [loadroute-backend] [pool-2-thread-1] c.l.algorithm.SimulatedAnnealing         : SA-Opt reheat #4 | T=8.10 | costo: 23.00
2026-06-02T04:09:52.348-05:00  INFO 8500 --- [loadroute-backend] [pool-2-thread-1] c.l.algorithm.SimulatedAnnealing         : SA-Opt reheat #5 | T=2.43 | costo: 23.00
2026-06-02T04:09:52.348-05:00  INFO 8500 --- [loadroute-backend] [pool-2-thread-1] c.l.algorithm.SimulatedAnnealing         : SA-Opt fin | iter: 4669 | reheats: 5 | mejoras: 526 | peores: 620 | cache: 2357 hits | costo: 23.00 -> 23.00 (0.0%) | tiempo: 0.0s
2026-06-02T04:09:52.348-05:00  INFO 8500 --- [loadroute-backend] [pool-2-thread-1] c.l.algorithm.SimulatedAnnealing         : SA-Opt inicio | T0=1000.0 | costo greedy: 33.00 | envios: 2/2
2026-06-02T04:09:52.350-05:00  INFO 8500 --- [loadroute-backend] [pool-2-thread-1] c.l.algorithm.SimulatedAnnealing         : SA-Opt reheat #1 | T=300.00 | costo: 33.00
2026-06-02T04:09:52.351-05:00  INFO 8500 --- [loadroute-backend] [pool-2-thread-1] c.l.algorithm.SimulatedAnnealing         : SA-Opt reheat #2 | T=90.00 | costo: 33.00
2026-06-02T04:09:52.353-05:00  INFO 8500 --- [loadroute-backend] [pool-2-thread-1] c.l.algorithm.SimulatedAnnealing         : SA-Opt reheat #3 | T=27.00 | costo: 33.00
2026-06-02T04:09:52.354-05:00  INFO 8500 --- [loadroute-backend] [pool-2-thread-1] c.l.algorithm.SimulatedAnnealing         : SA-Opt reheat #4 | T=8.10 | costo: 33.00
2026-06-02T04:09:52.354-05:00  INFO 8500 --- [loadroute-backend] [pool-2-thread-1] c.l.algorithm.SimulatedAnnealing         : SA-Opt reheat #5 | T=2.43 | costo: 33.00
2026-06-02T04:09:52.355-05:00  INFO 8500 --- [loadroute-backend] [pool-2-thread-1] c.l.algorithm.SimulatedAnnealing         : SA-Opt fin | iter: 4669 | reheats: 5 | mejoras: 504 | peores: 617 | cache: 2281 hits | costo: 33.00 -> 33.00 (0.0%) | tiempo: 0.0s
2026-06-02T04:09:52.355-05:00  INFO 8500 --- [loadroute-backend] [pool-2-thread-1] c.l.algorithm.SimulatedAnnealing         : SA-Opt inicio | T0=1000.0 | costo greedy: 5.00 | envios: 1/1
2026-06-02T04:09:52.357-05:00  INFO 8500 --- [loadroute-backend] [pool-2-thread-1] c.l.algorithm.SimulatedAnnealing         : SA-Opt reheat #1 | T=300.00 | costo: 5.00
2026-06-02T04:09:52.358-05:00  INFO 8500 --- [loadroute-backend] [pool-2-thread-1] c.l.algorithm.SimulatedAnnealing         : SA-Opt reheat #2 | T=90.00 | costo: 5.00
2026-06-02T04:09:52.360-05:00  INFO 8500 --- [loadroute-backend] [pool-2-thread-1] c.l.algorithm.SimulatedAnnealing         : SA-Opt reheat #3 | T=27.00 | costo: 5.00
2026-06-02T04:09:52.360-05:00  INFO 8500 --- [loadroute-backend] [pool-2-thread-1] c.l.algorithm.SimulatedAnnealing         : SA-Opt reheat #4 | T=8.10 | costo: 5.00
2026-06-02T04:09:52.361-05:00  INFO 8500 --- [loadroute-backend] [pool-2-thread-1] c.l.algorithm.SimulatedAnnealing         : SA-Opt reheat #5 | T=2.43 | costo: 5.00
2026-06-02T04:09:52.361-05:00  INFO 8500 --- [loadroute-backend] [pool-2-thread-1] c.l.algorithm.SimulatedAnnealing         : SA-Opt fin | iter: 4669 | reheats: 5 | mejoras: 539 | peores: 690 | cache: 2308 hits | costo: 5.00 -> 5.00 (0.0%) | tiempo: 0.0s
2026-06-02T04:09:52.363-05:00  INFO 8500 --- [loadroute-backend] [pool-2-thread-1] c.l.algorithm.SimulatedAnnealing         : SA-Opt inicio | T0=1000.0 | costo greedy: 54.00 | envios: 5/5
2026-06-02T04:09:52.365-05:00  INFO 8500 --- [loadroute-backend] [pool-2-thread-1] c.l.algorithm.SimulatedAnnealing         : SA-Opt reheat #1 | T=300.00 | costo: 54.00
2026-06-02T04:09:52.367-05:00  INFO 8500 --- [loadroute-backend] [pool-2-thread-1] c.l.algorithm.SimulatedAnnealing         : SA-Opt reheat #2 | T=90.00 | costo: 54.00
2026-06-02T04:09:52.368-05:00  INFO 8500 --- [loadroute-backend] [pool-2-thread-1] c.l.algorithm.SimulatedAnnealing         : SA-Opt reheat #3 | T=27.00 | costo: 54.00
2026-06-02T04:09:52.369-05:00  INFO 8500 --- [loadroute-backend] [pool-2-thread-1] c.l.algorithm.SimulatedAnnealing         : SA-Opt reheat #4 | T=8.10 | costo: 54.00
2026-06-02T04:09:52.370-05:00  INFO 8500 --- [loadroute-backend] [pool-2-thread-1] c.l.algorithm.SimulatedAnnealing         : SA-Opt reheat #5 | T=2.43 | costo: 54.00
2026-06-02T04:09:52.370-05:00  INFO 8500 --- [loadroute-backend] [pool-2-thread-1] c.l.algorithm.SimulatedAnnealing         : SA-Opt fin | iter: 4669 | reheats: 5 | mejoras: 455 | peores: 541 | cache: 2333 hits | costo: 54.00 -> 54.00 (0.0%) | tiempo: 0.0s
2026-06-02T04:09:52.373-05:00  INFO 8500 --- [loadroute-backend] [pool-2-thread-1] c.l.algorithm.SimulatedAnnealing         : SA-Opt inicio | T0=1000.0 | costo greedy: 108.00 | envios: 8/8
2026-06-02T04:09:52.376-05:00  INFO 8500 --- [loadroute-backend] [pool-2-thread-1] c.l.algorithm.SimulatedAnnealing         : SA-Opt reheat #1 | T=300.00 | costo: 108.00
2026-06-02T04:09:52.378-05:00  INFO 8500 --- [loadroute-backend] [pool-2-thread-1] c.l.algorithm.SimulatedAnnealing         : SA-Opt reheat #2 | T=90.00 | costo: 108.00
2026-06-02T04:09:52.379-05:00  INFO 8500 --- [loadroute-backend] [pool-2-thread-1] c.l.algorithm.SimulatedAnnealing         : SA-Opt reheat #3 | T=27.00 | costo: 108.00
2026-06-02T04:09:52.380-05:00  INFO 8500 --- [loadroute-backend] [pool-2-thread-1] c.l.algorithm.SimulatedAnnealing         : SA-Opt reheat #4 | T=8.10 | costo: 108.00
2026-06-02T04:09:52.380-05:00  INFO 8500 --- [loadroute-backend] [pool-2-thread-1] c.l.algorithm.SimulatedAnnealing         : SA-Opt reheat #5 | T=2.43 | costo: 108.00
2026-06-02T04:09:52.380-05:00  INFO 8500 --- [loadroute-backend] [pool-2-thread-1] c.l.algorithm.SimulatedAnnealing         : SA-Opt fin | iter: 4669 | reheats: 5 | mejoras: 515 | peores: 586 | cache: 2302 hits | costo: 108.00 -> 108.00 (0.0%) | tiempo: 0.0s
2026-06-02T04:09:52.381-05:00  INFO 8500 --- [loadroute-backend] [pool-2-thread-1] c.l.algorithm.SimulatedAnnealing         : SA-Opt inicio | T0=1000.0 | costo greedy: 27.00 | envios: 2/2
2026-06-02T04:09:52.383-05:00  INFO 8500 --- [loadroute-backend] [pool-2-thread-1] c.l.algorithm.SimulatedAnnealing         : SA-Opt reheat #1 | T=300.00 | costo: 27.00
2026-06-02T04:09:52.385-05:00  INFO 8500 --- [loadroute-backend] [pool-2-thread-1] c.l.algorithm.SimulatedAnnealing         : SA-Opt reheat #2 | T=90.00 | costo: 27.00
2026-06-02T04:09:52.386-05:00  INFO 8500 --- [loadroute-backend] [pool-2-thread-1] c.l.algorithm.SimulatedAnnealing         : SA-Opt reheat #3 | T=27.00 | costo: 27.00
2026-06-02T04:09:52.387-05:00  INFO 8500 --- [loadroute-backend] [pool-2-thread-1] c.l.algorithm.SimulatedAnnealing         : SA-Opt reheat #4 | T=8.10 | costo: 27.00
2026-06-02T04:09:52.388-05:00  INFO 8500 --- [loadroute-backend] [pool-2-thread-1] c.l.algorithm.SimulatedAnnealing         : SA-Opt reheat #5 | T=2.43 | costo: 27.00
2026-06-02T04:09:52.388-05:00  INFO 8500 --- [loadroute-backend] [pool-2-thread-1] c.l.algorithm.SimulatedAnnealing         : SA-Opt fin | iter: 4669 | reheats: 5 | mejoras: 495 | peores: 532 | cache: 2320 hits | costo: 27.00 -> 27.00 (0.0%) | tiempo: 0.0s
2026-06-02T04:09:52.388-05:00  INFO 8500 --- [loadroute-backend] [pool-2-thread-1] c.l.algorithm.SimulatedAnnealing         : SA-Opt inicio | T0=1000.0 | costo greedy: 24.00 | envios: 2/2
2026-06-02T04:09:52.393-05:00  INFO 8500 --- [loadroute-backend] [pool-2-thread-1] c.l.algorithm.SimulatedAnnealing         : SA-Opt reheat #1 | T=300.00 | costo: 24.00
2026-06-02T04:09:52.395-05:00  INFO 8500 --- [loadroute-backend] [pool-2-thread-1] c.l.algorithm.SimulatedAnnealing         : SA-Opt reheat #2 | T=90.00 | costo: 24.00
2026-06-02T04:09:52.396-05:00  INFO 8500 --- [loadroute-backend] [pool-2-thread-1] c.l.algorithm.SimulatedAnnealing         : SA-Opt reheat #3 | T=27.00 | costo: 24.00
2026-06-02T04:09:52.397-05:00  INFO 8500 --- [loadroute-backend] [pool-2-thread-1] c.l.algorithm.SimulatedAnnealing         : SA-Opt reheat #4 | T=8.10 | costo: 24.00
2026-06-02T04:09:52.398-05:00  INFO 8500 --- [loadroute-backend] [pool-2-thread-1] c.l.algorithm.SimulatedAnnealing         : SA-Opt reheat #5 | T=2.43 | costo: 24.00
2026-06-02T04:09:52.398-05:00  INFO 8500 --- [loadroute-backend] [pool-2-thread-1] c.l.algorithm.SimulatedAnnealing         : SA-Opt fin | iter: 4669 | reheats: 5 | mejoras: 523 | peores: 672 | cache: 2322 hits | costo: 24.00 -> 24.00 (0.0%) | tiempo: 0.0s
2026-06-02T04:09:52.399-05:00  INFO 8500 --- [loadroute-backend] [pool-2-thread-1] c.l.algorithm.SimulatedAnnealing         : SA-Opt inicio | T0=1000.0 | costo greedy: 30.00 | envios: 2/2
2026-06-02T04:09:52.402-05:00  INFO 8500 --- [loadroute-backend] [pool-2-thread-1] c.l.algorithm.SimulatedAnnealing         : SA-Opt reheat #1 | T=300.00 | costo: 30.00
2026-06-02T04:09:52.403-05:00  INFO 8500 --- [loadroute-backend] [pool-2-thread-1] c.l.algorithm.SimulatedAnnealing         : SA-Opt reheat #2 | T=90.00 | costo: 30.00
2026-06-02T04:09:52.406-05:00  INFO 8500 --- [loadroute-backend] [pool-2-thread-1] c.l.algorithm.SimulatedAnnealing         : SA-Opt reheat #3 | T=27.00 | costo: 30.00
2026-06-02T04:09:52.408-05:00  INFO 8500 --- [loadroute-backend] [pool-2-thread-1] c.l.algorithm.SimulatedAnnealing         : SA-Opt reheat #4 | T=8.10 | costo: 30.00
2026-06-02T04:09:52.409-05:00  INFO 8500 --- [loadroute-backend] [pool-2-thread-1] c.l.algorithm.SimulatedAnnealing         : SA-Opt reheat #5 | T=2.43 | costo: 30.00
2026-06-02T04:09:52.409-05:00  INFO 8500 --- [loadroute-backend] [pool-2-thread-1] c.l.algorithm.SimulatedAnnealing         : SA-Opt fin | iter: 4669 | reheats: 5 | mejoras: 525 | peores: 884 | cache: 2381 hits | costo: 30.00 -> 30.00 (0.0%) | tiempo: 0.0s
2026-06-02T04:09:52.410-05:00  INFO 8500 --- [loadroute-backend] [pool-2-thread-1] c.l.algorithm.SimulatedAnnealing         : SA-Opt inicio | T0=1000.0 | costo greedy: 6.00 | envios: 1/1
2026-06-02T04:09:52.411-05:00  INFO 8500 --- [loadroute-backend] [pool-2-thread-1] c.l.algorithm.SimulatedAnnealing         : SA-Opt reheat #1 | T=300.00 | costo: 6.00
2026-06-02T04:09:52.412-05:00  INFO 8500 --- [loadroute-backend] [pool-2-thread-1] c.l.algorithm.SimulatedAnnealing         : SA-Opt reheat #2 | T=90.00 | costo: 6.00
2026-06-02T04:09:52.415-05:00  INFO 8500 --- [loadroute-backend] [pool-2-thread-1] c.l.algorithm.SimulatedAnnealing         : SA-Opt reheat #3 | T=27.00 | costo: 6.00
2026-06-02T04:09:52.416-05:00  INFO 8500 --- [loadroute-backend] [pool-2-thread-1] c.l.algorithm.SimulatedAnnealing         : SA-Opt reheat #4 | T=8.10 | costo: 6.00
2026-06-02T04:09:52.416-05:00  INFO 8500 --- [loadroute-backend] [pool-2-thread-1] c.l.algorithm.SimulatedAnnealing         : SA-Opt reheat #5 | T=2.43 | costo: 6.00
2026-06-02T04:09:52.417-05:00  INFO 8500 --- [loadroute-backend] [pool-2-thread-1] c.l.algorithm.SimulatedAnnealing         : SA-Opt fin | iter: 4669 | reheats: 5 | mejoras: 565 | peores: 694 | cache: 2317 hits | costo: 6.00 -> 6.00 (0.0%) | tiempo: 0.0s
2026-06-02T04:09:52.418-05:00  INFO 8500 --- [loadroute-backend] [pool-2-thread-1] c.l.algorithm.SimulatedAnnealing         : SA-Opt inicio | T0=1000.0 | costo greedy: 15.00 | envios: 2/2
2026-06-02T04:09:52.420-05:00  INFO 8500 --- [loadroute-backend] [pool-2-thread-1] c.l.algorithm.SimulatedAnnealing         : SA-Opt reheat #1 | T=300.00 | costo: 15.00
2026-06-02T04:09:52.421-05:00  INFO 8500 --- [loadroute-backend] [pool-2-thread-1] c.l.algorithm.SimulatedAnnealing         : SA-Opt reheat #2 | T=90.00 | costo: 15.00
2026-06-02T04:09:52.423-05:00  INFO 8500 --- [loadroute-backend] [pool-2-thread-1] c.l.algorithm.SimulatedAnnealing         : SA-Opt reheat #3 | T=27.00 | costo: 15.00
2026-06-02T04:09:52.424-05:00  INFO 8500 --- [loadroute-backend] [pool-2-thread-1] c.l.algorithm.SimulatedAnnealing         : SA-Opt reheat #4 | T=8.10 | costo: 15.00
2026-06-02T04:09:52.424-05:00  INFO 8500 --- [loadroute-backend] [pool-2-thread-1] c.l.algorithm.SimulatedAnnealing         : SA-Opt reheat #5 | T=2.43 | costo: 15.00
2026-06-02T04:09:52.425-05:00  INFO 8500 --- [loadroute-backend] [pool-2-thread-1] c.l.algorithm.SimulatedAnnealing         : SA-Opt fin | iter: 4669 | reheats: 5 | mejoras: 557 | peores: 582 | cache: 2377 hits | costo: 15.00 -> 15.00 (0.0%) | tiempo: 0.0s
2026-06-02T04:09:52.426-05:00  INFO 8500 --- [loadroute-backend] [pool-2-thread-1] c.l.algorithm.SimulatedAnnealing         : SA-Opt inicio | T0=1000.0 | costo greedy: 53.00 | envios: 4/4
2026-06-02T04:09:52.429-05:00  INFO 8500 --- [loadroute-backend] [pool-2-thread-1] c.l.algorithm.SimulatedAnnealing         : SA-Opt reheat #1 | T=300.00 | costo: 53.00
2026-06-02T04:09:52.430-05:00  INFO 8500 --- [loadroute-backend] [pool-2-thread-1] c.l.algorithm.SimulatedAnnealing         : SA-Opt reheat #2 | T=90.00 | costo: 53.00
2026-06-02T04:09:52.431-05:00  INFO 8500 --- [loadroute-backend] [pool-2-thread-1] c.l.algorithm.SimulatedAnnealing         : SA-Opt reheat #3 | T=27.00 | costo: 53.00
2026-06-02T04:09:52.433-05:00  INFO 8500 --- [loadroute-backend] [pool-2-thread-1] c.l.algorithm.SimulatedAnnealing         : SA-Opt reheat #4 | T=8.10 | costo: 53.00
2026-06-02T04:09:52.433-05:00  INFO 8500 --- [loadroute-backend] [pool-2-thread-1] c.l.algorithm.SimulatedAnnealing         : SA-Opt reheat #5 | T=2.43 | costo: 53.00
2026-06-02T04:09:52.434-05:00  INFO 8500 --- [loadroute-backend] [pool-2-thread-1] c.l.algorithm.SimulatedAnnealing         : SA-Opt fin | iter: 4669 | reheats: 5 | mejoras: 523 | peores: 676 | cache: 2342 hits | costo: 53.00 -> 53.00 (0.0%) | tiempo: 0.0s
2026-06-02T04:09:52.435-05:00  INFO 8500 --- [loadroute-backend] [pool-2-thread-1] c.l.algorithm.SimulatedAnnealing         : SA-Opt inicio | T0=1000.0 | costo greedy: 79.00 | envios: 6/6
2026-06-02T04:09:52.438-05:00  INFO 8500 --- [loadroute-backend] [pool-2-thread-1] c.l.algorithm.SimulatedAnnealing         : SA-Opt reheat #1 | T=300.00 | costo: 79.00
2026-06-02T04:09:52.439-05:00  INFO 8500 --- [loadroute-backend] [pool-2-thread-1] c.l.algorithm.SimulatedAnnealing         : SA-Opt reheat #2 | T=90.00 | costo: 79.00
2026-06-02T04:09:52.440-05:00  INFO 8500 --- [loadroute-backend] [pool-2-thread-1] c.l.algorithm.SimulatedAnnealing         : SA-Opt reheat #3 | T=27.00 | costo: 79.00
2026-06-02T04:09:52.441-05:00  INFO 8500 --- [loadroute-backend] [pool-2-thread-1] c.l.algorithm.SimulatedAnnealing         : SA-Opt reheat #4 | T=8.10 | costo: 79.00
2026-06-02T04:09:52.442-05:00  INFO 8500 --- [loadroute-backend] [pool-2-thread-1] c.l.algorithm.SimulatedAnnealing         : SA-Opt reheat #5 | T=2.43 | costo: 79.00
2026-06-02T04:09:52.442-05:00  INFO 8500 --- [loadroute-backend] [pool-2-thread-1] c.l.algorithm.SimulatedAnnealing         : SA-Opt fin | iter: 4669 | reheats: 5 | mejoras: 537 | peores: 624 | cache: 2321 hits | costo: 79.00 -> 79.00 (0.0%) | tiempo: 0.0s
2026-06-02T04:09:52.444-05:00  INFO 8500 --- [loadroute-backend] [pool-2-thread-1] c.l.algorithm.SimulatedAnnealing         : SA-Opt inicio | T0=1000.0 | costo greedy: 56.00 | envios: 4/4
2026-06-02T04:09:52.447-05:00  INFO 8500 --- [loadroute-backend] [pool-2-thread-1] c.l.algorithm.SimulatedAnnealing         : SA-Opt reheat #1 | T=300.00 | costo: 56.00
2026-06-02T04:09:52.448-05:00  INFO 8500 --- [loadroute-backend] [pool-2-thread-1] c.l.algorithm.SimulatedAnnealing         : SA-Opt reheat #2 | T=90.00 | costo: 56.00
2026-06-02T04:09:52.448-05:00  INFO 8500 --- [loadroute-backend] [pool-2-thread-1] c.l.algorithm.SimulatedAnnealing         : SA-Opt reheat #3 | T=27.00 | costo: 56.00
2026-06-02T04:09:52.448-05:00  INFO 8500 --- [loadroute-backend] [pool-2-thread-1] c.l.algorithm.SimulatedAnnealing         : SA-Opt reheat #4 | T=8.10 | costo: 56.00
2026-06-02T04:09:52.451-05:00  INFO 8500 --- [loadroute-backend] [pool-2-thread-1] c.l.algorithm.SimulatedAnnealing         : SA-Opt reheat #5 | T=2.43 | costo: 56.00
2026-06-02T04:09:52.451-05:00  INFO 8500 --- [loadroute-backend] [pool-2-thread-1] c.l.algorithm.SimulatedAnnealing         : SA-Opt fin | iter: 4669 | reheats: 5 | mejoras: 528 | peores: 575 | cache: 2299 hits | costo: 56.00 -> 56.00 (0.0%) | tiempo: 0.0s
2026-06-02T04:09:52.452-05:00  INFO 8500 --- [loadroute-backend] [pool-2-thread-1] c.l.algorithm.SimulatedAnnealing         : SA-Opt inicio | T0=1000.0 | costo greedy: 12.00 | envios: 1/1
2026-06-02T04:09:52.453-05:00  INFO 8500 --- [loadroute-backend] [pool-2-thread-1] c.l.algorithm.SimulatedAnnealing         : SA-Opt reheat #1 | T=300.00 | costo: 12.00
2026-06-02T04:09:52.455-05:00  INFO 8500 --- [loadroute-backend] [pool-2-thread-1] c.l.algorithm.SimulatedAnnealing         : SA-Opt reheat #2 | T=90.00 | costo: 12.00
2026-06-02T04:09:52.456-05:00  INFO 8500 --- [loadroute-backend] [pool-2-thread-1] c.l.algorithm.SimulatedAnnealing         : SA-Opt reheat #3 | T=27.00 | costo: 12.00
2026-06-02T04:09:52.457-05:00  INFO 8500 --- [loadroute-backend] [pool-2-thread-1] c.l.algorithm.SimulatedAnnealing         : SA-Opt reheat #4 | T=8.10 | costo: 12.00
2026-06-02T04:09:52.457-05:00  INFO 8500 --- [loadroute-backend] [pool-2-thread-1] c.l.algorithm.SimulatedAnnealing         : SA-Opt reheat #5 | T=2.43 | costo: 12.00
2026-06-02T04:09:52.458-05:00  INFO 8500 --- [loadroute-backend] [pool-2-thread-1] c.l.algorithm.SimulatedAnnealing         : SA-Opt fin | iter: 4669 | reheats: 5 | mejoras: 474 | peores: 491 | cache: 2334 hits | costo: 12.00 -> 12.00 (0.0%) | tiempo: 0.0s
2026-06-02T04:09:52.459-05:00  INFO 8500 --- [loadroute-backend] [pool-2-thread-1] c.l.algorithm.SimulatedAnnealing         : SA-Opt inicio | T0=1000.0 | costo greedy: 13.00 | envios: 2/2
2026-06-02T04:09:52.462-05:00  INFO 8500 --- [loadroute-backend] [pool-2-thread-1] c.l.algorithm.SimulatedAnnealing         : SA-Opt reheat #1 | T=300.00 | costo: 13.00
2026-06-02T04:09:52.463-05:00  INFO 8500 --- [loadroute-backend] [pool-2-thread-1] c.l.algorithm.SimulatedAnnealing         : SA-Opt reheat #2 | T=90.00 | costo: 13.00
2026-06-02T04:09:52.464-05:00  INFO 8500 --- [loadroute-backend] [pool-2-thread-1] c.l.algorithm.SimulatedAnnealing         : SA-Opt reheat #3 | T=27.00 | costo: 13.00
2026-06-02T04:09:52.465-05:00  INFO 8500 --- [loadroute-backend] [pool-2-thread-1] c.l.algorithm.SimulatedAnnealing         : SA-Opt reheat #4 | T=8.10 | costo: 13.00
2026-06-02T04:09:52.466-05:00  INFO 8500 --- [loadroute-backend] [pool-2-thread-1] c.l.algorithm.SimulatedAnnealing         : SA-Opt reheat #5 | T=2.43 | costo: 13.00
2026-06-02T04:09:52.466-05:00  INFO 8500 --- [loadroute-backend] [pool-2-thread-1] c.l.algorithm.SimulatedAnnealing         : SA-Opt fin | iter: 4669 | reheats: 5 | mejoras: 614 | peores: 682 | cache: 2319 hits | costo: 13.00 -> 13.00 (0.0%) | tiempo: 0.0s
2026-06-02T04:09:52.466-05:00  INFO 8500 --- [loadroute-backend] [pool-2-thread-1] c.l.algorithm.SimulatedAnnealing         : SA-Opt inicio | T0=1000.0 | costo greedy: 11.00 | envios: 1/1
2026-06-02T04:09:52.469-05:00  INFO 8500 --- [loadroute-backend] [pool-2-thread-1] c.l.algorithm.SimulatedAnnealing         : SA-Opt reheat #1 | T=300.00 | costo: 11.00
2026-06-02T04:09:52.470-05:00  INFO 8500 --- [loadroute-backend] [pool-2-thread-1] c.l.algorithm.SimulatedAnnealing         : SA-Opt reheat #2 | T=90.00 | costo: 11.00
2026-06-02T04:09:52.471-05:00  INFO 8500 --- [loadroute-backend] [pool-2-thread-1] c.l.algorithm.SimulatedAnnealing         : SA-Opt reheat #3 | T=27.00 | costo: 11.00
2026-06-02T04:09:52.472-05:00  INFO 8500 --- [loadroute-backend] [pool-2-thread-1] c.l.algorithm.SimulatedAnnealing         : SA-Opt reheat #4 | T=8.10 | costo: 11.00
2026-06-02T04:09:52.472-05:00  INFO 8500 --- [loadroute-backend] [pool-2-thread-1] c.l.algorithm.SimulatedAnnealing         : SA-Opt reheat #5 | T=2.43 | costo: 11.00
2026-06-02T04:09:52.472-05:00  INFO 8500 --- [loadroute-backend] [pool-2-thread-1] c.l.algorithm.SimulatedAnnealing         : SA-Opt fin | iter: 4669 | reheats: 5 | mejoras: 521 | peores: 521 | cache: 2307 hits | costo: 11.00 -> 11.00 (0.0%) | tiempo: 0.0s
2026-06-02T04:09:52.472-05:00  INFO 8500 --- [loadroute-backend] [pool-2-thread-1] c.l.algorithm.SimulatedAnnealing         : SA-Opt inicio | T0=1000.0 | costo greedy: 18.00 | envios: 1/1
2026-06-02T04:09:52.472-05:00  INFO 8500 --- [loadroute-backend] [pool-2-thread-1] c.l.algorithm.SimulatedAnnealing         : SA-Opt reheat #1 | T=300.00 | costo: 18.00
2026-06-02T04:09:52.472-05:00  INFO 8500 --- [loadroute-backend] [pool-2-thread-1] c.l.algorithm.SimulatedAnnealing         : SA-Opt reheat #2 | T=90.00 | costo: 18.00
2026-06-02T04:09:52.472-05:00  INFO 8500 --- [loadroute-backend] [pool-2-thread-1] c.l.algorithm.SimulatedAnnealing         : SA-Opt reheat #3 | T=27.00 | costo: 18.00
2026-06-02T04:09:52.472-05:00  INFO 8500 --- [loadroute-backend] [pool-2-thread-1] c.l.algorithm.SimulatedAnnealing         : SA-Opt reheat #4 | T=8.10 | costo: 18.00
2026-06-02T04:09:52.472-05:00  INFO 8500 --- [loadroute-backend] [pool-2-thread-1] c.l.algorithm.SimulatedAnnealing         : SA-Opt reheat #5 | T=2.43 | costo: 18.00
2026-06-02T04:09:52.472-05:00  INFO 8500 --- [loadroute-backend] [pool-2-thread-1] c.l.algorithm.SimulatedAnnealing         : SA-Opt fin | iter: 4669 | reheats: 5 | mejoras: 447 | peores: 664 | cache: 2335 hits | costo: 18.00 -> 18.00 (0.0%) | tiempo: 0.0s
2026-06-02T04:09:52.472-05:00  INFO 8500 --- [loadroute-backend] [pool-2-thread-1] c.l.algorithm.SimulatedAnnealing         : SA-Opt inicio | T0=1000.0 | costo greedy: 17.00 | envios: 1/1
2026-06-02T04:09:52.482-05:00  INFO 8500 --- [loadroute-backend] [pool-2-thread-1] c.l.algorithm.SimulatedAnnealing         : SA-Opt reheat #1 | T=300.00 | costo: 17.00
2026-06-02T04:09:52.483-05:00  INFO 8500 --- [loadroute-backend] [pool-2-thread-1] c.l.algorithm.SimulatedAnnealing         : SA-Opt reheat #2 | T=90.00 | costo: 17.00
2026-06-02T04:09:52.483-05:00  INFO 8500 --- [loadroute-backend] [pool-2-thread-1] c.l.algorithm.SimulatedAnnealing         : SA-Opt reheat #3 | T=27.00 | costo: 17.00
2026-06-02T04:09:52.483-05:00  INFO 8500 --- [loadroute-backend] [pool-2-thread-1] c.l.algorithm.SimulatedAnnealing         : SA-Opt reheat #4 | T=8.10 | costo: 17.00
2026-06-02T04:09:52.483-05:00  INFO 8500 --- [loadroute-backend] [pool-2-thread-1] c.l.algorithm.SimulatedAnnealing         : SA-Opt reheat #5 | T=2.43 | costo: 17.00
2026-06-02T04:09:52.483-05:00  INFO 8500 --- [loadroute-backend] [pool-2-thread-1] c.l.algorithm.SimulatedAnnealing         : SA-Opt fin | iter: 4669 | reheats: 5 | mejoras: 501 | peores: 555 | cache: 2305 hits | costo: 17.00 -> 17.00 (0.0%) | tiempo: 0.0s
2026-06-02T04:09:52.483-05:00  INFO 8500 --- [loadroute-backend] [pool-2-thread-1] c.l.algorithm.SimulatedAnnealing         : SA-Opt inicio | T0=1000.0 | costo greedy: 13.00 | envios: 1/1
2026-06-02T04:09:52.489-05:00  INFO 8500 --- [loadroute-backend] [pool-2-thread-1] c.l.algorithm.SimulatedAnnealing         : SA-Opt reheat #1 | T=300.00 | costo: 13.00
2026-06-02T04:09:52.490-05:00  INFO 8500 --- [loadroute-backend] [pool-2-thread-1] c.l.algorithm.SimulatedAnnealing         : SA-Opt reheat #2 | T=90.00 | costo: 13.00
2026-06-02T04:09:52.491-05:00  INFO 8500 --- [loadroute-backend] [pool-2-thread-1] c.l.algorithm.SimulatedAnnealing         : SA-Opt reheat #3 | T=27.00 | costo: 13.00
2026-06-02T04:09:52.494-05:00  INFO 8500 --- [loadroute-backend] [pool-2-thread-1] c.l.algorithm.SimulatedAnnealing         : SA-Opt reheat #4 | T=8.10 | costo: 13.00
2026-06-02T04:09:52.494-05:00  INFO 8500 --- [loadroute-backend] [pool-2-thread-1] c.l.algorithm.SimulatedAnnealing         : SA-Opt reheat #5 | T=2.43 | costo: 13.00
2026-06-02T04:09:52.495-05:00  INFO 8500 --- [loadroute-backend] [pool-2-thread-1] c.l.algorithm.SimulatedAnnealing         : SA-Opt fin | iter: 4669 | reheats: 5 | mejoras: 490 | peores: 541 | cache: 2380 hits | costo: 13.00 -> 13.00 (0.0%) | tiempo: 0.0s
2026-06-02T04:09:52.496-05:00  INFO 8500 --- [loadroute-backend] [pool-2-thread-1] c.l.algorithm.SimulatedAnnealing         : SA-Opt inicio | T0=1000.0 | costo greedy: 65.00 | envios: 4/4
2026-06-02T04:09:52.498-05:00  INFO 8500 --- [loadroute-backend] [pool-2-thread-1] c.l.algorithm.SimulatedAnnealing         : SA-Opt reheat #1 | T=300.00 | costo: 65.00
2026-06-02T04:09:52.500-05:00  INFO 8500 --- [loadroute-backend] [pool-2-thread-1] c.l.algorithm.SimulatedAnnealing         : SA-Opt reheat #2 | T=90.00 | costo: 65.00
2026-06-02T04:09:52.501-05:00  INFO 8500 --- [loadroute-backend] [pool-2-thread-1] c.l.algorithm.SimulatedAnnealing         : SA-Opt reheat #3 | T=27.00 | costo: 65.00
2026-06-02T04:09:52.503-05:00  INFO 8500 --- [loadroute-backend] [pool-2-thread-1] c.l.algorithm.SimulatedAnnealing         : SA-Opt reheat #4 | T=8.10 | costo: 65.00
2026-06-02T04:09:52.504-05:00  INFO 8500 --- [loadroute-backend] [pool-2-thread-1] c.l.algorithm.SimulatedAnnealing         : SA-Opt reheat #5 | T=2.43 | costo: 65.00
2026-06-02T04:09:52.504-05:00  INFO 8500 --- [loadroute-backend] [pool-2-thread-1] c.l.algorithm.SimulatedAnnealing         : SA-Opt fin | iter: 4669 | reheats: 5 | mejoras: 497 | peores: 660 | cache: 2391 hits | costo: 65.00 -> 65.00 (0.0%) | tiempo: 0.0s
2026-06-02T04:09:52.505-05:00  INFO 8500 --- [loadroute-backend] [pool-2-thread-1] c.l.algorithm.SimulatedAnnealing         : SA-Opt inicio | T0=1000.0 | costo greedy: 82.00 | envios: 6/6
2026-06-02T04:09:52.508-05:00  INFO 8500 --- [loadroute-backend] [pool-2-thread-1] c.l.algorithm.SimulatedAnnealing         : SA-Opt reheat #1 | T=300.00 | costo: 82.00
2026-06-02T04:09:52.510-05:00  INFO 8500 --- [loadroute-backend] [pool-2-thread-1] c.l.algorithm.SimulatedAnnealing         : SA-Opt reheat #2 | T=90.00 | costo: 82.00
2026-06-02T04:09:52.511-05:00  INFO 8500 --- [loadroute-backend] [pool-2-thread-1] c.l.algorithm.SimulatedAnnealing         : SA-Opt reheat #3 | T=27.00 | costo: 82.00
2026-06-02T04:09:52.511-05:00  INFO 8500 --- [loadroute-backend] [pool-2-thread-1] c.l.algorithm.SimulatedAnnealing         : SA-Opt reheat #4 | T=8.10 | costo: 82.00
2026-06-02T04:09:52.512-05:00  INFO 8500 --- [loadroute-backend] [pool-2-thread-1] c.l.algorithm.SimulatedAnnealing         : SA-Opt reheat #5 | T=2.43 | costo: 82.00
2026-06-02T04:09:52.512-05:00  INFO 8500 --- [loadroute-backend] [pool-2-thread-1] c.l.algorithm.SimulatedAnnealing         : SA-Opt fin | iter: 4669 | reheats: 5 | mejoras: 529 | peores: 650 | cache: 2365 hits | costo: 82.00 -> 82.00 (0.0%) | tiempo: 0.0s
2026-06-02T04:09:52.513-05:00  INFO 8500 --- [loadroute-backend] [pool-2-thread-1] c.l.algorithm.SimulatedAnnealing         : SA-Opt inicio | T0=1000.0 | costo greedy: 16.00 | envios: 3/3
2026-06-02T04:09:52.516-05:00  INFO 8500 --- [loadroute-backend] [pool-2-thread-1] c.l.algorithm.SimulatedAnnealing         : SA-Opt reheat #1 | T=300.00 | costo: 16.00
2026-06-02T04:09:52.517-05:00  INFO 8500 --- [loadroute-backend] [pool-2-thread-1] c.l.algorithm.SimulatedAnnealing         : SA-Opt reheat #2 | T=90.00 | costo: 16.00
2026-06-02T04:09:52.519-05:00  INFO 8500 --- [loadroute-backend] [pool-2-thread-1] c.l.algorithm.SimulatedAnnealing         : SA-Opt reheat #3 | T=27.00 | costo: 16.00
2026-06-02T04:09:52.519-05:00  INFO 8500 --- [loadroute-backend] [pool-2-thread-1] c.l.algorithm.SimulatedAnnealing         : SA-Opt reheat #4 | T=8.10 | costo: 16.00
2026-06-02T04:09:52.521-05:00  INFO 8500 --- [loadroute-backend] [pool-2-thread-1] c.l.algorithm.SimulatedAnnealing         : SA-Opt reheat #5 | T=2.43 | costo: 16.00
2026-06-02T04:09:52.521-05:00  INFO 8500 --- [loadroute-backend] [pool-2-thread-1] c.l.algorithm.SimulatedAnnealing         : SA-Opt fin | iter: 4669 | reheats: 5 | mejoras: 531 | peores: 760 | cache: 2297 hits | costo: 16.00 -> 16.00 (0.0%) | tiempo: 0.0s
2026-06-02T04:09:52.522-05:00  INFO 8500 --- [loadroute-backend] [pool-2-thread-1] c.l.algorithm.SimulatedAnnealing         : SA-Opt inicio | T0=1000.0 | costo greedy: 13.00 | envios: 1/1
2026-06-02T04:09:52.524-05:00  INFO 8500 --- [loadroute-backend] [pool-2-thread-1] c.l.algorithm.SimulatedAnnealing         : SA-Opt reheat #1 | T=300.00 | costo: 13.00
2026-06-02T04:09:52.525-05:00  INFO 8500 --- [loadroute-backend] [pool-2-thread-1] c.l.algorithm.SimulatedAnnealing         : SA-Opt reheat #2 | T=90.00 | costo: 13.00
2026-06-02T04:09:52.526-05:00  INFO 8500 --- [loadroute-backend] [pool-2-thread-1] c.l.algorithm.SimulatedAnnealing         : SA-Opt reheat #3 | T=27.00 | costo: 13.00
2026-06-02T04:09:52.527-05:00  INFO 8500 --- [loadroute-backend] [pool-2-thread-1] c.l.algorithm.SimulatedAnnealing         : SA-Opt reheat #4 | T=8.10 | costo: 13.00
2026-06-02T04:09:52.527-05:00  INFO 8500 --- [loadroute-backend] [pool-2-thread-1] c.l.algorithm.SimulatedAnnealing         : SA-Opt reheat #5 | T=2.43 | costo: 13.00
2026-06-02T04:09:52.528-05:00  INFO 8500 --- [loadroute-backend] [pool-2-thread-1] c.l.algorithm.SimulatedAnnealing         : SA-Opt fin | iter: 4669 | reheats: 5 | mejoras: 566 | peores: 653 | cache: 2341 hits | costo: 13.00 -> 13.00 (0.0%) | tiempo: 0.0s
2026-06-02T04:09:52.529-05:00  INFO 8500 --- [loadroute-backend] [pool-2-thread-1] c.l.algorithm.SimulatedAnnealing         : SA-Opt inicio | T0=1000.0 | costo greedy: 13.00 | envios: 2/2
2026-06-02T04:09:52.532-05:00  INFO 8500 --- [loadroute-backend] [pool-2-thread-1] c.l.algorithm.SimulatedAnnealing         : SA-Opt reheat #1 | T=300.00 | costo: 13.00
2026-06-02T04:09:52.533-05:00  INFO 8500 --- [loadroute-backend] [pool-2-thread-1] c.l.algorithm.SimulatedAnnealing         : SA-Opt reheat #2 | T=90.00 | costo: 13.00
2026-06-02T04:09:52.535-05:00  INFO 8500 --- [loadroute-backend] [pool-2-thread-1] c.l.algorithm.SimulatedAnnealing         : SA-Opt reheat #3 | T=27.00 | costo: 13.00
2026-06-02T04:09:52.536-05:00  INFO 8500 --- [loadroute-backend] [pool-2-thread-1] c.l.algorithm.SimulatedAnnealing         : SA-Opt reheat #4 | T=8.10 | costo: 13.00
2026-06-02T04:09:52.536-05:00  INFO 8500 --- [loadroute-backend] [pool-2-thread-1] c.l.algorithm.SimulatedAnnealing         : SA-Opt reheat #5 | T=2.43 | costo: 13.00
2026-06-02T04:09:52.537-05:00  INFO 8500 --- [loadroute-backend] [pool-2-thread-1] c.l.algorithm.SimulatedAnnealing         : SA-Opt fin | iter: 4669 | reheats: 5 | mejoras: 529 | peores: 555 | cache: 2350 hits | costo: 13.00 -> 13.00 (0.0%) | tiempo: 0.0s
2026-06-02T04:09:52.537-05:00  INFO 8500 --- [loadroute-backend] [pool-2-thread-1] c.l.algorithm.SimulatedAnnealing         : SA-Opt inicio | T0=1000.0 | costo greedy: 19.00 | envios: 1/1
2026-06-02T04:09:52.539-05:00  INFO 8500 --- [loadroute-backend] [pool-2-thread-1] c.l.algorithm.SimulatedAnnealing         : SA-Opt reheat #1 | T=300.00 | costo: 19.00
2026-06-02T04:09:52.540-05:00  INFO 8500 --- [loadroute-backend] [pool-2-thread-1] c.l.algorithm.SimulatedAnnealing         : SA-Opt reheat #2 | T=90.00 | costo: 19.00
2026-06-02T04:09:52.541-05:00  INFO 8500 --- [loadroute-backend] [pool-2-thread-1] c.l.algorithm.SimulatedAnnealing         : SA-Opt reheat #3 | T=27.00 | costo: 19.00
2026-06-02T04:09:52.542-05:00  INFO 8500 --- [loadroute-backend] [pool-2-thread-1] c.l.algorithm.SimulatedAnnealing         : SA-Opt reheat #4 | T=8.10 | costo: 19.00
2026-06-02T04:09:52.543-05:00  INFO 8500 --- [loadroute-backend] [pool-2-thread-1] c.l.algorithm.SimulatedAnnealing         : SA-Opt reheat #5 | T=2.43 | costo: 19.00
2026-06-02T04:09:52.544-05:00  INFO 8500 --- [loadroute-backend] [pool-2-thread-1] c.l.algorithm.SimulatedAnnealing         : SA-Opt fin | iter: 4669 | reheats: 5 | mejoras: 545 | peores: 648 | cache: 2333 hits | costo: 19.00 -> 19.00 (0.0%) | tiempo: 0.0s
2026-06-02T04:09:52.545-05:00  INFO 8500 --- [loadroute-backend] [pool-2-thread-1] c.l.algorithm.SimulatedAnnealing         : SA-Opt inicio | T0=1000.0 | costo greedy: 44.00 | envios: 4/4
2026-06-02T04:09:52.548-05:00  INFO 8500 --- [loadroute-backend] [pool-2-thread-1] c.l.algorithm.SimulatedAnnealing         : SA-Opt reheat #1 | T=300.00 | costo: 44.00
2026-06-02T04:09:52.549-05:00  INFO 8500 --- [loadroute-backend] [pool-2-thread-1] c.l.algorithm.SimulatedAnnealing         : SA-Opt reheat #2 | T=90.00 | costo: 44.00
2026-06-02T04:09:52.551-05:00  INFO 8500 --- [loadroute-backend] [pool-2-thread-1] c.l.algorithm.SimulatedAnnealing         : SA-Opt reheat #3 | T=27.00 | costo: 44.00
2026-06-02T04:09:52.551-05:00  INFO 8500 --- [loadroute-backend] [pool-2-thread-1] c.l.algorithm.SimulatedAnnealing         : SA-Opt reheat #4 | T=8.10 | costo: 44.00
2026-06-02T04:09:52.552-05:00  INFO 8500 --- [loadroute-backend] [pool-2-thread-1] c.l.algorithm.SimulatedAnnealing         : SA-Opt reheat #5 | T=2.43 | costo: 44.00
2026-06-02T04:09:52.553-05:00  INFO 8500 --- [loadroute-backend] [pool-2-thread-1] c.l.algorithm.SimulatedAnnealing         : SA-Opt fin | iter: 4669 | reheats: 5 | mejoras: 582 | peores: 683 | cache: 2333 hits | costo: 44.00 -> 44.00 (0.0%) | tiempo: 0.0s
2026-06-02T04:09:52.554-05:00  INFO 8500 --- [loadroute-backend] [pool-2-thread-1] c.l.algorithm.SimulatedAnnealing         : SA-Opt inicio | T0=1000.0 | costo greedy: 89.00 | envios: 6/6
2026-06-02T04:09:52.557-05:00  INFO 8500 --- [loadroute-backend] [pool-2-thread-1] c.l.algorithm.SimulatedAnnealing         : SA-Opt reheat #1 | T=300.00 | costo: 89.00
2026-06-02T04:09:52.559-05:00  INFO 8500 --- [loadroute-backend] [pool-2-thread-1] c.l.algorithm.SimulatedAnnealing         : SA-Opt reheat #2 | T=90.00 | costo: 89.00
2026-06-02T04:09:52.560-05:00  INFO 8500 --- [loadroute-backend] [pool-2-thread-1] c.l.algorithm.SimulatedAnnealing         : SA-Opt reheat #3 | T=27.00 | costo: 89.00
2026-06-02T04:09:52.561-05:00  INFO 8500 --- [loadroute-backend] [pool-2-thread-1] c.l.algorithm.SimulatedAnnealing         : SA-Opt reheat #4 | T=8.10 | costo: 89.00
2026-06-02T04:09:52.562-05:00  INFO 8500 --- [loadroute-backend] [pool-2-thread-1] c.l.algorithm.SimulatedAnnealing         : SA-Opt reheat #5 | T=2.43 | costo: 89.00
2026-06-02T04:09:52.563-05:00  INFO 8500 --- [loadroute-backend] [pool-2-thread-1] c.l.algorithm.SimulatedAnnealing         : SA-Opt fin | iter: 4669 | reheats: 5 | mejoras: 519 | peores: 673 | cache: 2349 hits | costo: 89.00 -> 89.00 (0.0%) | tiempo: 0.0s
2026-06-02T04:09:52.563-05:00  INFO 8500 --- [loadroute-backend] [pool-2-thread-1] c.l.algorithm.SimulatedAnnealing         : SA-Opt inicio | T0=1000.0 | costo greedy: 25.00 | envios: 2/2
2026-06-02T04:09:52.565-05:00  INFO 8500 --- [loadroute-backend] [pool-2-thread-1] c.l.algorithm.SimulatedAnnealing         : SA-Opt reheat #1 | T=300.00 | costo: 25.00
2026-06-02T04:09:52.567-05:00  INFO 8500 --- [loadroute-backend] [pool-2-thread-1] c.l.algorithm.SimulatedAnnealing         : SA-Opt reheat #2 | T=90.00 | costo: 25.00
2026-06-02T04:09:52.568-05:00  INFO 8500 --- [loadroute-backend] [pool-2-thread-1] c.l.algorithm.SimulatedAnnealing         : SA-Opt reheat #3 | T=27.00 | costo: 25.00
2026-06-02T04:09:52.569-05:00  INFO 8500 --- [loadroute-backend] [pool-2-thread-1] c.l.algorithm.SimulatedAnnealing         : SA-Opt reheat #4 | T=8.10 | costo: 25.00
2026-06-02T04:09:52.570-05:00  INFO 8500 --- [loadroute-backend] [pool-2-thread-1] c.l.algorithm.SimulatedAnnealing         : SA-Opt reheat #5 | T=2.43 | costo: 25.00
2026-06-02T04:09:52.570-05:00  INFO 8500 --- [loadroute-backend] [pool-2-thread-1] c.l.algorithm.SimulatedAnnealing         : SA-Opt fin | iter: 4669 | reheats: 5 | mejoras: 570 | peores: 665 | cache: 2385 hits | costo: 25.00 -> 25.00 (0.0%) | tiempo: 0.0s
2026-06-02T04:09:52.571-05:00  INFO 8500 --- [loadroute-backend] [pool-2-thread-1] c.l.algorithm.SimulatedAnnealing         : SA-Opt inicio | T0=1000.0 | costo greedy: 78.00 | envios: 5/5
2026-06-02T04:09:52.574-05:00  INFO 8500 --- [loadroute-backend] [pool-2-thread-1] c.l.algorithm.SimulatedAnnealing         : SA-Opt reheat #1 | T=300.00 | costo: 78.00
2026-06-02T04:09:52.576-05:00  INFO 8500 --- [loadroute-backend] [pool-2-thread-1] c.l.algorithm.SimulatedAnnealing         : SA-Opt reheat #2 | T=90.00 | costo: 78.00
2026-06-02T04:09:52.577-05:00  INFO 8500 --- [loadroute-backend] [pool-2-thread-1] c.l.algorithm.SimulatedAnnealing         : SA-Opt reheat #3 | T=27.00 | costo: 78.00
2026-06-02T04:09:52.578-05:00  INFO 8500 --- [loadroute-backend] [pool-2-thread-1] c.l.algorithm.SimulatedAnnealing         : SA-Opt reheat #4 | T=8.10 | costo: 78.00
2026-06-02T04:09:52.579-05:00  INFO 8500 --- [loadroute-backend] [pool-2-thread-1] c.l.algorithm.SimulatedAnnealing         : SA-Opt reheat #5 | T=2.43 | costo: 78.00
2026-06-02T04:09:52.579-05:00  INFO 8500 --- [loadroute-backend] [pool-2-thread-1] c.l.algorithm.SimulatedAnnealing         : SA-Opt fin | iter: 4669 | reheats: 5 | mejoras: 532 | peores: 624 | cache: 2375 hits | costo: 78.00 -> 78.00 (0.0%) | tiempo: 0.0s
2026-06-02T04:09:52.579-05:00  INFO 8500 --- [loadroute-backend] [pool-2-thread-1] c.l.algorithm.SimulatedAnnealing         : SA-Opt inicio | T0=1000.0 | costo greedy: 44.00 | envios: 4/4
2026-06-02T04:09:52.584-05:00  INFO 8500 --- [loadroute-backend] [pool-2-thread-1] c.l.algorithm.SimulatedAnnealing         : SA-Opt reheat #1 | T=300.00 | costo: 44.00
2026-06-02T04:09:52.585-05:00  INFO 8500 --- [loadroute-backend] [pool-2-thread-1] c.l.algorithm.SimulatedAnnealing         : SA-Opt reheat #2 | T=90.00 | costo: 44.00
2026-06-02T04:09:52.586-05:00  INFO 8500 --- [loadroute-backend] [pool-2-thread-1] c.l.algorithm.SimulatedAnnealing         : SA-Opt reheat #3 | T=27.00 | costo: 44.00
2026-06-02T04:09:52.589-05:00  INFO 8500 --- [loadroute-backend] [pool-2-thread-1] c.l.algorithm.SimulatedAnnealing         : SA-Opt reheat #4 | T=8.10 | costo: 44.00
2026-06-02T04:09:52.590-05:00  INFO 8500 --- [loadroute-backend] [pool-2-thread-1] c.l.algorithm.SimulatedAnnealing         : SA-Opt reheat #5 | T=2.43 | costo: 44.00
2026-06-02T04:09:52.590-05:00  INFO 8500 --- [loadroute-backend] [pool-2-thread-1] c.l.algorithm.SimulatedAnnealing         : SA-Opt fin | iter: 4669 | reheats: 5 | mejoras: 514 | peores: 707 | cache: 2300 hits | costo: 44.00 -> 44.00 (0.0%) | tiempo: 0.0s
2026-06-02T04:09:52.591-05:00  INFO 8500 --- [loadroute-backend] [pool-2-thread-1] c.l.algorithm.SimulatedAnnealing         : SA-Opt inicio | T0=1000.0 | costo greedy: 22.00 | envios: 2/2
2026-06-02T04:09:52.593-05:00  INFO 8500 --- [loadroute-backend] [pool-2-thread-1] c.l.algorithm.SimulatedAnnealing         : SA-Opt reheat #1 | T=300.00 | costo: 22.00
2026-06-02T04:09:52.594-05:00  INFO 8500 --- [loadroute-backend] [pool-2-thread-1] c.l.algorithm.SimulatedAnnealing         : SA-Opt reheat #2 | T=90.00 | costo: 22.00
2026-06-02T04:09:52.595-05:00  INFO 8500 --- [loadroute-backend] [pool-2-thread-1] c.l.algorithm.SimulatedAnnealing         : SA-Opt reheat #3 | T=27.00 | costo: 22.00
2026-06-02T04:09:52.596-05:00  INFO 8500 --- [loadroute-backend] [pool-2-thread-1] c.l.algorithm.SimulatedAnnealing         : SA-Opt reheat #4 | T=8.10 | costo: 22.00
2026-06-02T04:09:52.597-05:00  INFO 8500 --- [loadroute-backend] [pool-2-thread-1] c.l.algorithm.SimulatedAnnealing         : SA-Opt reheat #5 | T=2.43 | costo: 22.00
2026-06-02T04:09:52.597-05:00  INFO 8500 --- [loadroute-backend] [pool-2-thread-1] c.l.algorithm.SimulatedAnnealing         : SA-Opt fin | iter: 4669 | reheats: 5 | mejoras: 498 | peores: 644 | cache: 2295 hits | costo: 22.00 -> 22.00 (0.0%) | tiempo: 0.0s
2026-06-02T04:15:57.866-05:00  INFO 8500 --- [loadroute-backend] [pool-2-thread-1] c.l.service.RuteoAlgoritmoService        : Cargando datos para el algoritmo...
2026-06-02T04:16:08.266-05:00  INFO 8500 --- [loadroute-backend] [pool-2-thread-1] c.l.service.RuteoAlgoritmoService        : Datos cargados: 30 aeropuertos | 2866 vuelos | 1989 envios
2026-06-02T04:16:08.272-05:00  INFO 8500 --- [loadroute-backend] [pool-2-thread-1] c.l.algorithm.SimulatedAnnealing         : SA-Opt inicio | T0=1000.0 | costo greedy: 22.00 | envios: 2/2
2026-06-02T04:16:08.275-05:00  INFO 8500 --- [loadroute-backend] [pool-2-thread-1] c.l.algorithm.SimulatedAnnealing         : SA-Opt reheat #1 | T=300.00 | costo: 22.00
2026-06-02T04:16:08.277-05:00  INFO 8500 --- [loadroute-backend] [pool-2-thread-1] c.l.algorithm.SimulatedAnnealing         : SA-Opt reheat #2 | T=90.00 | costo: 22.00
2026-06-02T04:16:08.278-05:00  INFO 8500 --- [loadroute-backend] [pool-2-thread-1] c.l.algorithm.SimulatedAnnealing         : SA-Opt reheat #3 | T=27.00 | costo: 22.00
2026-06-02T04:16:08.279-05:00  INFO 8500 --- [loadroute-backend] [pool-2-thread-1] c.l.algorithm.SimulatedAnnealing         : SA-Opt reheat #4 | T=8.10 | costo: 22.00
2026-06-02T04:16:08.280-05:00  INFO 8500 --- [loadroute-backend] [pool-2-thread-1] c.l.algorithm.SimulatedAnnealing         : SA-Opt reheat #5 | T=2.43 | costo: 22.00
2026-06-02T04:16:08.280-05:00  INFO 8500 --- [loadroute-backend] [pool-2-thread-1] c.l.algorithm.SimulatedAnnealing         : SA-Opt fin | iter: 4669 | reheats: 5 | mejoras: 461 | peores: 519 | cache: 2329 hits | costo: 22.00 -> 22.00 (0.0%) | tiempo: 0.0s
2026-06-02T04:16:08.281-05:00  INFO 8500 --- [loadroute-backend] [pool-2-thread-1] c.l.algorithm.SimulatedAnnealing         : SA-Opt inicio | T0=1000.0 | costo greedy: 72.00 | envios: 4/4
2026-06-02T04:16:08.284-05:00  INFO 8500 --- [loadroute-backend] [pool-2-thread-1] c.l.algorithm.SimulatedAnnealing         : SA-Opt reheat #1 | T=300.00 | costo: 72.00
2026-06-02T04:16:08.285-05:00  INFO 8500 --- [loadroute-backend] [pool-2-thread-1] c.l.algorithm.SimulatedAnnealing         : SA-Opt reheat #2 | T=90.00 | costo: 72.00
2026-06-02T04:16:08.287-05:00  INFO 8500 --- [loadroute-backend] [pool-2-thread-1] c.l.algorithm.SimulatedAnnealing         : SA-Opt reheat #3 | T=27.00 | costo: 72.00
2026-06-02T04:16:08.288-05:00  INFO 8500 --- [loadroute-backend] [pool-2-thread-1] c.l.algorithm.SimulatedAnnealing         : SA-Opt reheat #4 | T=8.10 | costo: 72.00
2026-06-02T04:16:08.289-05:00  INFO 8500 --- [loadroute-backend] [pool-2-thread-1] c.l.algorithm.SimulatedAnnealing         : SA-Opt reheat #5 | T=2.43 | costo: 72.00
2026-06-02T04:16:08.289-05:00  INFO 8500 --- [loadroute-backend] [pool-2-thread-1] c.l.algorithm.SimulatedAnnealing         : SA-Opt fin | iter: 4669 | reheats: 5 | mejoras: 561 | peores: 679 | cache: 2334 hits | costo: 72.00 -> 72.00 (0.0%) | tiempo: 0.0s
2026-06-02T04:16:08.290-05:00  INFO 8500 --- [loadroute-backend] [pool-2-thread-1] c.l.algorithm.SimulatedAnnealing         : SA-Opt inicio | T0=1000.0 | costo greedy: 89.00 | envios: 6/6
2026-06-02T04:16:08.294-05:00  INFO 8500 --- [loadroute-backend] [pool-2-thread-1] c.l.algorithm.SimulatedAnnealing         : SA-Opt reheat #1 | T=300.00 | costo: 89.00
2026-06-02T04:16:08.296-05:00  INFO 8500 --- [loadroute-backend] [pool-2-thread-1] c.l.algorithm.SimulatedAnnealing         : SA-Opt reheat #2 | T=90.00 | costo: 89.00
2026-06-02T04:16:08.297-05:00  INFO 8500 --- [loadroute-backend] [pool-2-thread-1] c.l.algorithm.SimulatedAnnealing         : SA-Opt reheat #3 | T=27.00 | costo: 89.00
2026-06-02T04:16:08.298-05:00  INFO 8500 --- [loadroute-backend] [pool-2-thread-1] c.l.algorithm.SimulatedAnnealing         : SA-Opt reheat #4 | T=8.10 | costo: 89.00
2026-06-02T04:16:08.299-05:00  INFO 8500 --- [loadroute-backend] [pool-2-thread-1] c.l.algorithm.SimulatedAnnealing         : SA-Opt reheat #5 | T=2.43 | costo: 89.00
2026-06-02T04:16:08.299-05:00  INFO 8500 --- [loadroute-backend] [pool-2-thread-1] c.l.algorithm.SimulatedAnnealing         : SA-Opt fin | iter: 4669 | reheats: 5 | mejoras: 581 | peores: 649 | cache: 2347 hits | costo: 89.00 -> 89.00 (0.0%) | tiempo: 0.0s
2026-06-02T04:16:08.302-05:00  INFO 8500 --- [loadroute-backend] [pool-2-thread-1] c.l.algorithm.SimulatedAnnealing         : SA-Opt inicio | T0=1000.0 | costo greedy: 127.00 | envios: 8/8
2026-06-02T04:16:08.305-05:00  INFO 8500 --- [loadroute-backend] [pool-2-thread-1] c.l.algorithm.SimulatedAnnealing         : SA-Opt reheat #1 | T=300.00 | costo: 127.00
2026-06-02T04:16:08.308-05:00  INFO 8500 --- [loadroute-backend] [pool-2-thread-1] c.l.algorithm.SimulatedAnnealing         : SA-Opt reheat #2 | T=90.00 | costo: 127.00
2026-06-02T04:16:08.309-05:00  INFO 8500 --- [loadroute-backend] [pool-2-thread-1] c.l.algorithm.SimulatedAnnealing         : SA-Opt reheat #3 | T=27.00 | costo: 127.00
2026-06-02T04:16:08.310-05:00  INFO 8500 --- [loadroute-backend] [pool-2-thread-1] c.l.algorithm.SimulatedAnnealing         : SA-Opt reheat #4 | T=8.10 | costo: 127.00
2026-06-02T04:16:08.311-05:00  INFO 8500 --- [loadroute-backend] [pool-2-thread-1] c.l.algorithm.SimulatedAnnealing         : SA-Opt reheat #5 | T=2.43 | costo: 127.00
2026-06-02T04:16:08.312-05:00  INFO 8500 --- [loadroute-backend] [pool-2-thread-1] c.l.algorithm.SimulatedAnnealing         : SA-Opt fin | iter: 4669 | reheats: 5 | mejoras: 513 | peores: 604 | cache: 2275 hits | costo: 127.00 -> 127.00 (0.0%) | tiempo: 0.0s
2026-06-02T04:16:08.314-05:00  INFO 8500 --- [loadroute-backend] [pool-2-thread-1] c.l.algorithm.SimulatedAnnealing         : SA-Opt inicio | T0=1000.0 | costo greedy: 80.00 | envios: 8/8
2026-06-02T04:16:08.318-05:00  INFO 8500 --- [loadroute-backend] [pool-2-thread-1] c.l.algorithm.SimulatedAnnealing         : SA-Opt reheat #1 | T=300.00 | costo: 80.00
2026-06-02T04:16:08.320-05:00  INFO 8500 --- [loadroute-backend] [pool-2-thread-1] c.l.algorithm.SimulatedAnnealing         : SA-Opt reheat #2 | T=90.00 | costo: 80.00
2026-06-02T04:16:08.321-05:00  INFO 8500 --- [loadroute-backend] [pool-2-thread-1] c.l.algorithm.SimulatedAnnealing         : SA-Opt reheat #3 | T=27.00 | costo: 80.00
2026-06-02T04:16:08.323-05:00  INFO 8500 --- [loadroute-backend] [pool-2-thread-1] c.l.algorithm.SimulatedAnnealing         : SA-Opt reheat #4 | T=8.10 | costo: 80.00
2026-06-02T04:16:08.324-05:00  INFO 8500 --- [loadroute-backend] [pool-2-thread-1] c.l.algorithm.SimulatedAnnealing         : SA-Opt reheat #5 | T=2.43 | costo: 80.00
2026-06-02T04:16:08.324-05:00  INFO 8500 --- [loadroute-backend] [pool-2-thread-1] c.l.algorithm.SimulatedAnnealing         : SA-Opt fin | iter: 4669 | reheats: 5 | mejoras: 555 | peores: 647 | cache: 2349 hits | costo: 80.00 -> 80.00 (0.0%) | tiempo: 0.0s
2026-06-02T04:16:08.325-05:00  INFO 8500 --- [loadroute-backend] [pool-2-thread-1] c.l.algorithm.SimulatedAnnealing         : SA-Opt inicio | T0=1000.0 | costo greedy: 71.00 | envios: 7/7
2026-06-02T04:16:08.328-05:00  INFO 8500 --- [loadroute-backend] [pool-2-thread-1] c.l.algorithm.SimulatedAnnealing         : SA-Opt reheat #1 | T=300.00 | costo: 71.00
2026-06-02T04:16:08.332-05:00  INFO 8500 --- [loadroute-backend] [pool-2-thread-1] c.l.algorithm.SimulatedAnnealing         : SA-Opt reheat #2 | T=90.00 | costo: 71.00
2026-06-02T04:16:08.334-05:00  INFO 8500 --- [loadroute-backend] [pool-2-thread-1] c.l.algorithm.SimulatedAnnealing         : SA-Opt reheat #3 | T=27.00 | costo: 71.00
2026-06-02T04:16:08.336-05:00  INFO 8500 --- [loadroute-backend] [pool-2-thread-1] c.l.algorithm.SimulatedAnnealing         : SA-Opt reheat #4 | T=8.10 | costo: 71.00
2026-06-02T04:16:08.337-05:00  INFO 8500 --- [loadroute-backend] [pool-2-thread-1] c.l.algorithm.SimulatedAnnealing         : SA-Opt reheat #5 | T=2.43 | costo: 71.00
2026-06-02T04:16:08.337-05:00  INFO 8500 --- [loadroute-backend] [pool-2-thread-1] c.l.algorithm.SimulatedAnnealing         : SA-Opt fin | iter: 4669 | reheats: 5 | mejoras: 445 | peores: 562 | cache: 2288 hits | costo: 71.00 -> 71.00 (0.0%) | tiempo: 0.0s
2026-06-02T04:16:08.340-05:00  INFO 8500 --- [loadroute-backend] [pool-2-thread-1] c.l.algorithm.SimulatedAnnealing         : SA-Opt inicio | T0=1000.0 | costo greedy: 103.00 | envios: 8/8
2026-06-02T04:16:08.346-05:00  INFO 8500 --- [loadroute-backend] [pool-2-thread-1] c.l.algorithm.SimulatedAnnealing         : SA-Opt reheat #1 | T=300.00 | costo: 103.00
2026-06-02T04:16:08.349-05:00  INFO 8500 --- [loadroute-backend] [pool-2-thread-1] c.l.algorithm.SimulatedAnnealing         : SA-Opt reheat #2 | T=90.00 | costo: 103.00
2026-06-02T04:16:08.351-05:00  INFO 8500 --- [loadroute-backend] [pool-2-thread-1] c.l.algorithm.SimulatedAnnealing         : SA-Opt reheat #3 | T=27.00 | costo: 103.00
2026-06-02T04:16:08.352-05:00  INFO 8500 --- [loadroute-backend] [pool-2-thread-1] c.l.algorithm.SimulatedAnnealing         : SA-Opt reheat #4 | T=8.10 | costo: 103.00
2026-06-02T04:16:08.353-05:00  INFO 8500 --- [loadroute-backend] [pool-2-thread-1] c.l.algorithm.SimulatedAnnealing         : SA-Opt reheat #5 | T=2.43 | costo: 103.00
2026-06-02T04:16:08.353-05:00  INFO 8500 --- [loadroute-backend] [pool-2-thread-1] c.l.algorithm.SimulatedAnnealing         : SA-Opt fin | iter: 4669 | reheats: 5 | mejoras: 549 | peores: 677 | cache: 2337 hits | costo: 103.00 -> 103.00 (0.0%) | tiempo: 0.0s
2026-06-02T04:16:08.355-05:00  INFO 8500 --- [loadroute-backend] [pool-2-thread-1] c.l.algorithm.SimulatedAnnealing         : SA-Opt inicio | T0=1000.0 | costo greedy: 98.00 | envios: 6/6
2026-06-02T04:16:08.358-05:00  INFO 8500 --- [loadroute-backend] [pool-2-thread-1] c.l.algorithm.SimulatedAnnealing         : SA-Opt reheat #1 | T=300.00 | costo: 98.00
2026-06-02T04:16:08.358-05:00  INFO 8500 --- [loadroute-backend] [pool-2-thread-1] c.l.algorithm.SimulatedAnnealing         : SA-Opt reheat #2 | T=90.00 | costo: 98.00
2026-06-02T04:16:08.358-05:00  INFO 8500 --- [loadroute-backend] [pool-2-thread-1] c.l.algorithm.SimulatedAnnealing         : SA-Opt reheat #3 | T=27.00 | costo: 98.00
2026-06-02T04:16:08.363-05:00  INFO 8500 --- [loadroute-backend] [pool-2-thread-1] c.l.algorithm.SimulatedAnnealing         : SA-Opt reheat #4 | T=8.10 | costo: 98.00
2026-06-02T04:16:08.363-05:00  INFO 8500 --- [loadroute-backend] [pool-2-thread-1] c.l.algorithm.SimulatedAnnealing         : SA-Opt reheat #5 | T=2.43 | costo: 98.00
2026-06-02T04:16:08.364-05:00  INFO 8500 --- [loadroute-backend] [pool-2-thread-1] c.l.algorithm.SimulatedAnnealing         : SA-Opt fin | iter: 4669 | reheats: 5 | mejoras: 577 | peores: 693 | cache: 2346 hits | costo: 98.00 -> 98.00 (0.0%) | tiempo: 0.0s
2026-06-02T04:16:08.365-05:00  INFO 8500 --- [loadroute-backend] [pool-2-thread-1] c.l.algorithm.SimulatedAnnealing         : SA-Opt inicio | T0=1000.0 | costo greedy: 130.00 | envios: 9/9
2026-06-02T04:16:08.368-05:00  INFO 8500 --- [loadroute-backend] [pool-2-thread-1] c.l.algorithm.SimulatedAnnealing         : SA-Opt reheat #1 | T=300.00 | costo: 130.00
2026-06-02T04:16:08.372-05:00  INFO 8500 --- [loadroute-backend] [pool-2-thread-1] c.l.algorithm.SimulatedAnnealing         : SA-Opt reheat #2 | T=90.00 | costo: 130.00
2026-06-02T04:16:08.372-05:00  INFO 8500 --- [loadroute-backend] [pool-2-thread-1] c.l.algorithm.SimulatedAnnealing         : SA-Opt reheat #3 | T=27.00 | costo: 130.00
2026-06-02T04:16:08.374-05:00  INFO 8500 --- [loadroute-backend] [pool-2-thread-1] c.l.algorithm.SimulatedAnnealing         : SA-Opt reheat #4 | T=8.10 | costo: 130.00
2026-06-02T04:16:08.375-05:00  INFO 8500 --- [loadroute-backend] [pool-2-thread-1] c.l.algorithm.SimulatedAnnealing         : SA-Opt reheat #5 | T=2.43 | costo: 130.00
2026-06-02T04:16:08.375-05:00  INFO 8500 --- [loadroute-backend] [pool-2-thread-1] c.l.algorithm.SimulatedAnnealing         : SA-Opt fin | iter: 4669 | reheats: 5 | mejoras: 511 | peores: 617 | cache: 2348 hits | costo: 130.00 -> 130.00 (0.0%) | tiempo: 0.0s
2026-06-02T04:16:08.377-05:00  INFO 8500 --- [loadroute-backend] [pool-2-thread-1] c.l.algorithm.SimulatedAnnealing         : SA-Opt inicio | T0=1000.0 | costo greedy: 114.00 | envios: 9/9
2026-06-02T04:16:08.380-05:00  INFO 8500 --- [loadroute-backend] [pool-2-thread-1] c.l.algorithm.SimulatedAnnealing         : SA-Opt reheat #1 | T=300.00 | costo: 114.00
2026-06-02T04:16:08.382-05:00  INFO 8500 --- [loadroute-backend] [pool-2-thread-1] c.l.algorithm.SimulatedAnnealing         : SA-Opt reheat #2 | T=90.00 | costo: 114.00
2026-06-02T04:16:08.384-05:00  INFO 8500 --- [loadroute-backend] [pool-2-thread-1] c.l.algorithm.SimulatedAnnealing         : SA-Opt reheat #3 | T=27.00 | costo: 114.00
2026-06-02T04:16:08.384-05:00  INFO 8500 --- [loadroute-backend] [pool-2-thread-1] c.l.algorithm.SimulatedAnnealing         : SA-Opt reheat #4 | T=8.10 | costo: 114.00
2026-06-02T04:16:08.384-05:00  INFO 8500 --- [loadroute-backend] [pool-2-thread-1] c.l.algorithm.SimulatedAnnealing         : SA-Opt reheat #5 | T=2.43 | costo: 114.00
2026-06-02T04:16:08.384-05:00  INFO 8500 --- [loadroute-backend] [pool-2-thread-1] c.l.algorithm.SimulatedAnnealing         : SA-Opt fin | iter: 4669 | reheats: 5 | mejoras: 496 | peores: 570 | cache: 2309 hits | costo: 114.00 -> 114.00 (0.0%) | tiempo: 0.0s
2026-06-02T04:16:08.388-05:00  INFO 8500 --- [loadroute-backend] [pool-2-thread-1] c.l.algorithm.SimulatedAnnealing         : SA-Opt inicio | T0=1000.0 | costo greedy: 197.00 | envios: 13/13
2026-06-02T04:16:08.391-05:00  INFO 8500 --- [loadroute-backend] [pool-2-thread-1] c.l.algorithm.SimulatedAnnealing         : SA-Opt reheat #1 | T=300.00 | costo: 197.00
2026-06-02T04:16:08.394-05:00  INFO 8500 --- [loadroute-backend] [pool-2-thread-1] c.l.algorithm.SimulatedAnnealing         : SA-Opt reheat #2 | T=90.00 | costo: 197.00
2026-06-02T04:16:08.394-05:00  INFO 8500 --- [loadroute-backend] [pool-2-thread-1] c.l.algorithm.SimulatedAnnealing         : SA-Opt reheat #3 | T=27.00 | costo: 197.00
2026-06-02T04:16:08.394-05:00  INFO 8500 --- [loadroute-backend] [pool-2-thread-1] c.l.algorithm.SimulatedAnnealing         : SA-Opt reheat #4 | T=8.10 | costo: 197.00
2026-06-02T04:16:08.394-05:00  INFO 8500 --- [loadroute-backend] [pool-2-thread-1] c.l.algorithm.SimulatedAnnealing         : SA-Opt reheat #5 | T=2.43 | costo: 197.00
2026-06-02T04:16:08.394-05:00  INFO 8500 --- [loadroute-backend] [pool-2-thread-1] c.l.algorithm.SimulatedAnnealing         : SA-Opt fin | iter: 4669 | reheats: 5 | mejoras: 587 | peores: 667 | cache: 2375 hits | costo: 197.00 -> 197.00 (0.0%) | tiempo: 0.0s
2026-06-02T04:16:08.394-05:00  INFO 8500 --- [loadroute-backend] [pool-2-thread-1] c.l.algorithm.SimulatedAnnealing         : SA-Opt inicio | T0=1000.0 | costo greedy: 77.00 | envios: 7/7
2026-06-02T04:16:08.403-05:00  INFO 8500 --- [loadroute-backend] [pool-2-thread-1] c.l.algorithm.SimulatedAnnealing         : SA-Opt reheat #1 | T=300.00 | costo: 77.00
2026-06-02T04:16:08.404-05:00  INFO 8500 --- [loadroute-backend] [pool-2-thread-1] c.l.algorithm.SimulatedAnnealing         : SA-Opt reheat #2 | T=90.00 | costo: 77.00
2026-06-02T04:16:08.405-05:00  INFO 8500 --- [loadroute-backend] [pool-2-thread-1] c.l.algorithm.SimulatedAnnealing         : SA-Opt reheat #3 | T=27.00 | costo: 77.00
2026-06-02T04:16:08.405-05:00  INFO 8500 --- [loadroute-backend] [pool-2-thread-1] c.l.algorithm.SimulatedAnnealing         : SA-Opt reheat #4 | T=8.10 | costo: 77.00
2026-06-02T04:16:08.405-05:00  INFO 8500 --- [loadroute-backend] [pool-2-thread-1] c.l.algorithm.SimulatedAnnealing         : SA-Opt reheat #5 | T=2.43 | costo: 77.00
2026-06-02T04:16:08.405-05:00  INFO 8500 --- [loadroute-backend] [pool-2-thread-1] c.l.algorithm.SimulatedAnnealing         : SA-Opt fin | iter: 4669 | reheats: 5 | mejoras: 558 | peores: 671 | cache: 2296 hits | costo: 77.00 -> 77.00 (0.0%) | tiempo: 0.0s
2026-06-02T04:16:08.405-05:00  INFO 8500 --- [loadroute-backend] [pool-2-thread-1] c.l.algorithm.SimulatedAnnealing         : SA-Opt inicio | T0=1000.0 | costo greedy: 115.00 | envios: 8/8
2026-06-02T04:16:08.413-05:00  INFO 8500 --- [loadroute-backend] [pool-2-thread-1] c.l.algorithm.SimulatedAnnealing         : SA-Opt reheat #1 | T=300.00 | costo: 115.00
2026-06-02T04:16:08.415-05:00  INFO 8500 --- [loadroute-backend] [pool-2-thread-1] c.l.algorithm.SimulatedAnnealing         : SA-Opt reheat #2 | T=90.00 | costo: 115.00
2026-06-02T04:16:08.415-05:00  INFO 8500 --- [loadroute-backend] [pool-2-thread-1] c.l.algorithm.SimulatedAnnealing         : SA-Opt reheat #3 | T=27.00 | costo: 115.00
2026-06-02T04:16:08.415-05:00  INFO 8500 --- [loadroute-backend] [pool-2-thread-1] c.l.algorithm.SimulatedAnnealing         : SA-Opt reheat #4 | T=8.10 | costo: 115.00
2026-06-02T04:16:08.415-05:00  INFO 8500 --- [loadroute-backend] [pool-2-thread-1] c.l.algorithm.SimulatedAnnealing         : SA-Opt reheat #5 | T=2.43 | costo: 115.00
2026-06-02T04:16:08.415-05:00  INFO 8500 --- [loadroute-backend] [pool-2-thread-1] c.l.algorithm.SimulatedAnnealing         : SA-Opt fin | iter: 4669 | reheats: 5 | mejoras: 515 | peores: 605 | cache: 2283 hits | costo: 115.00 -> 115.00 (0.0%) | tiempo: 0.0s
2026-06-02T04:16:08.415-05:00  INFO 8500 --- [loadroute-backend] [pool-2-thread-1] c.l.algorithm.SimulatedAnnealing         : SA-Opt inicio | T0=1000.0 | costo greedy: 149.00 | envios: 10/10
2026-06-02T04:16:08.425-05:00  INFO 8500 --- [loadroute-backend] [pool-2-thread-1] c.l.algorithm.SimulatedAnnealing         : SA-Opt reheat #1 | T=300.00 | costo: 149.00
2026-06-02T04:16:08.428-05:00  INFO 8500 --- [loadroute-backend] [pool-2-thread-1] c.l.algorithm.SimulatedAnnealing         : SA-Opt reheat #2 | T=90.00 | costo: 149.00
2026-06-02T04:16:08.428-05:00  INFO 8500 --- [loadroute-backend] [pool-2-thread-1] c.l.algorithm.SimulatedAnnealing         : SA-Opt reheat #3 | T=27.00 | costo: 149.00
2026-06-02T04:16:08.428-05:00  INFO 8500 --- [loadroute-backend] [pool-2-thread-1] c.l.algorithm.SimulatedAnnealing         : SA-Opt reheat #4 | T=8.10 | costo: 149.00
2026-06-02T04:16:08.428-05:00  INFO 8500 --- [loadroute-backend] [pool-2-thread-1] c.l.algorithm.SimulatedAnnealing         : SA-Opt reheat #5 | T=2.43 | costo: 149.00
2026-06-02T04:16:08.428-05:00  INFO 8500 --- [loadroute-backend] [pool-2-thread-1] c.l.algorithm.SimulatedAnnealing         : SA-Opt fin | iter: 4669 | reheats: 5 | mejoras: 577 | peores: 659 | cache: 2327 hits | costo: 149.00 -> 149.00 (0.0%) | tiempo: 0.0s
2026-06-02T04:16:08.433-05:00  INFO 8500 --- [loadroute-backend] [pool-2-thread-1] c.l.algorithm.SimulatedAnnealing         : SA-Opt inicio | T0=1000.0 | costo greedy: 91.00 | envios: 7/7
2026-06-02T04:16:08.435-05:00  INFO 8500 --- [loadroute-backend] [pool-2-thread-1] c.l.algorithm.SimulatedAnnealing         : SA-Opt reheat #1 | T=300.00 | costo: 91.00
2026-06-02T04:16:08.437-05:00  INFO 8500 --- [loadroute-backend] [pool-2-thread-1] c.l.algorithm.SimulatedAnnealing         : SA-Opt reheat #2 | T=90.00 | costo: 91.00
2026-06-02T04:16:08.437-05:00  INFO 8500 --- [loadroute-backend] [pool-2-thread-1] c.l.algorithm.SimulatedAnnealing         : SA-Opt reheat #3 | T=27.00 | costo: 91.00
2026-06-02T04:16:08.437-05:00  INFO 8500 --- [loadroute-backend] [pool-2-thread-1] c.l.algorithm.SimulatedAnnealing         : SA-Opt reheat #4 | T=8.10 | costo: 91.00
2026-06-02T04:16:08.437-05:00  INFO 8500 --- [loadroute-backend] [pool-2-thread-1] c.l.algorithm.SimulatedAnnealing         : SA-Opt reheat #5 | T=2.43 | costo: 91.00
2026-06-02T04:16:08.437-05:00  INFO 8500 --- [loadroute-backend] [pool-2-thread-1] c.l.algorithm.SimulatedAnnealing         : SA-Opt fin | iter: 4669 | reheats: 5 | mejoras: 526 | peores: 611 | cache: 2315 hits | costo: 91.00 -> 91.00 (0.0%) | tiempo: 0.0s
2026-06-02T04:16:08.443-05:00  INFO 8500 --- [loadroute-backend] [pool-2-thread-1] c.l.algorithm.SimulatedAnnealing         : SA-Opt inicio | T0=1000.0 | costo greedy: 113.00 | envios: 8/8
2026-06-02T04:16:08.446-05:00  INFO 8500 --- [loadroute-backend] [pool-2-thread-1] c.l.algorithm.SimulatedAnnealing         : SA-Opt reheat #1 | T=300.00 | costo: 113.00
2026-06-02T04:16:08.449-05:00  INFO 8500 --- [loadroute-backend] [pool-2-thread-1] c.l.algorithm.SimulatedAnnealing         : SA-Opt reheat #2 | T=90.00 | costo: 113.00
2026-06-02T04:16:08.449-05:00  INFO 8500 --- [loadroute-backend] [pool-2-thread-1] c.l.algorithm.SimulatedAnnealing         : SA-Opt reheat #3 | T=27.00 | costo: 113.00
2026-06-02T04:16:08.449-05:00  INFO 8500 --- [loadroute-backend] [pool-2-thread-1] c.l.algorithm.SimulatedAnnealing         : SA-Opt reheat #4 | T=8.10 | costo: 113.00
2026-06-02T04:16:08.449-05:00  INFO 8500 --- [loadroute-backend] [pool-2-thread-1] c.l.algorithm.SimulatedAnnealing         : SA-Opt reheat #5 | T=2.43 | costo: 113.00
2026-06-02T04:16:08.449-05:00  INFO 8500 --- [loadroute-backend] [pool-2-thread-1] c.l.algorithm.SimulatedAnnealing         : SA-Opt fin | iter: 4669 | reheats: 5 | mejoras: 499 | peores: 630 | cache: 2265 hits | costo: 113.00 -> 113.00 (0.0%) | tiempo: 0.0s
2026-06-02T04:16:08.454-05:00  INFO 8500 --- [loadroute-backend] [pool-2-thread-1] c.l.algorithm.SimulatedAnnealing         : SA-Opt inicio | T0=1000.0 | costo greedy: 93.00 | envios: 9/9
2026-06-02T04:16:08.459-05:00  INFO 8500 --- [loadroute-backend] [pool-2-thread-1] c.l.algorithm.SimulatedAnnealing         : SA-Opt reheat #1 | T=300.00 | costo: 93.00
2026-06-02T04:16:08.459-05:00  INFO 8500 --- [loadroute-backend] [pool-2-thread-1] c.l.algorithm.SimulatedAnnealing         : SA-Opt reheat #2 | T=90.00 | costo: 93.00
2026-06-02T04:16:08.463-05:00  INFO 8500 --- [loadroute-backend] [pool-2-thread-1] c.l.algorithm.SimulatedAnnealing         : SA-Opt reheat #3 | T=27.00 | costo: 93.00
2026-06-02T04:16:08.464-05:00  INFO 8500 --- [loadroute-backend] [pool-2-thread-1] c.l.algorithm.SimulatedAnnealing         : SA-Opt reheat #4 | T=8.10 | costo: 93.00
2026-06-02T04:16:08.465-05:00  INFO 8500 --- [loadroute-backend] [pool-2-thread-1] c.l.algorithm.SimulatedAnnealing         : SA-Opt reheat #5 | T=2.43 | costo: 93.00
2026-06-02T04:16:08.465-05:00  INFO 8500 --- [loadroute-backend] [pool-2-thread-1] c.l.algorithm.SimulatedAnnealing         : SA-Opt fin | iter: 4669 | reheats: 5 | mejoras: 509 | peores: 641 | cache: 2291 hits | costo: 93.00 -> 93.00 (0.0%) | tiempo: 0.0s
2026-06-02T04:16:08.468-05:00  INFO 8500 --- [loadroute-backend] [pool-2-thread-1] c.l.algorithm.SimulatedAnnealing         : SA-Opt inicio | T0=1000.0 | costo greedy: 94.00 | envios: 8/8
2026-06-02T04:16:08.471-05:00  INFO 8500 --- [loadroute-backend] [pool-2-thread-1] c.l.algorithm.SimulatedAnnealing         : SA-Opt reheat #1 | T=300.00 | costo: 94.00
2026-06-02T04:16:08.474-05:00  INFO 8500 --- [loadroute-backend] [pool-2-thread-1] c.l.algorithm.SimulatedAnnealing         : SA-Opt reheat #2 | T=90.00 | costo: 94.00
2026-06-02T04:16:08.474-05:00  INFO 8500 --- [loadroute-backend] [pool-2-thread-1] c.l.algorithm.SimulatedAnnealing         : SA-Opt reheat #3 | T=27.00 | costo: 94.00
2026-06-02T04:16:08.474-05:00  INFO 8500 --- [loadroute-backend] [pool-2-thread-1] c.l.algorithm.SimulatedAnnealing         : SA-Opt reheat #4 | T=8.10 | costo: 94.00
2026-06-02T04:16:08.474-05:00  INFO 8500 --- [loadroute-backend] [pool-2-thread-1] c.l.algorithm.SimulatedAnnealing         : SA-Opt reheat #5 | T=2.43 | costo: 94.00
2026-06-02T04:16:08.474-05:00  INFO 8500 --- [loadroute-backend] [pool-2-thread-1] c.l.algorithm.SimulatedAnnealing         : SA-Opt fin | iter: 4669 | reheats: 5 | mejoras: 528 | peores: 576 | cache: 2348 hits | costo: 94.00 -> 94.00 (0.0%) | tiempo: 0.0s
2026-06-02T04:16:08.481-05:00  INFO 8500 --- [loadroute-backend] [pool-2-thread-1] c.l.algorithm.SimulatedAnnealing         : SA-Opt inicio | T0=1000.0 | costo greedy: 111.00 | envios: 9/9
2026-06-02T04:16:08.485-05:00  INFO 8500 --- [loadroute-backend] [pool-2-thread-1] c.l.algorithm.SimulatedAnnealing         : SA-Opt reheat #1 | T=300.00 | costo: 111.00
2026-06-02T04:16:08.485-05:00  INFO 8500 --- [loadroute-backend] [pool-2-thread-1] c.l.algorithm.SimulatedAnnealing         : SA-Opt reheat #2 | T=90.00 | costo: 111.00
2026-06-02T04:16:08.485-05:00  INFO 8500 --- [loadroute-backend] [pool-2-thread-1] c.l.algorithm.SimulatedAnnealing         : SA-Opt reheat #3 | T=27.00 | costo: 111.00
2026-06-02T04:16:08.490-05:00  INFO 8500 --- [loadroute-backend] [pool-2-thread-1] c.l.algorithm.SimulatedAnnealing         : SA-Opt reheat #4 | T=8.10 | costo: 111.00
2026-06-02T04:16:08.490-05:00  INFO 8500 --- [loadroute-backend] [pool-2-thread-1] c.l.algorithm.SimulatedAnnealing         : SA-Opt reheat #5 | T=2.43 | costo: 111.00
2026-06-02T04:16:08.490-05:00  INFO 8500 --- [loadroute-backend] [pool-2-thread-1] c.l.algorithm.SimulatedAnnealing         : SA-Opt fin | iter: 4669 | reheats: 5 | mejoras: 561 | peores: 701 | cache: 2403 hits | costo: 111.00 -> 111.00 (0.0%) | tiempo: 0.0s
2026-06-02T04:16:08.493-05:00  INFO 8500 --- [loadroute-backend] [pool-2-thread-1] c.l.algorithm.SimulatedAnnealing         : SA-Opt inicio | T0=1000.0 | costo greedy: 51.00 | envios: 3/3
2026-06-02T04:16:08.494-05:00  INFO 8500 --- [loadroute-backend] [pool-2-thread-1] c.l.algorithm.SimulatedAnnealing         : SA-Opt reheat #1 | T=300.00 | costo: 51.00
2026-06-02T04:16:08.497-05:00  INFO 8500 --- [loadroute-backend] [pool-2-thread-1] c.l.algorithm.SimulatedAnnealing         : SA-Opt reheat #2 | T=90.00 | costo: 51.00
2026-06-02T04:16:08.497-05:00  INFO 8500 --- [loadroute-backend] [pool-2-thread-1] c.l.algorithm.SimulatedAnnealing         : SA-Opt reheat #3 | T=27.00 | costo: 51.00
2026-06-02T04:16:08.497-05:00  INFO 8500 --- [loadroute-backend] [pool-2-thread-1] c.l.algorithm.SimulatedAnnealing         : SA-Opt reheat #4 | T=8.10 | costo: 51.00
2026-06-02T04:16:08.497-05:00  INFO 8500 --- [loadroute-backend] [pool-2-thread-1] c.l.algorithm.SimulatedAnnealing         : SA-Opt reheat #5 | T=2.43 | costo: 51.00
2026-06-02T04:16:08.501-05:00  INFO 8500 --- [loadroute-backend] [pool-2-thread-1] c.l.algorithm.SimulatedAnnealing         : SA-Opt fin | iter: 4669 | reheats: 5 | mejoras: 544 | peores: 696 | cache: 2340 hits | costo: 51.00 -> 51.00 (0.0%) | tiempo: 0.0s
2026-06-02T04:16:08.504-05:00  INFO 8500 --- [loadroute-backend] [pool-2-thread-1] c.l.algorithm.SimulatedAnnealing         : SA-Opt inicio | T0=1000.0 | costo greedy: 197.00 | envios: 16/16
2026-06-02T04:16:08.512-05:00  INFO 8500 --- [loadroute-backend] [pool-2-thread-1] c.l.algorithm.SimulatedAnnealing         : SA-Opt reheat #1 | T=300.00 | costo: 197.00
2026-06-02T04:16:08.514-05:00  INFO 8500 --- [loadroute-backend] [pool-2-thread-1] c.l.algorithm.SimulatedAnnealing         : SA-Opt reheat #2 | T=90.00 | costo: 197.00
2026-06-02T04:16:08.514-05:00  INFO 8500 --- [loadroute-backend] [pool-2-thread-1] c.l.algorithm.SimulatedAnnealing         : SA-Opt reheat #3 | T=27.00 | costo: 197.00
2026-06-02T04:16:08.517-05:00  INFO 8500 --- [loadroute-backend] [pool-2-thread-1] c.l.algorithm.SimulatedAnnealing         : SA-Opt reheat #4 | T=8.10 | costo: 197.00
2026-06-02T04:16:08.517-05:00  INFO 8500 --- [loadroute-backend] [pool-2-thread-1] c.l.algorithm.SimulatedAnnealing         : SA-Opt reheat #5 | T=2.43 | costo: 197.00
2026-06-02T04:16:08.517-05:00  INFO 8500 --- [loadroute-backend] [pool-2-thread-1] c.l.algorithm.SimulatedAnnealing         : SA-Opt fin | iter: 4669 | reheats: 5 | mejoras: 545 | peores: 669 | cache: 2341 hits | costo: 197.00 -> 197.00 (0.0%) | tiempo: 0.0s
2026-06-02T04:16:08.517-05:00  INFO 8500 --- [loadroute-backend] [pool-2-thread-1] c.l.algorithm.SimulatedAnnealing         : SA-Opt inicio | T0=1000.0 | costo greedy: 131.00 | envios: 7/7
2026-06-02T04:16:08.524-05:00  INFO 8500 --- [loadroute-backend] [pool-2-thread-1] c.l.algorithm.SimulatedAnnealing         : SA-Opt reheat #1 | T=300.00 | costo: 131.00
2026-06-02T04:16:08.524-05:00  INFO 8500 --- [loadroute-backend] [pool-2-thread-1] c.l.algorithm.SimulatedAnnealing         : SA-Opt reheat #2 | T=90.00 | costo: 131.00
2026-06-02T04:16:08.524-05:00  INFO 8500 --- [loadroute-backend] [pool-2-thread-1] c.l.algorithm.SimulatedAnnealing         : SA-Opt reheat #3 | T=27.00 | costo: 131.00
2026-06-02T04:16:08.524-05:00  INFO 8500 --- [loadroute-backend] [pool-2-thread-1] c.l.algorithm.SimulatedAnnealing         : SA-Opt reheat #4 | T=8.10 | costo: 131.00
2026-06-02T04:16:08.524-05:00  INFO 8500 --- [loadroute-backend] [pool-2-thread-1] c.l.algorithm.SimulatedAnnealing         : SA-Opt reheat #5 | T=2.43 | costo: 131.00
2026-06-02T04:16:08.524-05:00  INFO 8500 --- [loadroute-backend] [pool-2-thread-1] c.l.algorithm.SimulatedAnnealing         : SA-Opt fin | iter: 4669 | reheats: 5 | mejoras: 578 | peores: 686 | cache: 2332 hits | costo: 131.00 -> 131.00 (0.0%) | tiempo: 0.0s
2026-06-02T04:16:08.524-05:00  INFO 8500 --- [loadroute-backend] [pool-2-thread-1] c.l.algorithm.SimulatedAnnealing         : SA-Opt inicio | T0=1000.0 | costo greedy: 57.00 | envios: 6/6
2026-06-02T04:16:08.535-05:00  INFO 8500 --- [loadroute-backend] [pool-2-thread-1] c.l.algorithm.SimulatedAnnealing         : SA-Opt reheat #1 | T=300.00 | costo: 57.00
2026-06-02T04:16:08.537-05:00  INFO 8500 --- [loadroute-backend] [pool-2-thread-1] c.l.algorithm.SimulatedAnnealing         : SA-Opt reheat #2 | T=90.00 | costo: 57.00
2026-06-02T04:16:08.539-05:00  INFO 8500 --- [loadroute-backend] [pool-2-thread-1] c.l.algorithm.SimulatedAnnealing         : SA-Opt reheat #3 | T=27.00 | costo: 57.00
2026-06-02T04:16:08.540-05:00  INFO 8500 --- [loadroute-backend] [pool-2-thread-1] c.l.algorithm.SimulatedAnnealing         : SA-Opt reheat #4 | T=8.10 | costo: 57.00
2026-06-02T04:16:08.541-05:00  INFO 8500 --- [loadroute-backend] [pool-2-thread-1] c.l.algorithm.SimulatedAnnealing         : SA-Opt reheat #5 | T=2.43 | costo: 57.00
2026-06-02T04:16:08.541-05:00  INFO 8500 --- [loadroute-backend] [pool-2-thread-1] c.l.algorithm.SimulatedAnnealing         : SA-Opt fin | iter: 4669 | reheats: 5 | mejoras: 498 | peores: 640 | cache: 2370 hits | costo: 57.00 -> 57.00 (0.0%) | tiempo: 0.0s
2026-06-02T04:16:08.543-05:00  INFO 8500 --- [loadroute-backend] [pool-2-thread-1] c.l.algorithm.SimulatedAnnealing         : SA-Opt inicio | T0=1000.0 | costo greedy: 112.00 | envios: 7/7
2026-06-02T04:16:08.547-05:00  INFO 8500 --- [loadroute-backend] [pool-2-thread-1] c.l.algorithm.SimulatedAnnealing         : SA-Opt reheat #1 | T=300.00 | costo: 112.00
2026-06-02T04:16:08.549-05:00  INFO 8500 --- [loadroute-backend] [pool-2-thread-1] c.l.algorithm.SimulatedAnnealing         : SA-Opt reheat #2 | T=90.00 | costo: 112.00
2026-06-02T04:16:08.551-05:00  INFO 8500 --- [loadroute-backend] [pool-2-thread-1] c.l.algorithm.SimulatedAnnealing         : SA-Opt reheat #3 | T=27.00 | costo: 112.00
2026-06-02T04:16:08.551-05:00  INFO 8500 --- [loadroute-backend] [pool-2-thread-1] c.l.algorithm.SimulatedAnnealing         : SA-Opt reheat #4 | T=8.10 | costo: 112.00
2026-06-02T04:16:08.553-05:00  INFO 8500 --- [loadroute-backend] [pool-2-thread-1] c.l.algorithm.SimulatedAnnealing         : SA-Opt reheat #5 | T=2.43 | costo: 112.00
2026-06-02T04:16:08.554-05:00  INFO 8500 --- [loadroute-backend] [pool-2-thread-1] c.l.algorithm.SimulatedAnnealing         : SA-Opt fin | iter: 4669 | reheats: 5 | mejoras: 554 | peores: 671 | cache: 2401 hits | costo: 112.00 -> 112.00 (0.0%) | tiempo: 0.0s
2026-06-02T04:16:08.557-05:00  INFO 8500 --- [loadroute-backend] [pool-2-thread-1] c.l.algorithm.SimulatedAnnealing         : SA-Opt inicio | T0=1000.0 | costo greedy: 176.00 | envios: 12/12
2026-06-02T04:16:08.563-05:00  INFO 8500 --- [loadroute-backend] [pool-2-thread-1] c.l.algorithm.SimulatedAnnealing         : SA-Opt reheat #1 | T=300.00 | costo: 176.00
2026-06-02T04:16:08.565-05:00  INFO 8500 --- [loadroute-backend] [pool-2-thread-1] c.l.algorithm.SimulatedAnnealing         : SA-Opt reheat #2 | T=90.00 | costo: 176.00
2026-06-02T04:16:08.567-05:00  INFO 8500 --- [loadroute-backend] [pool-2-thread-1] c.l.algorithm.SimulatedAnnealing         : SA-Opt reheat #3 | T=27.00 | costo: 176.00
2026-06-02T04:16:08.568-05:00  INFO 8500 --- [loadroute-backend] [pool-2-thread-1] c.l.algorithm.SimulatedAnnealing         : SA-Opt reheat #4 | T=8.10 | costo: 176.00
2026-06-02T04:16:08.569-05:00  INFO 8500 --- [loadroute-backend] [pool-2-thread-1] c.l.algorithm.SimulatedAnnealing         : SA-Opt reheat #5 | T=2.43 | costo: 176.00
2026-06-02T04:16:08.569-05:00  INFO 8500 --- [loadroute-backend] [pool-2-thread-1] c.l.algorithm.SimulatedAnnealing         : SA-Opt fin | iter: 4669 | reheats: 5 | mejoras: 543 | peores: 655 | cache: 2380 hits | costo: 176.00 -> 176.00 (0.0%) | tiempo: 0.0s
2026-06-02T04:16:08.573-05:00  INFO 8500 --- [loadroute-backend] [pool-2-thread-1] c.l.algorithm.SimulatedAnnealing         : SA-Opt inicio | T0=1000.0 | costo greedy: 69.00 | envios: 8/8
2026-06-02T04:16:08.577-05:00  INFO 8500 --- [loadroute-backend] [pool-2-thread-1] c.l.algorithm.SimulatedAnnealing         : SA-Opt reheat #1 | T=300.00 | costo: 69.00
2026-06-02T04:16:08.579-05:00  INFO 8500 --- [loadroute-backend] [pool-2-thread-1] c.l.algorithm.SimulatedAnnealing         : SA-Opt reheat #2 | T=90.00 | costo: 69.00
2026-06-02T04:16:08.581-05:00  INFO 8500 --- [loadroute-backend] [pool-2-thread-1] c.l.algorithm.SimulatedAnnealing         : SA-Opt reheat #3 | T=27.00 | costo: 69.00
2026-06-02T04:16:08.581-05:00  INFO 8500 --- [loadroute-backend] [pool-2-thread-1] c.l.algorithm.SimulatedAnnealing         : SA-Opt reheat #4 | T=8.10 | costo: 69.00
2026-06-02T04:16:08.583-05:00  INFO 8500 --- [loadroute-backend] [pool-2-thread-1] c.l.algorithm.SimulatedAnnealing         : SA-Opt reheat #5 | T=2.43 | costo: 69.00
2026-06-02T04:16:08.583-05:00  INFO 8500 --- [loadroute-backend] [pool-2-thread-1] c.l.algorithm.SimulatedAnnealing         : SA-Opt fin | iter: 4669 | reheats: 5 | mejoras: 550 | peores: 680 | cache: 2350 hits | costo: 69.00 -> 69.00 (0.0%) | tiempo: 0.0s
2026-06-02T04:16:08.586-05:00  INFO 8500 --- [loadroute-backend] [pool-2-thread-1] c.l.algorithm.SimulatedAnnealing         : SA-Opt inicio | T0=1000.0 | costo greedy: 144.00 | envios: 9/9
2026-06-02T04:16:08.589-05:00  INFO 8500 --- [loadroute-backend] [pool-2-thread-1] c.l.algorithm.SimulatedAnnealing         : SA-Opt reheat #1 | T=300.00 | costo: 144.00
2026-06-02T04:16:08.592-05:00  INFO 8500 --- [loadroute-backend] [pool-2-thread-1] c.l.algorithm.SimulatedAnnealing         : SA-Opt reheat #2 | T=90.00 | costo: 144.00
2026-06-02T04:16:08.593-05:00  INFO 8500 --- [loadroute-backend] [pool-2-thread-1] c.l.algorithm.SimulatedAnnealing         : SA-Opt reheat #3 | T=27.00 | costo: 144.00
2026-06-02T04:16:08.594-05:00  INFO 8500 --- [loadroute-backend] [pool-2-thread-1] c.l.algorithm.SimulatedAnnealing         : SA-Opt reheat #4 | T=8.10 | costo: 144.00
2026-06-02T04:16:08.595-05:00  INFO 8500 --- [loadroute-backend] [pool-2-thread-1] c.l.algorithm.SimulatedAnnealing         : SA-Opt reheat #5 | T=2.43 | costo: 144.00
2026-06-02T04:16:08.596-05:00  INFO 8500 --- [loadroute-backend] [pool-2-thread-1] c.l.algorithm.SimulatedAnnealing         : SA-Opt fin | iter: 4669 | reheats: 5 | mejoras: 604 | peores: 669 | cache: 2308 hits | costo: 144.00 -> 144.00 (0.0%) | tiempo: 0.0s
2026-06-02T04:16:08.597-05:00  INFO 8500 --- [loadroute-backend] [pool-2-thread-1] c.l.algorithm.SimulatedAnnealing         : SA-Opt inicio | T0=1000.0 | costo greedy: 63.00 | envios: 4/4
2026-06-02T04:16:08.600-05:00  INFO 8500 --- [loadroute-backend] [pool-2-thread-1] c.l.algorithm.SimulatedAnnealing         : SA-Opt reheat #1 | T=300.00 | costo: 63.00
2026-06-02T04:16:08.601-05:00  INFO 8500 --- [loadroute-backend] [pool-2-thread-1] c.l.algorithm.SimulatedAnnealing         : SA-Opt reheat #2 | T=90.00 | costo: 63.00
2026-06-02T04:16:08.604-05:00  INFO 8500 --- [loadroute-backend] [pool-2-thread-1] c.l.algorithm.SimulatedAnnealing         : SA-Opt reheat #3 | T=27.00 | costo: 63.00
2026-06-02T04:16:08.604-05:00  INFO 8500 --- [loadroute-backend] [pool-2-thread-1] c.l.algorithm.SimulatedAnnealing         : SA-Opt reheat #4 | T=8.10 | costo: 63.00
2026-06-02T04:16:08.605-05:00  INFO 8500 --- [loadroute-backend] [pool-2-thread-1] c.l.algorithm.SimulatedAnnealing         : SA-Opt reheat #5 | T=2.43 | costo: 63.00
2026-06-02T04:16:08.605-05:00  INFO 8500 --- [loadroute-backend] [pool-2-thread-1] c.l.algorithm.SimulatedAnnealing         : SA-Opt fin | iter: 4669 | reheats: 5 | mejoras: 662 | peores: 720 | cache: 2366 hits | costo: 63.00 -> 63.00 (0.0%) | tiempo: 0.0s
2026-06-02T04:16:08.608-05:00  INFO 8500 --- [loadroute-backend] [pool-2-thread-1] c.l.algorithm.SimulatedAnnealing         : SA-Opt inicio | T0=1000.0 | costo greedy: 158.00 | envios: 10/10
2026-06-02T04:16:08.611-05:00  INFO 8500 --- [loadroute-backend] [pool-2-thread-1] c.l.algorithm.SimulatedAnnealing         : SA-Opt reheat #1 | T=300.00 | costo: 158.00
2026-06-02T04:16:08.613-05:00  INFO 8500 --- [loadroute-backend] [pool-2-thread-1] c.l.algorithm.SimulatedAnnealing         : SA-Opt reheat #2 | T=90.00 | costo: 158.00
2026-06-02T04:16:08.616-05:00  INFO 8500 --- [loadroute-backend] [pool-2-thread-1] c.l.algorithm.SimulatedAnnealing         : SA-Opt reheat #3 | T=27.00 | costo: 158.00
2026-06-02T04:16:08.617-05:00  INFO 8500 --- [loadroute-backend] [pool-2-thread-1] c.l.algorithm.SimulatedAnnealing         : SA-Opt reheat #4 | T=8.10 | costo: 158.00
2026-06-02T04:16:08.618-05:00  INFO 8500 --- [loadroute-backend] [pool-2-thread-1] c.l.algorithm.SimulatedAnnealing         : SA-Opt reheat #5 | T=2.43 | costo: 158.00
2026-06-02T04:16:08.619-05:00  INFO 8500 --- [loadroute-backend] [pool-2-thread-1] c.l.algorithm.SimulatedAnnealing         : SA-Opt fin | iter: 4669 | reheats: 5 | mejoras: 543 | peores: 629 | cache: 2284 hits | costo: 158.00 -> 158.00 (0.0%) | tiempo: 0.0s
2026-06-02T04:16:08.621-05:00  INFO 8500 --- [loadroute-backend] [pool-2-thread-1] c.l.algorithm.SimulatedAnnealing         : SA-Opt inicio | T0=1000.0 | costo greedy: 46.00 | envios: 5/5
2026-06-02T04:16:08.624-05:00  INFO 8500 --- [loadroute-backend] [pool-2-thread-1] c.l.algorithm.SimulatedAnnealing         : SA-Opt reheat #1 | T=300.00 | costo: 46.00
2026-06-02T04:16:08.626-05:00  INFO 8500 --- [loadroute-backend] [pool-2-thread-1] c.l.algorithm.SimulatedAnnealing         : SA-Opt reheat #2 | T=90.00 | costo: 46.00
2026-06-02T04:16:08.628-05:00  INFO 8500 --- [loadroute-backend] [pool-2-thread-1] c.l.algorithm.SimulatedAnnealing         : SA-Opt reheat #3 | T=27.00 | costo: 46.00
2026-06-02T04:16:08.629-05:00  INFO 8500 --- [loadroute-backend] [pool-2-thread-1] c.l.algorithm.SimulatedAnnealing         : SA-Opt reheat #4 | T=8.10 | costo: 46.00
2026-06-02T04:16:08.630-05:00  INFO 8500 --- [loadroute-backend] [pool-2-thread-1] c.l.algorithm.SimulatedAnnealing         : SA-Opt reheat #5 | T=2.43 | costo: 46.00
2026-06-02T04:16:08.630-05:00  INFO 8500 --- [loadroute-backend] [pool-2-thread-1] c.l.algorithm.SimulatedAnnealing         : SA-Opt fin | iter: 4669 | reheats: 5 | mejoras: 499 | peores: 625 | cache: 2305 hits | costo: 46.00 -> 46.00 (0.0%) | tiempo: 0.0s
2026-06-02T04:16:08.633-05:00  INFO 8500 --- [loadroute-backend] [pool-2-thread-1] c.l.algorithm.SimulatedAnnealing         : SA-Opt inicio | T0=1000.0 | costo greedy: 179.00 | envios: 11/11
2026-06-02T04:16:08.638-05:00  INFO 8500 --- [loadroute-backend] [pool-2-thread-1] c.l.algorithm.SimulatedAnnealing         : SA-Opt reheat #1 | T=300.00 | costo: 179.00
2026-06-02T04:16:08.640-05:00  INFO 8500 --- [loadroute-backend] [pool-2-thread-1] c.l.algorithm.SimulatedAnnealing         : SA-Opt reheat #2 | T=90.00 | costo: 179.00
2026-06-02T04:16:08.641-05:00  INFO 8500 --- [loadroute-backend] [pool-2-thread-1] c.l.algorithm.SimulatedAnnealing         : SA-Opt reheat #3 | T=27.00 | costo: 179.00
2026-06-02T04:16:08.642-05:00  INFO 8500 --- [loadroute-backend] [pool-2-thread-1] c.l.algorithm.SimulatedAnnealing         : SA-Opt reheat #4 | T=8.10 | costo: 179.00
2026-06-02T04:16:08.643-05:00  INFO 8500 --- [loadroute-backend] [pool-2-thread-1] c.l.algorithm.SimulatedAnnealing         : SA-Opt reheat #5 | T=2.43 | costo: 179.00
2026-06-02T04:16:08.644-05:00  INFO 8500 --- [loadroute-backend] [pool-2-thread-1] c.l.algorithm.SimulatedAnnealing         : SA-Opt fin | iter: 4669 | reheats: 5 | mejoras: 563 | peores: 671 | cache: 2376 hits | costo: 179.00 -> 179.00 (0.0%) | tiempo: 0.0s
2026-06-02T04:16:08.646-05:00  INFO 8500 --- [loadroute-backend] [pool-2-thread-1] c.l.algorithm.SimulatedAnnealing         : SA-Opt inicio | T0=1000.0 | costo greedy: 127.00 | envios: 10/10
2026-06-02T04:16:08.650-05:00  INFO 8500 --- [loadroute-backend] [pool-2-thread-1] c.l.algorithm.SimulatedAnnealing         : SA-Opt reheat #1 | T=300.00 | costo: 127.00
2026-06-02T04:16:08.652-05:00  INFO 8500 --- [loadroute-backend] [pool-2-thread-1] c.l.algorithm.SimulatedAnnealing         : SA-Opt reheat #2 | T=90.00 | costo: 127.00
2026-06-02T04:16:08.654-05:00  INFO 8500 --- [loadroute-backend] [pool-2-thread-1] c.l.algorithm.SimulatedAnnealing         : SA-Opt reheat #3 | T=27.00 | costo: 127.00
2026-06-02T04:16:08.655-05:00  INFO 8500 --- [loadroute-backend] [pool-2-thread-1] c.l.algorithm.SimulatedAnnealing         : SA-Opt reheat #4 | T=8.10 | costo: 127.00
2026-06-02T04:16:08.656-05:00  INFO 8500 --- [loadroute-backend] [pool-2-thread-1] c.l.algorithm.SimulatedAnnealing         : SA-Opt reheat #5 | T=2.43 | costo: 127.00
2026-06-02T04:16:08.657-05:00  INFO 8500 --- [loadroute-backend] [pool-2-thread-1] c.l.algorithm.SimulatedAnnealing         : SA-Opt fin | iter: 4669 | reheats: 5 | mejoras: 538 | peores: 641 | cache: 2298 hits | costo: 127.00 -> 127.00 (0.0%) | tiempo: 0.0s
2026-06-02T04:16:08.659-05:00  INFO 8500 --- [loadroute-backend] [pool-2-thread-1] c.l.algorithm.SimulatedAnnealing         : SA-Opt inicio | T0=1000.0 | costo greedy: 95.00 | envios: 8/8
2026-06-02T04:16:08.663-05:00  INFO 8500 --- [loadroute-backend] [pool-2-thread-1] c.l.algorithm.SimulatedAnnealing         : SA-Opt reheat #1 | T=300.00 | costo: 95.00
2026-06-02T04:16:08.665-05:00  INFO 8500 --- [loadroute-backend] [pool-2-thread-1] c.l.algorithm.SimulatedAnnealing         : SA-Opt reheat #2 | T=90.00 | costo: 95.00
2026-06-02T04:16:08.666-05:00  INFO 8500 --- [loadroute-backend] [pool-2-thread-1] c.l.algorithm.SimulatedAnnealing         : SA-Opt reheat #3 | T=27.00 | costo: 95.00
2026-06-02T04:16:08.667-05:00  INFO 8500 --- [loadroute-backend] [pool-2-thread-1] c.l.algorithm.SimulatedAnnealing         : SA-Opt reheat #4 | T=8.10 | costo: 95.00
2026-06-02T04:16:08.668-05:00  INFO 8500 --- [loadroute-backend] [pool-2-thread-1] c.l.algorithm.SimulatedAnnealing         : SA-Opt reheat #5 | T=2.43 | costo: 95.00
2026-06-02T04:16:08.669-05:00  INFO 8500 --- [loadroute-backend] [pool-2-thread-1] c.l.algorithm.SimulatedAnnealing         : SA-Opt fin | iter: 4669 | reheats: 5 | mejoras: 512 | peores: 588 | cache: 2293 hits | costo: 95.00 -> 95.00 (0.0%) | tiempo: 0.0s
2026-06-02T04:16:08.671-05:00  INFO 8500 --- [loadroute-backend] [pool-2-thread-1] c.l.algorithm.SimulatedAnnealing         : SA-Opt inicio | T0=1000.0 | costo greedy: 114.00 | envios: 7/7
2026-06-02T04:16:08.674-05:00  INFO 8500 --- [loadroute-backend] [pool-2-thread-1] c.l.algorithm.SimulatedAnnealing         : SA-Opt reheat #1 | T=300.00 | costo: 114.00
2026-06-02T04:16:08.676-05:00  INFO 8500 --- [loadroute-backend] [pool-2-thread-1] c.l.algorithm.SimulatedAnnealing         : SA-Opt reheat #2 | T=90.00 | costo: 114.00
2026-06-02T04:16:08.677-05:00  INFO 8500 --- [loadroute-backend] [pool-2-thread-1] c.l.algorithm.SimulatedAnnealing         : SA-Opt reheat #3 | T=27.00 | costo: 114.00
2026-06-02T04:16:08.679-05:00  INFO 8500 --- [loadroute-backend] [pool-2-thread-1] c.l.algorithm.SimulatedAnnealing         : SA-Opt reheat #4 | T=8.10 | costo: 114.00
2026-06-02T04:16:08.679-05:00  INFO 8500 --- [loadroute-backend] [pool-2-thread-1] c.l.algorithm.SimulatedAnnealing         : SA-Opt reheat #5 | T=2.43 | costo: 114.00
2026-06-02T04:16:08.680-05:00  INFO 8500 --- [loadroute-backend] [pool-2-thread-1] c.l.algorithm.SimulatedAnnealing         : SA-Opt fin | iter: 4669 | reheats: 5 | mejoras: 534 | peores: 604 | cache: 2363 hits | costo: 114.00 -> 114.00 (0.0%) | tiempo: 0.0s
2026-06-02T04:16:08.681-05:00  INFO 8500 --- [loadroute-backend] [pool-2-thread-1] c.l.algorithm.SimulatedAnnealing         : SA-Opt inicio | T0=1000.0 | costo greedy: 83.00 | envios: 6/6
2026-06-02T04:16:08.685-05:00  INFO 8500 --- [loadroute-backend] [pool-2-thread-1] c.l.algorithm.SimulatedAnnealing         : SA-Opt reheat #1 | T=300.00 | costo: 83.00
2026-06-02T04:16:08.687-05:00  INFO 8500 --- [loadroute-backend] [pool-2-thread-1] c.l.algorithm.SimulatedAnnealing         : SA-Opt reheat #2 | T=90.00 | costo: 83.00
2026-06-02T04:16:08.688-05:00  INFO 8500 --- [loadroute-backend] [pool-2-thread-1] c.l.algorithm.SimulatedAnnealing         : SA-Opt reheat #3 | T=27.00 | costo: 83.00
2026-06-02T04:16:08.690-05:00  INFO 8500 --- [loadroute-backend] [pool-2-thread-1] c.l.algorithm.SimulatedAnnealing         : SA-Opt reheat #4 | T=8.10 | costo: 83.00
2026-06-02T04:16:08.691-05:00  INFO 8500 --- [loadroute-backend] [pool-2-thread-1] c.l.algorithm.SimulatedAnnealing         : SA-Opt reheat #5 | T=2.43 | costo: 83.00
2026-06-02T04:16:08.691-05:00  INFO 8500 --- [loadroute-backend] [pool-2-thread-1] c.l.algorithm.SimulatedAnnealing         : SA-Opt fin | iter: 4669 | reheats: 5 | mejoras: 535 | peores: 677 | cache: 2332 hits | costo: 83.00 -> 83.00 (0.0%) | tiempo: 0.0s
2026-06-02T04:16:08.696-05:00  INFO 8500 --- [loadroute-backend] [pool-2-thread-1] c.l.algorithm.SimulatedAnnealing         : SA-Opt inicio | T0=1000.0 | costo greedy: 140.00 | envios: 10/10
2026-06-02T04:16:08.701-05:00  INFO 8500 --- [loadroute-backend] [pool-2-thread-1] c.l.algorithm.SimulatedAnnealing         : SA-Opt reheat #1 | T=300.00 | costo: 140.00
2026-06-02T04:16:08.703-05:00  INFO 8500 --- [loadroute-backend] [pool-2-thread-1] c.l.algorithm.SimulatedAnnealing         : SA-Opt reheat #2 | T=90.00 | costo: 140.00
2026-06-02T04:16:08.704-05:00  INFO 8500 --- [loadroute-backend] [pool-2-thread-1] c.l.algorithm.SimulatedAnnealing         : SA-Opt reheat #3 | T=27.00 | costo: 140.00
2026-06-02T04:16:08.705-05:00  INFO 8500 --- [loadroute-backend] [pool-2-thread-1] c.l.algorithm.SimulatedAnnealing         : SA-Opt reheat #4 | T=8.10 | costo: 140.00
2026-06-02T04:16:08.706-05:00  INFO 8500 --- [loadroute-backend] [pool-2-thread-1] c.l.algorithm.SimulatedAnnealing         : SA-Opt reheat #5 | T=2.43 | costo: 140.00
2026-06-02T04:16:08.706-05:00  INFO 8500 --- [loadroute-backend] [pool-2-thread-1] c.l.algorithm.SimulatedAnnealing         : SA-Opt fin | iter: 4669 | reheats: 5 | mejoras: 565 | peores: 698 | cache: 2332 hits | costo: 140.00 -> 140.00 (0.0%) | tiempo: 0.0s
2026-06-02T04:16:08.709-05:00  INFO 8500 --- [loadroute-backend] [pool-2-thread-1] c.l.algorithm.SimulatedAnnealing         : SA-Opt inicio | T0=1000.0 | costo greedy: 90.00 | envios: 10/10
2026-06-02T04:16:08.714-05:00  INFO 8500 --- [loadroute-backend] [pool-2-thread-1] c.l.algorithm.SimulatedAnnealing         : SA-Opt reheat #1 | T=300.00 | costo: 90.00
2026-06-02T04:16:08.716-05:00  INFO 8500 --- [loadroute-backend] [pool-2-thread-1] c.l.algorithm.SimulatedAnnealing         : SA-Opt reheat #2 | T=90.00 | costo: 90.00
2026-06-02T04:16:08.717-05:00  INFO 8500 --- [loadroute-backend] [pool-2-thread-1] c.l.algorithm.SimulatedAnnealing         : SA-Opt reheat #3 | T=27.00 | costo: 90.00
2026-06-02T04:16:08.718-05:00  INFO 8500 --- [loadroute-backend] [pool-2-thread-1] c.l.algorithm.SimulatedAnnealing         : SA-Opt reheat #4 | T=8.10 | costo: 90.00
2026-06-02T04:16:08.719-05:00  INFO 8500 --- [loadroute-backend] [pool-2-thread-1] c.l.algorithm.SimulatedAnnealing         : SA-Opt reheat #5 | T=2.43 | costo: 90.00
2026-06-02T04:16:08.719-05:00  INFO 8500 --- [loadroute-backend] [pool-2-thread-1] c.l.algorithm.SimulatedAnnealing         : SA-Opt fin | iter: 4669 | reheats: 5 | mejoras: 532 | peores: 681 | cache: 2293 hits | costo: 90.00 -> 90.00 (0.0%) | tiempo: 0.0s
2026-06-02T04:16:08.722-05:00  INFO 8500 --- [loadroute-backend] [pool-2-thread-1] c.l.algorithm.SimulatedAnnealing         : SA-Opt inicio | T0=1000.0 | costo greedy: 106.00 | envios: 9/9
2026-06-02T04:16:08.726-05:00  INFO 8500 --- [loadroute-backend] [pool-2-thread-1] c.l.algorithm.SimulatedAnnealing         : SA-Opt reheat #1 | T=300.00 | costo: 106.00
2026-06-02T04:16:08.728-05:00  INFO 8500 --- [loadroute-backend] [pool-2-thread-1] c.l.algorithm.SimulatedAnnealing         : SA-Opt reheat #2 | T=90.00 | costo: 106.00
2026-06-02T04:16:08.730-05:00  INFO 8500 --- [loadroute-backend] [pool-2-thread-1] c.l.algorithm.SimulatedAnnealing         : SA-Opt reheat #3 | T=27.00 | costo: 106.00
2026-06-02T04:16:08.731-05:00  INFO 8500 --- [loadroute-backend] [pool-2-thread-1] c.l.algorithm.SimulatedAnnealing         : SA-Opt reheat #4 | T=8.10 | costo: 106.00
2026-06-02T04:16:08.731-05:00  INFO 8500 --- [loadroute-backend] [pool-2-thread-1] c.l.algorithm.SimulatedAnnealing         : SA-Opt reheat #5 | T=2.43 | costo: 106.00
2026-06-02T04:16:08.733-05:00  INFO 8500 --- [loadroute-backend] [pool-2-thread-1] c.l.algorithm.SimulatedAnnealing         : SA-Opt fin | iter: 4669 | reheats: 5 | mejoras: 563 | peores: 613 | cache: 2355 hits | costo: 106.00 -> 106.00 (0.0%) | tiempo: 0.0s
2026-06-02T04:16:08.734-05:00  INFO 8500 --- [loadroute-backend] [pool-2-thread-1] c.l.algorithm.SimulatedAnnealing         : SA-Opt inicio | T0=1000.0 | costo greedy: 123.00 | envios: 9/9
2026-06-02T04:16:08.738-05:00  INFO 8500 --- [loadroute-backend] [pool-2-thread-1] c.l.algorithm.SimulatedAnnealing         : SA-Opt reheat #1 | T=300.00 | costo: 123.00
2026-06-02T04:16:08.740-05:00  INFO 8500 --- [loadroute-backend] [pool-2-thread-1] c.l.algorithm.SimulatedAnnealing         : SA-Opt reheat #2 | T=90.00 | costo: 123.00
2026-06-02T04:16:08.741-05:00  INFO 8500 --- [loadroute-backend] [pool-2-thread-1] c.l.algorithm.SimulatedAnnealing         : SA-Opt reheat #3 | T=27.00 | costo: 123.00
2026-06-02T04:16:08.743-05:00  INFO 8500 --- [loadroute-backend] [pool-2-thread-1] c.l.algorithm.SimulatedAnnealing         : SA-Opt reheat #4 | T=8.10 | costo: 123.00
2026-06-02T04:16:08.744-05:00  INFO 8500 --- [loadroute-backend] [pool-2-thread-1] c.l.algorithm.SimulatedAnnealing         : SA-Opt reheat #5 | T=2.43 | costo: 123.00
2026-06-02T04:16:08.744-05:00  INFO 8500 --- [loadroute-backend] [pool-2-thread-1] c.l.algorithm.SimulatedAnnealing         : SA-Opt fin | iter: 4669 | reheats: 5 | mejoras: 581 | peores: 723 | cache: 2353 hits | costo: 123.00 -> 123.00 (0.0%) | tiempo: 0.0s
2026-06-02T04:16:08.746-05:00  INFO 8500 --- [loadroute-backend] [pool-2-thread-1] c.l.algorithm.SimulatedAnnealing         : SA-Opt inicio | T0=1000.0 | costo greedy: 92.00 | envios: 5/5
2026-06-02T04:16:08.749-05:00  INFO 8500 --- [loadroute-backend] [pool-2-thread-1] c.l.algorithm.SimulatedAnnealing         : SA-Opt reheat #1 | T=300.00 | costo: 92.00
2026-06-02T04:16:08.751-05:00  INFO 8500 --- [loadroute-backend] [pool-2-thread-1] c.l.algorithm.SimulatedAnnealing         : SA-Opt reheat #2 | T=90.00 | costo: 92.00
2026-06-02T04:16:08.752-05:00  INFO 8500 --- [loadroute-backend] [pool-2-thread-1] c.l.algorithm.SimulatedAnnealing         : SA-Opt reheat #3 | T=27.00 | costo: 92.00
2026-06-02T04:16:08.753-05:00  INFO 8500 --- [loadroute-backend] [pool-2-thread-1] c.l.algorithm.SimulatedAnnealing         : SA-Opt reheat #4 | T=8.10 | costo: 92.00
2026-06-02T04:16:08.754-05:00  INFO 8500 --- [loadroute-backend] [pool-2-thread-1] c.l.algorithm.SimulatedAnnealing         : SA-Opt reheat #5 | T=2.43 | costo: 92.00
2026-06-02T04:16:08.754-05:00  INFO 8500 --- [loadroute-backend] [pool-2-thread-1] c.l.algorithm.SimulatedAnnealing         : SA-Opt fin | iter: 4669 | reheats: 5 | mejoras: 543 | peores: 741 | cache: 2294 hits | costo: 92.00 -> 92.00 (0.0%) | tiempo: 0.0s
2026-06-02T04:16:08.757-05:00  INFO 8500 --- [loadroute-backend] [pool-2-thread-1] c.l.algorithm.SimulatedAnnealing         : SA-Opt inicio | T0=1000.0 | costo greedy: 152.00 | envios: 12/12
2026-06-02T04:16:08.761-05:00  INFO 8500 --- [loadroute-backend] [pool-2-thread-1] c.l.algorithm.SimulatedAnnealing         : SA-Opt reheat #1 | T=300.00 | costo: 152.00
2026-06-02T04:16:08.763-05:00  INFO 8500 --- [loadroute-backend] [pool-2-thread-1] c.l.algorithm.SimulatedAnnealing         : SA-Opt reheat #2 | T=90.00 | costo: 152.00
2026-06-02T04:16:08.765-05:00  INFO 8500 --- [loadroute-backend] [pool-2-thread-1] c.l.algorithm.SimulatedAnnealing         : SA-Opt reheat #3 | T=27.00 | costo: 152.00
2026-06-02T04:16:08.766-05:00  INFO 8500 --- [loadroute-backend] [pool-2-thread-1] c.l.algorithm.SimulatedAnnealing         : SA-Opt reheat #4 | T=8.10 | costo: 152.00
2026-06-02T04:16:08.767-05:00  INFO 8500 --- [loadroute-backend] [pool-2-thread-1] c.l.algorithm.SimulatedAnnealing         : SA-Opt reheat #5 | T=2.43 | costo: 152.00
2026-06-02T04:16:08.768-05:00  INFO 8500 --- [loadroute-backend] [pool-2-thread-1] c.l.algorithm.SimulatedAnnealing         : SA-Opt fin | iter: 4669 | reheats: 5 | mejoras: 552 | peores: 626 | cache: 2347 hits | costo: 152.00 -> 152.00 (0.0%) | tiempo: 0.0s
2026-06-02T04:16:08.770-05:00  INFO 8500 --- [loadroute-backend] [pool-2-thread-1] c.l.algorithm.SimulatedAnnealing         : SA-Opt inicio | T0=1000.0 | costo greedy: 132.00 | envios: 10/10
2026-06-02T04:16:08.775-05:00  INFO 8500 --- [loadroute-backend] [pool-2-thread-1] c.l.algorithm.SimulatedAnnealing         : SA-Opt reheat #1 | T=300.00 | costo: 132.00
2026-06-02T04:16:08.777-05:00  INFO 8500 --- [loadroute-backend] [pool-2-thread-1] c.l.algorithm.SimulatedAnnealing         : SA-Opt reheat #2 | T=90.00 | costo: 132.00
2026-06-02T04:16:08.778-05:00  INFO 8500 --- [loadroute-backend] [pool-2-thread-1] c.l.algorithm.SimulatedAnnealing         : SA-Opt reheat #3 | T=27.00 | costo: 132.00
2026-06-02T04:16:08.779-05:00  INFO 8500 --- [loadroute-backend] [pool-2-thread-1] c.l.algorithm.SimulatedAnnealing         : SA-Opt reheat #4 | T=8.10 | costo: 132.00
2026-06-02T04:16:08.780-05:00  INFO 8500 --- [loadroute-backend] [pool-2-thread-1] c.l.algorithm.SimulatedAnnealing         : SA-Opt reheat #5 | T=2.43 | costo: 132.00
2026-06-02T04:16:08.781-05:00  INFO 8500 --- [loadroute-backend] [pool-2-thread-1] c.l.algorithm.SimulatedAnnealing         : SA-Opt fin | iter: 4669 | reheats: 5 | mejoras: 560 | peores: 666 | cache: 2366 hits | costo: 132.00 -> 132.00 (0.0%) | tiempo: 0.0s
2026-06-02T04:16:08.782-05:00  INFO 8500 --- [loadroute-backend] [pool-2-thread-1] c.l.algorithm.SimulatedAnnealing         : SA-Opt inicio | T0=1000.0 | costo greedy: 135.00 | envios: 8/8
2026-06-02T04:16:08.785-05:00  INFO 8500 --- [loadroute-backend] [pool-2-thread-1] c.l.algorithm.SimulatedAnnealing         : SA-Opt reheat #1 | T=300.00 | costo: 135.00
2026-06-02T04:16:08.786-05:00  INFO 8500 --- [loadroute-backend] [pool-2-thread-1] c.l.algorithm.SimulatedAnnealing         : SA-Opt reheat #2 | T=90.00 | costo: 135.00
2026-06-02T04:16:08.788-05:00  INFO 8500 --- [loadroute-backend] [pool-2-thread-1] c.l.algorithm.SimulatedAnnealing         : SA-Opt reheat #3 | T=27.00 | costo: 135.00
2026-06-02T04:16:08.789-05:00  INFO 8500 --- [loadroute-backend] [pool-2-thread-1] c.l.algorithm.SimulatedAnnealing         : SA-Opt reheat #4 | T=8.10 | costo: 135.00
2026-06-02T04:16:08.790-05:00  INFO 8500 --- [loadroute-backend] [pool-2-thread-1] c.l.algorithm.SimulatedAnnealing         : SA-Opt reheat #5 | T=2.43 | costo: 135.00
2026-06-02T04:16:08.790-05:00  INFO 8500 --- [loadroute-backend] [pool-2-thread-1] c.l.algorithm.SimulatedAnnealing         : SA-Opt fin | iter: 4669 | reheats: 5 | mejoras: 502 | peores: 577 | cache: 2290 hits | costo: 135.00 -> 135.00 (0.0%) | tiempo: 0.0s
2026-06-02T04:16:08.793-05:00  INFO 8500 --- [loadroute-backend] [pool-2-thread-1] c.l.algorithm.SimulatedAnnealing         : SA-Opt inicio | T0=1000.0 | costo greedy: 72.00 | envios: 7/7
2026-06-02T04:16:08.797-05:00  INFO 8500 --- [loadroute-backend] [pool-2-thread-1] c.l.algorithm.SimulatedAnnealing         : SA-Opt reheat #1 | T=300.00 | costo: 72.00
2026-06-02T04:16:08.799-05:00  INFO 8500 --- [loadroute-backend] [pool-2-thread-1] c.l.algorithm.SimulatedAnnealing         : SA-Opt reheat #2 | T=90.00 | costo: 72.00
2026-06-02T04:16:08.800-05:00  INFO 8500 --- [loadroute-backend] [pool-2-thread-1] c.l.algorithm.SimulatedAnnealing         : SA-Opt reheat #3 | T=27.00 | costo: 72.00
2026-06-02T04:16:08.801-05:00  INFO 8500 --- [loadroute-backend] [pool-2-thread-1] c.l.algorithm.SimulatedAnnealing         : SA-Opt reheat #4 | T=8.10 | costo: 72.00
2026-06-02T04:16:08.801-05:00  INFO 8500 --- [loadroute-backend] [pool-2-thread-1] c.l.algorithm.SimulatedAnnealing         : SA-Opt reheat #5 | T=2.43 | costo: 72.00
2026-06-02T04:16:08.803-05:00  INFO 8500 --- [loadroute-backend] [pool-2-thread-1] c.l.algorithm.SimulatedAnnealing         : SA-Opt fin | iter: 4669 | reheats: 5 | mejoras: 491 | peores: 568 | cache: 2307 hits | costo: 72.00 -> 72.00 (0.0%) | tiempo: 0.0s
2026-06-02T04:16:08.804-05:00  INFO 8500 --- [loadroute-backend] [pool-2-thread-1] c.l.algorithm.SimulatedAnnealing         : SA-Opt inicio | T0=1000.0 | costo greedy: 94.00 | envios: 7/7
2026-06-02T04:16:08.808-05:00  INFO 8500 --- [loadroute-backend] [pool-2-thread-1] c.l.algorithm.SimulatedAnnealing         : SA-Opt reheat #1 | T=300.00 | costo: 94.00
2026-06-02T04:16:08.809-05:00  INFO 8500 --- [loadroute-backend] [pool-2-thread-1] c.l.algorithm.SimulatedAnnealing         : SA-Opt reheat #2 | T=90.00 | costo: 94.00
2026-06-02T04:16:08.811-05:00  INFO 8500 --- [loadroute-backend] [pool-2-thread-1] c.l.algorithm.SimulatedAnnealing         : SA-Opt reheat #3 | T=27.00 | costo: 94.00
2026-06-02T04:16:08.811-05:00  INFO 8500 --- [loadroute-backend] [pool-2-thread-1] c.l.algorithm.SimulatedAnnealing         : SA-Opt reheat #4 | T=8.10 | costo: 94.00
2026-06-02T04:16:08.813-05:00  INFO 8500 --- [loadroute-backend] [pool-2-thread-1] c.l.algorithm.SimulatedAnnealing         : SA-Opt reheat #5 | T=2.43 | costo: 94.00
2026-06-02T04:16:08.814-05:00  INFO 8500 --- [loadroute-backend] [pool-2-thread-1] c.l.algorithm.SimulatedAnnealing         : SA-Opt fin | iter: 4669 | reheats: 5 | mejoras: 581 | peores: 683 | cache: 2367 hits | costo: 94.00 -> 94.00 (0.0%) | tiempo: 0.0s
2026-06-02T04:16:08.816-05:00  INFO 8500 --- [loadroute-backend] [pool-2-thread-1] c.l.algorithm.SimulatedAnnealing         : SA-Opt inicio | T0=1000.0 | costo greedy: 70.00 | envios: 5/5
2026-06-02T04:16:08.818-05:00  INFO 8500 --- [loadroute-backend] [pool-2-thread-1] c.l.algorithm.SimulatedAnnealing         : SA-Opt reheat #1 | T=300.00 | costo: 70.00
2026-06-02T04:16:08.819-05:00  INFO 8500 --- [loadroute-backend] [pool-2-thread-1] c.l.algorithm.SimulatedAnnealing         : SA-Opt reheat #2 | T=90.00 | costo: 70.00
2026-06-02T04:16:08.820-05:00  INFO 8500 --- [loadroute-backend] [pool-2-thread-1] c.l.algorithm.SimulatedAnnealing         : SA-Opt reheat #3 | T=27.00 | costo: 70.00
2026-06-02T04:16:08.821-05:00  INFO 8500 --- [loadroute-backend] [pool-2-thread-1] c.l.algorithm.SimulatedAnnealing         : SA-Opt reheat #4 | T=8.10 | costo: 70.00
2026-06-02T04:16:08.822-05:00  INFO 8500 --- [loadroute-backend] [pool-2-thread-1] c.l.algorithm.SimulatedAnnealing         : SA-Opt reheat #5 | T=2.43 | costo: 70.00
2026-06-02T04:16:08.822-05:00  INFO 8500 --- [loadroute-backend] [pool-2-thread-1] c.l.algorithm.SimulatedAnnealing         : SA-Opt fin | iter: 4669 | reheats: 5 | mejoras: 503 | peores: 575 | cache: 2292 hits | costo: 70.00 -> 70.00 (0.0%) | tiempo: 0.0s
2026-06-02T04:16:08.824-05:00  INFO 8500 --- [loadroute-backend] [pool-2-thread-1] c.l.algorithm.SimulatedAnnealing         : SA-Opt inicio | T0=1000.0 | costo greedy: 102.00 | envios: 7/7
2026-06-02T04:16:08.827-05:00  INFO 8500 --- [loadroute-backend] [pool-2-thread-1] c.l.algorithm.SimulatedAnnealing         : SA-Opt reheat #1 | T=300.00 | costo: 102.00
2026-06-02T04:16:08.829-05:00  INFO 8500 --- [loadroute-backend] [pool-2-thread-1] c.l.algorithm.SimulatedAnnealing         : SA-Opt reheat #2 | T=90.00 | costo: 102.00
2026-06-02T04:16:08.830-05:00  INFO 8500 --- [loadroute-backend] [pool-2-thread-1] c.l.algorithm.SimulatedAnnealing         : SA-Opt reheat #3 | T=27.00 | costo: 102.00
2026-06-02T04:16:08.832-05:00  INFO 8500 --- [loadroute-backend] [pool-2-thread-1] c.l.algorithm.SimulatedAnnealing         : SA-Opt reheat #4 | T=8.10 | costo: 102.00
2026-06-02T04:16:08.833-05:00  INFO 8500 --- [loadroute-backend] [pool-2-thread-1] c.l.algorithm.SimulatedAnnealing         : SA-Opt reheat #5 | T=2.43 | costo: 102.00
2026-06-02T04:16:08.833-05:00  INFO 8500 --- [loadroute-backend] [pool-2-thread-1] c.l.algorithm.SimulatedAnnealing         : SA-Opt fin | iter: 4669 | reheats: 5 | mejoras: 531 | peores: 694 | cache: 2324 hits | costo: 102.00 -> 102.00 (0.0%) | tiempo: 0.0s
2026-06-02T04:16:08.834-05:00  INFO 8500 --- [loadroute-backend] [pool-2-thread-1] c.l.algorithm.SimulatedAnnealing         : SA-Opt inicio | T0=1000.0 | costo greedy: 90.00 | envios: 8/8
2026-06-02T04:16:08.838-05:00  INFO 8500 --- [loadroute-backend] [pool-2-thread-1] c.l.algorithm.SimulatedAnnealing         : SA-Opt reheat #1 | T=300.00 | costo: 90.00
2026-06-02T04:16:08.840-05:00  INFO 8500 --- [loadroute-backend] [pool-2-thread-1] c.l.algorithm.SimulatedAnnealing         : SA-Opt reheat #2 | T=90.00 | costo: 90.00
2026-06-02T04:16:08.842-05:00  INFO 8500 --- [loadroute-backend] [pool-2-thread-1] c.l.algorithm.SimulatedAnnealing         : SA-Opt reheat #3 | T=27.00 | costo: 90.00
2026-06-02T04:16:08.843-05:00  INFO 8500 --- [loadroute-backend] [pool-2-thread-1] c.l.algorithm.SimulatedAnnealing         : SA-Opt reheat #4 | T=8.10 | costo: 90.00
2026-06-02T04:16:08.843-05:00  INFO 8500 --- [loadroute-backend] [pool-2-thread-1] c.l.algorithm.SimulatedAnnealing         : SA-Opt reheat #5 | T=2.43 | costo: 90.00
2026-06-02T04:16:08.844-05:00  INFO 8500 --- [loadroute-backend] [pool-2-thread-1] c.l.algorithm.SimulatedAnnealing         : SA-Opt fin | iter: 4669 | reheats: 5 | mejoras: 483 | peores: 547 | cache: 2306 hits | costo: 90.00 -> 90.00 (0.0%) | tiempo: 0.0s
2026-06-02T04:16:08.847-05:00  INFO 8500 --- [loadroute-backend] [pool-2-thread-1] c.l.algorithm.SimulatedAnnealing         : SA-Opt inicio | T0=1000.0 | costo greedy: 111.00 | envios: 11/11
2026-06-02T04:16:08.851-05:00  INFO 8500 --- [loadroute-backend] [pool-2-thread-1] c.l.algorithm.SimulatedAnnealing         : SA-Opt reheat #1 | T=300.00 | costo: 111.00
2026-06-02T04:16:08.852-05:00  INFO 8500 --- [loadroute-backend] [pool-2-thread-1] c.l.algorithm.SimulatedAnnealing         : SA-Opt reheat #2 | T=90.00 | costo: 111.00
2026-06-02T04:16:08.853-05:00  INFO 8500 --- [loadroute-backend] [pool-2-thread-1] c.l.algorithm.SimulatedAnnealing         : SA-Opt reheat #3 | T=27.00 | costo: 111.00
2026-06-02T04:16:08.854-05:00  INFO 8500 --- [loadroute-backend] [pool-2-thread-1] c.l.algorithm.SimulatedAnnealing         : SA-Opt reheat #4 | T=8.10 | costo: 111.00
2026-06-02T04:16:08.855-05:00  INFO 8500 --- [loadroute-backend] [pool-2-thread-1] c.l.algorithm.SimulatedAnnealing         : SA-Opt reheat #5 | T=2.43 | costo: 111.00
2026-06-02T04:16:08.855-05:00  INFO 8500 --- [loadroute-backend] [pool-2-thread-1] c.l.algorithm.SimulatedAnnealing         : SA-Opt fin | iter: 4669 | reheats: 5 | mejoras: 492 | peores: 615 | cache: 2295 hits | costo: 111.00 -> 111.00 (0.0%) | tiempo: 0.0s
2026-06-02T04:16:08.857-05:00  INFO 8500 --- [loadroute-backend] [pool-2-thread-1] c.l.algorithm.SimulatedAnnealing         : SA-Opt inicio | T0=1000.0 | costo greedy: 82.00 | envios: 6/6
2026-06-02T04:16:08.860-05:00  INFO 8500 --- [loadroute-backend] [pool-2-thread-1] c.l.algorithm.SimulatedAnnealing         : SA-Opt reheat #1 | T=300.00 | costo: 82.00
2026-06-02T04:16:08.861-05:00  INFO 8500 --- [loadroute-backend] [pool-2-thread-1] c.l.algorithm.SimulatedAnnealing         : SA-Opt reheat #2 | T=90.00 | costo: 82.00
2026-06-02T04:16:08.864-05:00  INFO 8500 --- [loadroute-backend] [pool-2-thread-1] c.l.algorithm.SimulatedAnnealing         : SA-Opt reheat #3 | T=27.00 | costo: 82.00
2026-06-02T04:16:08.865-05:00  INFO 8500 --- [loadroute-backend] [pool-2-thread-1] c.l.algorithm.SimulatedAnnealing         : SA-Opt reheat #4 | T=8.10 | costo: 82.00
2026-06-02T04:16:08.865-05:00  INFO 8500 --- [loadroute-backend] [pool-2-thread-1] c.l.algorithm.SimulatedAnnealing         : SA-Opt reheat #5 | T=2.43 | costo: 82.00
2026-06-02T04:16:08.866-05:00  INFO 8500 --- [loadroute-backend] [pool-2-thread-1] c.l.algorithm.SimulatedAnnealing         : SA-Opt fin | iter: 4669 | reheats: 5 | mejoras: 538 | peores: 664 | cache: 2341 hits | costo: 82.00 -> 82.00 (0.0%) | tiempo: 0.0s
2026-06-02T04:16:08.868-05:00  INFO 8500 --- [loadroute-backend] [pool-2-thread-1] c.l.algorithm.SimulatedAnnealing         : SA-Opt inicio | T0=1000.0 | costo greedy: 118.00 | envios: 8/8
2026-06-02T04:16:08.871-05:00  INFO 8500 --- [loadroute-backend] [pool-2-thread-1] c.l.algorithm.SimulatedAnnealing         : SA-Opt reheat #1 | T=300.00 | costo: 118.00
2026-06-02T04:16:08.873-05:00  INFO 8500 --- [loadroute-backend] [pool-2-thread-1] c.l.algorithm.SimulatedAnnealing         : SA-Opt reheat #2 | T=90.00 | costo: 118.00
2026-06-02T04:16:08.874-05:00  INFO 8500 --- [loadroute-backend] [pool-2-thread-1] c.l.algorithm.SimulatedAnnealing         : SA-Opt reheat #3 | T=27.00 | costo: 118.00
2026-06-02T04:16:08.875-05:00  INFO 8500 --- [loadroute-backend] [pool-2-thread-1] c.l.algorithm.SimulatedAnnealing         : SA-Opt reheat #4 | T=8.10 | costo: 118.00
2026-06-02T04:16:08.876-05:00  INFO 8500 --- [loadroute-backend] [pool-2-thread-1] c.l.algorithm.SimulatedAnnealing         : SA-Opt reheat #5 | T=2.43 | costo: 118.00
2026-06-02T04:16:08.877-05:00  INFO 8500 --- [loadroute-backend] [pool-2-thread-1] c.l.algorithm.SimulatedAnnealing         : SA-Opt fin | iter: 4669 | reheats: 5 | mejoras: 606 | peores: 715 | cache: 2359 hits | costo: 118.00 -> 118.00 (0.0%) | tiempo: 0.0s
2026-06-02T04:16:08.879-05:00  INFO 8500 --- [loadroute-backend] [pool-2-thread-1] c.l.algorithm.SimulatedAnnealing         : SA-Opt inicio | T0=1000.0 | costo greedy: 90.00 | envios: 9/9
2026-06-02T04:16:08.883-05:00  INFO 8500 --- [loadroute-backend] [pool-2-thread-1] c.l.algorithm.SimulatedAnnealing         : SA-Opt reheat #1 | T=300.00 | costo: 90.00
2026-06-02T04:16:08.884-05:00  INFO 8500 --- [loadroute-backend] [pool-2-thread-1] c.l.algorithm.SimulatedAnnealing         : SA-Opt reheat #2 | T=90.00 | costo: 90.00
2026-06-02T04:16:08.886-05:00  INFO 8500 --- [loadroute-backend] [pool-2-thread-1] c.l.algorithm.SimulatedAnnealing         : SA-Opt reheat #3 | T=27.00 | costo: 90.00
2026-06-02T04:16:08.886-05:00  INFO 8500 --- [loadroute-backend] [pool-2-thread-1] c.l.algorithm.SimulatedAnnealing         : SA-Opt reheat #4 | T=8.10 | costo: 90.00
2026-06-02T04:16:08.887-05:00  INFO 8500 --- [loadroute-backend] [pool-2-thread-1] c.l.algorithm.SimulatedAnnealing         : SA-Opt reheat #5 | T=2.43 | costo: 90.00
2026-06-02T04:16:08.888-05:00  INFO 8500 --- [loadroute-backend] [pool-2-thread-1] c.l.algorithm.SimulatedAnnealing         : SA-Opt fin | iter: 4669 | reheats: 5 | mejoras: 553 | peores: 674 | cache: 2299 hits | costo: 90.00 -> 90.00 (0.0%) | tiempo: 0.0s
2026-06-02T04:16:08.890-05:00  INFO 8500 --- [loadroute-backend] [pool-2-thread-1] c.l.algorithm.SimulatedAnnealing         : SA-Opt inicio | T0=1000.0 | costo greedy: 91.00 | envios: 8/8
2026-06-02T04:16:08.893-05:00  INFO 8500 --- [loadroute-backend] [pool-2-thread-1] c.l.algorithm.SimulatedAnnealing         : SA-Opt reheat #1 | T=300.00 | costo: 91.00
2026-06-02T04:16:08.895-05:00  INFO 8500 --- [loadroute-backend] [pool-2-thread-1] c.l.algorithm.SimulatedAnnealing         : SA-Opt reheat #2 | T=90.00 | costo: 91.00
2026-06-02T04:16:08.896-05:00  INFO 8500 --- [loadroute-backend] [pool-2-thread-1] c.l.algorithm.SimulatedAnnealing         : SA-Opt reheat #3 | T=27.00 | costo: 91.00
2026-06-02T04:16:08.897-05:00  INFO 8500 --- [loadroute-backend] [pool-2-thread-1] c.l.algorithm.SimulatedAnnealing         : SA-Opt reheat #4 | T=8.10 | costo: 91.00
2026-06-02T04:16:08.898-05:00  INFO 8500 --- [loadroute-backend] [pool-2-thread-1] c.l.algorithm.SimulatedAnnealing         : SA-Opt reheat #5 | T=2.43 | costo: 91.00
2026-06-02T04:16:08.898-05:00  INFO 8500 --- [loadroute-backend] [pool-2-thread-1] c.l.algorithm.SimulatedAnnealing         : SA-Opt fin | iter: 4669 | reheats: 5 | mejoras: 547 | peores: 654 | cache: 2382 hits | costo: 91.00 -> 91.00 (0.0%) | tiempo: 0.0s
2026-06-02T04:16:08.900-05:00  INFO 8500 --- [loadroute-backend] [pool-2-thread-1] c.l.algorithm.SimulatedAnnealing         : SA-Opt inicio | T0=1000.0 | costo greedy: 66.00 | envios: 8/8
2026-06-02T04:16:08.904-05:00  INFO 8500 --- [loadroute-backend] [pool-2-thread-1] c.l.algorithm.SimulatedAnnealing         : SA-Opt reheat #1 | T=300.00 | costo: 66.00
2026-06-02T04:16:08.906-05:00  INFO 8500 --- [loadroute-backend] [pool-2-thread-1] c.l.algorithm.SimulatedAnnealing         : SA-Opt reheat #2 | T=90.00 | costo: 66.00
2026-06-02T04:16:08.907-05:00  INFO 8500 --- [loadroute-backend] [pool-2-thread-1] c.l.algorithm.SimulatedAnnealing         : SA-Opt reheat #3 | T=27.00 | costo: 66.00
2026-06-02T04:16:08.908-05:00  INFO 8500 --- [loadroute-backend] [pool-2-thread-1] c.l.algorithm.SimulatedAnnealing         : SA-Opt reheat #4 | T=8.10 | costo: 66.00
2026-06-02T04:16:08.909-05:00  INFO 8500 --- [loadroute-backend] [pool-2-thread-1] c.l.algorithm.SimulatedAnnealing         : SA-Opt reheat #5 | T=2.43 | costo: 66.00
2026-06-02T04:16:08.909-05:00  INFO 8500 --- [loadroute-backend] [pool-2-thread-1] c.l.algorithm.SimulatedAnnealing         : SA-Opt fin | iter: 4669 | reheats: 5 | mejoras: 526 | peores: 563 | cache: 2348 hits | costo: 66.00 -> 66.00 (0.0%) | tiempo: 0.0s
2026-06-02T04:16:08.911-05:00  INFO 8500 --- [loadroute-backend] [pool-2-thread-1] c.l.algorithm.SimulatedAnnealing         : SA-Opt inicio | T0=1000.0 | costo greedy: 80.00 | envios: 7/7
2026-06-02T04:16:08.915-05:00  INFO 8500 --- [loadroute-backend] [pool-2-thread-1] c.l.algorithm.SimulatedAnnealing         : SA-Opt reheat #1 | T=300.00 | costo: 80.00
2026-06-02T04:16:08.917-05:00  INFO 8500 --- [loadroute-backend] [pool-2-thread-1] c.l.algorithm.SimulatedAnnealing         : SA-Opt reheat #2 | T=90.00 | costo: 80.00
2026-06-02T04:16:08.918-05:00  INFO 8500 --- [loadroute-backend] [pool-2-thread-1] c.l.algorithm.SimulatedAnnealing         : SA-Opt reheat #3 | T=27.00 | costo: 80.00
2026-06-02T04:16:08.919-05:00  INFO 8500 --- [loadroute-backend] [pool-2-thread-1] c.l.algorithm.SimulatedAnnealing         : SA-Opt reheat #4 | T=8.10 | costo: 80.00
2026-06-02T04:16:08.919-05:00  INFO 8500 --- [loadroute-backend] [pool-2-thread-1] c.l.algorithm.SimulatedAnnealing         : SA-Opt reheat #5 | T=2.43 | costo: 80.00
2026-06-02T04:16:08.920-05:00  INFO 8500 --- [loadroute-backend] [pool-2-thread-1] c.l.algorithm.SimulatedAnnealing         : SA-Opt fin | iter: 4669 | reheats: 5 | mejoras: 547 | peores: 712 | cache: 2344 hits | costo: 80.00 -> 80.00 (0.0%) | tiempo: 0.0s
2026-06-02T04:16:08.921-05:00  INFO 8500 --- [loadroute-backend] [pool-2-thread-1] c.l.algorithm.SimulatedAnnealing         : SA-Opt inicio | T0=1000.0 | costo greedy: 145.00 | envios: 10/10
2026-06-02T04:16:08.926-05:00  INFO 8500 --- [loadroute-backend] [pool-2-thread-1] c.l.algorithm.SimulatedAnnealing         : SA-Opt reheat #1 | T=300.00 | costo: 145.00
2026-06-02T04:16:08.927-05:00  INFO 8500 --- [loadroute-backend] [pool-2-thread-1] c.l.algorithm.SimulatedAnnealing         : SA-Opt reheat #2 | T=90.00 | costo: 145.00
2026-06-02T04:16:08.930-05:00  INFO 8500 --- [loadroute-backend] [pool-2-thread-1] c.l.algorithm.SimulatedAnnealing         : SA-Opt reheat #3 | T=27.00 | costo: 145.00
2026-06-02T04:16:08.933-05:00  INFO 8500 --- [loadroute-backend] [pool-2-thread-1] c.l.algorithm.SimulatedAnnealing         : SA-Opt reheat #4 | T=8.10 | costo: 145.00
2026-06-02T04:16:08.934-05:00  INFO 8500 --- [loadroute-backend] [pool-2-thread-1] c.l.algorithm.SimulatedAnnealing         : SA-Opt reheat #5 | T=2.43 | costo: 145.00
2026-06-02T04:16:08.934-05:00  INFO 8500 --- [loadroute-backend] [pool-2-thread-1] c.l.algorithm.SimulatedAnnealing         : SA-Opt fin | iter: 4669 | reheats: 5 | mejoras: 561 | peores: 650 | cache: 2337 hits | costo: 145.00 -> 145.00 (0.0%) | tiempo: 0.0s
2026-06-02T04:16:08.936-05:00  INFO 8500 --- [loadroute-backend] [pool-2-thread-1] c.l.algorithm.SimulatedAnnealing         : SA-Opt inicio | T0=1000.0 | costo greedy: 53.00 | envios: 4/4
2026-06-02T04:16:08.939-05:00  INFO 8500 --- [loadroute-backend] [pool-2-thread-1] c.l.algorithm.SimulatedAnnealing         : SA-Opt reheat #1 | T=300.00 | costo: 53.00
2026-06-02T04:16:08.940-05:00  INFO 8500 --- [loadroute-backend] [pool-2-thread-1] c.l.algorithm.SimulatedAnnealing         : SA-Opt reheat #2 | T=90.00 | costo: 53.00
2026-06-02T04:16:08.941-05:00  INFO 8500 --- [loadroute-backend] [pool-2-thread-1] c.l.algorithm.SimulatedAnnealing         : SA-Opt reheat #3 | T=27.00 | costo: 53.00
2026-06-02T04:16:08.943-05:00  INFO 8500 --- [loadroute-backend] [pool-2-thread-1] c.l.algorithm.SimulatedAnnealing         : SA-Opt reheat #4 | T=8.10 | costo: 53.00
2026-06-02T04:16:08.947-05:00  INFO 8500 --- [loadroute-backend] [pool-2-thread-1] c.l.algorithm.SimulatedAnnealing         : SA-Opt reheat #5 | T=2.43 | costo: 53.00
2026-06-02T04:16:08.947-05:00  INFO 8500 --- [loadroute-backend] [pool-2-thread-1] c.l.algorithm.SimulatedAnnealing         : SA-Opt fin | iter: 4669 | reheats: 5 | mejoras: 517 | peores: 695 | cache: 2313 hits | costo: 53.00 -> 53.00 (0.0%) | tiempo: 0.0s
2026-06-02T04:16:08.951-05:00  INFO 8500 --- [loadroute-backend] [pool-2-thread-1] c.l.algorithm.SimulatedAnnealing         : SA-Opt inicio | T0=1000.0 | costo greedy: 170.00 | envios: 13/13
2026-06-02T04:16:08.957-05:00  INFO 8500 --- [loadroute-backend] [pool-2-thread-1] c.l.algorithm.SimulatedAnnealing         : SA-Opt reheat #1 | T=300.00 | costo: 170.00
2026-06-02T04:16:08.959-05:00  INFO 8500 --- [loadroute-backend] [pool-2-thread-1] c.l.algorithm.SimulatedAnnealing         : SA-Opt reheat #2 | T=90.00 | costo: 170.00
2026-06-02T04:16:08.961-05:00  INFO 8500 --- [loadroute-backend] [pool-2-thread-1] c.l.algorithm.SimulatedAnnealing         : SA-Opt reheat #3 | T=27.00 | costo: 170.00
2026-06-02T04:16:08.961-05:00  INFO 8500 --- [loadroute-backend] [pool-2-thread-1] c.l.algorithm.SimulatedAnnealing         : SA-Opt reheat #4 | T=8.10 | costo: 170.00
2026-06-02T04:16:08.963-05:00  INFO 8500 --- [loadroute-backend] [pool-2-thread-1] c.l.algorithm.SimulatedAnnealing         : SA-Opt reheat #5 | T=2.43 | costo: 170.00
2026-06-02T04:16:08.964-05:00  INFO 8500 --- [loadroute-backend] [pool-2-thread-1] c.l.algorithm.SimulatedAnnealing         : SA-Opt fin | iter: 4669 | reheats: 5 | mejoras: 594 | peores: 670 | cache: 2321 hits | costo: 170.00 -> 170.00 (0.0%) | tiempo: 0.0s
2026-06-02T04:16:08.965-05:00  INFO 8500 --- [loadroute-backend] [pool-2-thread-1] c.l.algorithm.SimulatedAnnealing         : SA-Opt inicio | T0=1000.0 | costo greedy: 119.00 | envios: 7/7
2026-06-02T04:16:08.969-05:00  INFO 8500 --- [loadroute-backend] [pool-2-thread-1] c.l.algorithm.SimulatedAnnealing         : SA-Opt reheat #1 | T=300.00 | costo: 119.00
2026-06-02T04:16:08.971-05:00  INFO 8500 --- [loadroute-backend] [pool-2-thread-1] c.l.algorithm.SimulatedAnnealing         : SA-Opt reheat #2 | T=90.00 | costo: 119.00
2026-06-02T04:16:08.972-05:00  INFO 8500 --- [loadroute-backend] [pool-2-thread-1] c.l.algorithm.SimulatedAnnealing         : SA-Opt reheat #3 | T=27.00 | costo: 119.00
2026-06-02T04:16:08.973-05:00  INFO 8500 --- [loadroute-backend] [pool-2-thread-1] c.l.algorithm.SimulatedAnnealing         : SA-Opt reheat #4 | T=8.10 | costo: 119.00
2026-06-02T04:16:08.973-05:00  INFO 8500 --- [loadroute-backend] [pool-2-thread-1] c.l.algorithm.SimulatedAnnealing         : SA-Opt reheat #5 | T=2.43 | costo: 119.00
2026-06-02T04:16:08.974-05:00  INFO 8500 --- [loadroute-backend] [pool-2-thread-1] c.l.algorithm.SimulatedAnnealing         : SA-Opt fin | iter: 4669 | reheats: 5 | mejoras: 535 | peores: 655 | cache: 2304 hits | costo: 119.00 -> 119.00 (0.0%) | tiempo: 0.0s
2026-06-02T04:16:08.976-05:00  INFO 8500 --- [loadroute-backend] [pool-2-thread-1] c.l.algorithm.SimulatedAnnealing         : SA-Opt inicio | T0=1000.0 | costo greedy: 71.00 | envios: 7/7
2026-06-02T04:16:08.980-05:00  INFO 8500 --- [loadroute-backend] [pool-2-thread-1] c.l.algorithm.SimulatedAnnealing         : SA-Opt reheat #1 | T=300.00 | costo: 71.00
2026-06-02T04:16:08.982-05:00  INFO 8500 --- [loadroute-backend] [pool-2-thread-1] c.l.algorithm.SimulatedAnnealing         : SA-Opt reheat #2 | T=90.00 | costo: 71.00
2026-06-02T04:16:08.984-05:00  INFO 8500 --- [loadroute-backend] [pool-2-thread-1] c.l.algorithm.SimulatedAnnealing         : SA-Opt reheat #3 | T=27.00 | costo: 71.00
2026-06-02T04:16:08.985-05:00  INFO 8500 --- [loadroute-backend] [pool-2-thread-1] c.l.algorithm.SimulatedAnnealing         : SA-Opt reheat #4 | T=8.10 | costo: 71.00
2026-06-02T04:16:08.986-05:00  INFO 8500 --- [loadroute-backend] [pool-2-thread-1] c.l.algorithm.SimulatedAnnealing         : SA-Opt reheat #5 | T=2.43 | costo: 71.00
2026-06-02T04:16:08.986-05:00  INFO 8500 --- [loadroute-backend] [pool-2-thread-1] c.l.algorithm.SimulatedAnnealing         : SA-Opt fin | iter: 4669 | reheats: 5 | mejoras: 555 | peores: 659 | cache: 2310 hits | costo: 71.00 -> 71.00 (0.0%) | tiempo: 0.0s
2026-06-02T04:16:08.990-05:00  INFO 8500 --- [loadroute-backend] [pool-2-thread-1] c.l.algorithm.SimulatedAnnealing         : SA-Opt inicio | T0=1000.0 | costo greedy: 127.00 | envios: 11/11
2026-06-02T04:16:08.994-05:00  INFO 8500 --- [loadroute-backend] [pool-2-thread-1] c.l.algorithm.SimulatedAnnealing         : SA-Opt reheat #1 | T=300.00 | costo: 127.00
2026-06-02T04:16:08.996-05:00  INFO 8500 --- [loadroute-backend] [pool-2-thread-1] c.l.algorithm.SimulatedAnnealing         : SA-Opt reheat #2 | T=90.00 | costo: 127.00
2026-06-02T04:16:08.997-05:00  INFO 8500 --- [loadroute-backend] [pool-2-thread-1] c.l.algorithm.SimulatedAnnealing         : SA-Opt reheat #3 | T=27.00 | costo: 127.00
2026-06-02T04:16:08.999-05:00  INFO 8500 --- [loadroute-backend] [pool-2-thread-1] c.l.algorithm.SimulatedAnnealing         : SA-Opt reheat #4 | T=8.10 | costo: 127.00
2026-06-02T04:16:08.999-05:00  INFO 8500 --- [loadroute-backend] [pool-2-thread-1] c.l.algorithm.SimulatedAnnealing         : SA-Opt reheat #5 | T=2.43 | costo: 127.00
2026-06-02T04:16:09.000-05:00  INFO 8500 --- [loadroute-backend] [pool-2-thread-1] c.l.algorithm.SimulatedAnnealing         : SA-Opt fin | iter: 4669 | reheats: 5 | mejoras: 577 | peores: 675 | cache: 2314 hits | costo: 127.00 -> 127.00 (0.0%) | tiempo: 0.0s
2026-06-02T04:16:09.003-05:00  INFO 8500 --- [loadroute-backend] [pool-2-thread-1] c.l.algorithm.SimulatedAnnealing         : SA-Opt inicio | T0=1000.0 | costo greedy: 96.00 | envios: 9/9
2026-06-02T04:16:09.006-05:00  INFO 8500 --- [loadroute-backend] [pool-2-thread-1] c.l.algorithm.SimulatedAnnealing         : SA-Opt reheat #1 | T=300.00 | costo: 96.00
2026-06-02T04:16:09.008-05:00  INFO 8500 --- [loadroute-backend] [pool-2-thread-1] c.l.algorithm.SimulatedAnnealing         : SA-Opt reheat #2 | T=90.00 | costo: 96.00
2026-06-02T04:16:09.009-05:00  INFO 8500 --- [loadroute-backend] [pool-2-thread-1] c.l.algorithm.SimulatedAnnealing         : SA-Opt reheat #3 | T=27.00 | costo: 96.00
2026-06-02T04:16:09.010-05:00  INFO 8500 --- [loadroute-backend] [pool-2-thread-1] c.l.algorithm.SimulatedAnnealing         : SA-Opt reheat #4 | T=8.10 | costo: 96.00
2026-06-02T04:16:09.011-05:00  INFO 8500 --- [loadroute-backend] [pool-2-thread-1] c.l.algorithm.SimulatedAnnealing         : SA-Opt reheat #5 | T=2.43 | costo: 96.00
2026-06-02T04:16:09.011-05:00  INFO 8500 --- [loadroute-backend] [pool-2-thread-1] c.l.algorithm.SimulatedAnnealing         : SA-Opt fin | iter: 4669 | reheats: 5 | mejoras: 562 | peores: 691 | cache: 2380 hits | costo: 96.00 -> 96.00 (0.0%) | tiempo: 0.0s
2026-06-02T04:16:09.014-05:00  INFO 8500 --- [loadroute-backend] [pool-2-thread-1] c.l.algorithm.SimulatedAnnealing         : SA-Opt inicio | T0=1000.0 | costo greedy: 65.00 | envios: 6/6
2026-06-02T04:16:09.016-05:00  INFO 8500 --- [loadroute-backend] [pool-2-thread-1] c.l.algorithm.SimulatedAnnealing         : SA-Opt reheat #1 | T=300.00 | costo: 65.00
2026-06-02T04:16:09.017-05:00  INFO 8500 --- [loadroute-backend] [pool-2-thread-1] c.l.algorithm.SimulatedAnnealing         : SA-Opt reheat #2 | T=90.00 | costo: 65.00
2026-06-02T04:16:09.019-05:00  INFO 8500 --- [loadroute-backend] [pool-2-thread-1] c.l.algorithm.SimulatedAnnealing         : SA-Opt reheat #3 | T=27.00 | costo: 65.00
2026-06-02T04:16:09.020-05:00  INFO 8500 --- [loadroute-backend] [pool-2-thread-1] c.l.algorithm.SimulatedAnnealing         : SA-Opt reheat #4 | T=8.10 | costo: 65.00
2026-06-02T04:16:09.020-05:00  INFO 8500 --- [loadroute-backend] [pool-2-thread-1] c.l.algorithm.SimulatedAnnealing         : SA-Opt reheat #5 | T=2.43 | costo: 65.00
2026-06-02T04:16:09.021-05:00  INFO 8500 --- [loadroute-backend] [pool-2-thread-1] c.l.algorithm.SimulatedAnnealing         : SA-Opt fin | iter: 4669 | reheats: 5 | mejoras: 549 | peores: 632 | cache: 2343 hits | costo: 65.00 -> 65.00 (0.0%) | tiempo: 0.0s
2026-06-02T04:16:09.021-05:00  INFO 8500 --- [loadroute-backend] [pool-2-thread-1] c.l.algorithm.SimulatedAnnealing         : SA-Opt inicio | T0=1000.0 | costo greedy: 105.00 | envios: 7/7
2026-06-02T04:16:09.025-05:00  INFO 8500 --- [loadroute-backend] [pool-2-thread-1] c.l.algorithm.SimulatedAnnealing         : SA-Opt reheat #1 | T=300.00 | costo: 105.00
2026-06-02T04:16:09.026-05:00  INFO 8500 --- [loadroute-backend] [pool-2-thread-1] c.l.algorithm.SimulatedAnnealing         : SA-Opt reheat #2 | T=90.00 | costo: 105.00
2026-06-02T04:16:09.029-05:00  INFO 8500 --- [loadroute-backend] [pool-2-thread-1] c.l.algorithm.SimulatedAnnealing         : SA-Opt reheat #3 | T=27.00 | costo: 105.00
2026-06-02T04:16:09.030-05:00  INFO 8500 --- [loadroute-backend] [pool-2-thread-1] c.l.algorithm.SimulatedAnnealing         : SA-Opt reheat #4 | T=8.10 | costo: 105.00
2026-06-02T04:16:09.031-05:00  INFO 8500 --- [loadroute-backend] [pool-2-thread-1] c.l.algorithm.SimulatedAnnealing         : SA-Opt reheat #5 | T=2.43 | costo: 105.00
2026-06-02T04:16:09.031-05:00  INFO 8500 --- [loadroute-backend] [pool-2-thread-1] c.l.algorithm.SimulatedAnnealing         : SA-Opt fin | iter: 4669 | reheats: 5 | mejoras: 503 | peores: 560 | cache: 2328 hits | costo: 105.00 -> 105.00 (0.0%) | tiempo: 0.0s
2026-06-02T04:16:09.036-05:00  INFO 8500 --- [loadroute-backend] [pool-2-thread-1] c.l.algorithm.SimulatedAnnealing         : SA-Opt inicio | T0=1000.0 | costo greedy: 194.00 | envios: 14/14
2026-06-02T04:16:09.040-05:00  INFO 8500 --- [loadroute-backend] [pool-2-thread-1] c.l.algorithm.SimulatedAnnealing         : SA-Opt reheat #1 | T=300.00 | costo: 194.00
2026-06-02T04:16:09.041-05:00  INFO 8500 --- [loadroute-backend] [pool-2-thread-1] c.l.algorithm.SimulatedAnnealing         : SA-Opt reheat #2 | T=90.00 | costo: 194.00
2026-06-02T04:16:09.043-05:00  INFO 8500 --- [loadroute-backend] [pool-2-thread-1] c.l.algorithm.SimulatedAnnealing         : SA-Opt reheat #3 | T=27.00 | costo: 194.00
2026-06-02T04:16:09.045-05:00  INFO 8500 --- [loadroute-backend] [pool-2-thread-1] c.l.algorithm.SimulatedAnnealing         : SA-Opt reheat #4 | T=8.10 | costo: 194.00
2026-06-02T04:16:09.046-05:00  INFO 8500 --- [loadroute-backend] [pool-2-thread-1] c.l.algorithm.SimulatedAnnealing         : SA-Opt reheat #5 | T=2.43 | costo: 194.00
2026-06-02T04:16:09.046-05:00  INFO 8500 --- [loadroute-backend] [pool-2-thread-1] c.l.algorithm.SimulatedAnnealing         : SA-Opt fin | iter: 4669 | reheats: 5 | mejoras: 580 | peores: 684 | cache: 2334 hits | costo: 194.00 -> 194.00 (0.0%) | tiempo: 0.0s
2026-06-02T04:16:09.048-05:00  INFO 8500 --- [loadroute-backend] [pool-2-thread-1] c.l.algorithm.SimulatedAnnealing         : SA-Opt inicio | T0=1000.0 | costo greedy: 62.00 | envios: 5/5
2026-06-02T04:16:09.051-05:00  INFO 8500 --- [loadroute-backend] [pool-2-thread-1] c.l.algorithm.SimulatedAnnealing         : SA-Opt reheat #1 | T=300.00 | costo: 62.00
2026-06-02T04:16:09.053-05:00  INFO 8500 --- [loadroute-backend] [pool-2-thread-1] c.l.algorithm.SimulatedAnnealing         : SA-Opt reheat #2 | T=90.00 | costo: 62.00
2026-06-02T04:16:09.054-05:00  INFO 8500 --- [loadroute-backend] [pool-2-thread-1] c.l.algorithm.SimulatedAnnealing         : SA-Opt reheat #3 | T=27.00 | costo: 62.00
2026-06-02T04:16:09.055-05:00  INFO 8500 --- [loadroute-backend] [pool-2-thread-1] c.l.algorithm.SimulatedAnnealing         : SA-Opt reheat #4 | T=8.10 | costo: 62.00
2026-06-02T04:16:09.056-05:00  INFO 8500 --- [loadroute-backend] [pool-2-thread-1] c.l.algorithm.SimulatedAnnealing         : SA-Opt reheat #5 | T=2.43 | costo: 62.00
2026-06-02T04:16:09.057-05:00  INFO 8500 --- [loadroute-backend] [pool-2-thread-1] c.l.algorithm.SimulatedAnnealing         : SA-Opt fin | iter: 4669 | reheats: 5 | mejoras: 577 | peores: 622 | cache: 2313 hits | costo: 62.00 -> 62.00 (0.0%) | tiempo: 0.0s
2026-06-02T04:16:09.058-05:00  INFO 8500 --- [loadroute-backend] [pool-2-thread-1] c.l.algorithm.SimulatedAnnealing         : SA-Opt inicio | T0=1000.0 | costo greedy: 77.00 | envios: 5/5
2026-06-02T04:16:09.061-05:00  INFO 8500 --- [loadroute-backend] [pool-2-thread-1] c.l.algorithm.SimulatedAnnealing         : SA-Opt reheat #1 | T=300.00 | costo: 77.00
2026-06-02T04:16:09.063-05:00  INFO 8500 --- [loadroute-backend] [pool-2-thread-1] c.l.algorithm.SimulatedAnnealing         : SA-Opt reheat #2 | T=90.00 | costo: 77.00
2026-06-02T04:16:09.064-05:00  INFO 8500 --- [loadroute-backend] [pool-2-thread-1] c.l.algorithm.SimulatedAnnealing         : SA-Opt reheat #3 | T=27.00 | costo: 77.00
2026-06-02T04:16:09.065-05:00  INFO 8500 --- [loadroute-backend] [pool-2-thread-1] c.l.algorithm.SimulatedAnnealing         : SA-Opt reheat #4 | T=8.10 | costo: 77.00
2026-06-02T04:16:09.066-05:00  INFO 8500 --- [loadroute-backend] [pool-2-thread-1] c.l.algorithm.SimulatedAnnealing         : SA-Opt reheat #5 | T=2.43 | costo: 77.00
2026-06-02T04:16:09.066-05:00  INFO 8500 --- [loadroute-backend] [pool-2-thread-1] c.l.algorithm.SimulatedAnnealing         : SA-Opt fin | iter: 4669 | reheats: 5 | mejoras: 553 | peores: 697 | cache: 2288 hits | costo: 77.00 -> 77.00 (0.0%) | tiempo: 0.0s
2026-06-02T04:16:09.069-05:00  INFO 8500 --- [loadroute-backend] [pool-2-thread-1] c.l.algorithm.SimulatedAnnealing         : SA-Opt inicio | T0=1000.0 | costo greedy: 151.00 | envios: 11/11
2026-06-02T04:16:09.074-05:00  INFO 8500 --- [loadroute-backend] [pool-2-thread-1] c.l.algorithm.SimulatedAnnealing         : SA-Opt reheat #1 | T=300.00 | costo: 151.00
2026-06-02T04:16:09.076-05:00  INFO 8500 --- [loadroute-backend] [pool-2-thread-1] c.l.algorithm.SimulatedAnnealing         : SA-Opt reheat #2 | T=90.00 | costo: 151.00
2026-06-02T04:16:09.077-05:00  INFO 8500 --- [loadroute-backend] [pool-2-thread-1] c.l.algorithm.SimulatedAnnealing         : SA-Opt reheat #3 | T=27.00 | costo: 151.00
2026-06-02T04:16:09.079-05:00  INFO 8500 --- [loadroute-backend] [pool-2-thread-1] c.l.algorithm.SimulatedAnnealing         : SA-Opt reheat #4 | T=8.10 | costo: 151.00
2026-06-02T04:16:09.079-05:00  INFO 8500 --- [loadroute-backend] [pool-2-thread-1] c.l.algorithm.SimulatedAnnealing         : SA-Opt reheat #5 | T=2.43 | costo: 151.00
2026-06-02T04:16:09.080-05:00  INFO 8500 --- [loadroute-backend] [pool-2-thread-1] c.l.algorithm.SimulatedAnnealing         : SA-Opt fin | iter: 4669 | reheats: 5 | mejoras: 552 | peores: 645 | cache: 2300 hits | costo: 151.00 -> 151.00 (0.0%) | tiempo: 0.0s
2026-06-02T04:16:09.082-05:00  INFO 8500 --- [loadroute-backend] [pool-2-thread-1] c.l.algorithm.SimulatedAnnealing         : SA-Opt inicio | T0=1000.0 | costo greedy: 148.00 | envios: 10/10
2026-06-02T04:16:09.086-05:00  INFO 8500 --- [loadroute-backend] [pool-2-thread-1] c.l.algorithm.SimulatedAnnealing         : SA-Opt reheat #1 | T=300.00 | costo: 148.00
2026-06-02T04:16:09.087-05:00  INFO 8500 --- [loadroute-backend] [pool-2-thread-1] c.l.algorithm.SimulatedAnnealing         : SA-Opt reheat #2 | T=90.00 | costo: 148.00
2026-06-02T04:16:09.089-05:00  INFO 8500 --- [loadroute-backend] [pool-2-thread-1] c.l.algorithm.SimulatedAnnealing         : SA-Opt reheat #3 | T=27.00 | costo: 148.00
2026-06-02T04:16:09.090-05:00  INFO 8500 --- [loadroute-backend] [pool-2-thread-1] c.l.algorithm.SimulatedAnnealing         : SA-Opt reheat #4 | T=8.10 | costo: 148.00
2026-06-02T04:16:09.091-05:00  INFO 8500 --- [loadroute-backend] [pool-2-thread-1] c.l.algorithm.SimulatedAnnealing         : SA-Opt reheat #5 | T=2.43 | costo: 148.00
2026-06-02T04:16:09.091-05:00  INFO 8500 --- [loadroute-backend] [pool-2-thread-1] c.l.algorithm.SimulatedAnnealing         : SA-Opt fin | iter: 4669 | reheats: 5 | mejoras: 589 | peores: 690 | cache: 2312 hits | costo: 148.00 -> 148.00 (0.0%) | tiempo: 0.0s
2026-06-02T04:16:09.093-05:00  INFO 8500 --- [loadroute-backend] [pool-2-thread-1] c.l.algorithm.SimulatedAnnealing         : SA-Opt inicio | T0=1000.0 | costo greedy: 74.00 | envios: 6/6
2026-06-02T04:16:09.096-05:00  INFO 8500 --- [loadroute-backend] [pool-2-thread-1] c.l.algorithm.SimulatedAnnealing         : SA-Opt reheat #1 | T=300.00 | costo: 74.00
2026-06-02T04:16:09.098-05:00  INFO 8500 --- [loadroute-backend] [pool-2-thread-1] c.l.algorithm.SimulatedAnnealing         : SA-Opt reheat #2 | T=90.00 | costo: 74.00
2026-06-02T04:16:09.099-05:00  INFO 8500 --- [loadroute-backend] [pool-2-thread-1] c.l.algorithm.SimulatedAnnealing         : SA-Opt reheat #3 | T=27.00 | costo: 74.00
2026-06-02T04:16:09.100-05:00  INFO 8500 --- [loadroute-backend] [pool-2-thread-1] c.l.algorithm.SimulatedAnnealing         : SA-Opt reheat #4 | T=8.10 | costo: 74.00
2026-06-02T04:16:09.101-05:00  INFO 8500 --- [loadroute-backend] [pool-2-thread-1] c.l.algorithm.SimulatedAnnealing         : SA-Opt reheat #5 | T=2.43 | costo: 74.00
2026-06-02T04:16:09.101-05:00  INFO 8500 --- [loadroute-backend] [pool-2-thread-1] c.l.algorithm.SimulatedAnnealing         : SA-Opt fin | iter: 4669 | reheats: 5 | mejoras: 523 | peores: 608 | cache: 2274 hits | costo: 74.00 -> 74.00 (0.0%) | tiempo: 0.0s
2026-06-02T04:16:09.103-05:00  INFO 8500 --- [loadroute-backend] [pool-2-thread-1] c.l.algorithm.SimulatedAnnealing         : SA-Opt inicio | T0=1000.0 | costo greedy: 104.00 | envios: 7/7
2026-06-02T04:16:09.106-05:00  INFO 8500 --- [loadroute-backend] [pool-2-thread-1] c.l.algorithm.SimulatedAnnealing         : SA-Opt reheat #1 | T=300.00 | costo: 104.00
2026-06-02T04:16:09.107-05:00  INFO 8500 --- [loadroute-backend] [pool-2-thread-1] c.l.algorithm.SimulatedAnnealing         : SA-Opt reheat #2 | T=90.00 | costo: 104.00
2026-06-02T04:16:09.109-05:00  INFO 8500 --- [loadroute-backend] [pool-2-thread-1] c.l.algorithm.SimulatedAnnealing         : SA-Opt reheat #3 | T=27.00 | costo: 104.00
2026-06-02T04:16:09.110-05:00  INFO 8500 --- [loadroute-backend] [pool-2-thread-1] c.l.algorithm.SimulatedAnnealing         : SA-Opt reheat #4 | T=8.10 | costo: 104.00
2026-06-02T04:16:09.111-05:00  INFO 8500 --- [loadroute-backend] [pool-2-thread-1] c.l.algorithm.SimulatedAnnealing         : SA-Opt reheat #5 | T=2.43 | costo: 104.00
2026-06-02T04:16:09.111-05:00  INFO 8500 --- [loadroute-backend] [pool-2-thread-1] c.l.algorithm.SimulatedAnnealing         : SA-Opt fin | iter: 4669 | reheats: 5 | mejoras: 516 | peores: 575 | cache: 2328 hits | costo: 104.00 -> 104.00 (0.0%) | tiempo: 0.0s
2026-06-02T04:16:09.112-05:00  INFO 8500 --- [loadroute-backend] [pool-2-thread-1] c.l.algorithm.SimulatedAnnealing         : SA-Opt inicio | T0=1000.0 | costo greedy: 70.00 | envios: 6/6
2026-06-02T04:16:09.115-05:00  INFO 8500 --- [loadroute-backend] [pool-2-thread-1] c.l.algorithm.SimulatedAnnealing         : SA-Opt reheat #1 | T=300.00 | costo: 70.00
2026-06-02T04:16:09.117-05:00  INFO 8500 --- [loadroute-backend] [pool-2-thread-1] c.l.algorithm.SimulatedAnnealing         : SA-Opt reheat #2 | T=90.00 | costo: 70.00
2026-06-02T04:16:09.118-05:00  INFO 8500 --- [loadroute-backend] [pool-2-thread-1] c.l.algorithm.SimulatedAnnealing         : SA-Opt reheat #3 | T=27.00 | costo: 70.00
2026-06-02T04:16:09.119-05:00  INFO 8500 --- [loadroute-backend] [pool-2-thread-1] c.l.algorithm.SimulatedAnnealing         : SA-Opt reheat #4 | T=8.10 | costo: 70.00
2026-06-02T04:16:09.120-05:00  INFO 8500 --- [loadroute-backend] [pool-2-thread-1] c.l.algorithm.SimulatedAnnealing         : SA-Opt reheat #5 | T=2.43 | costo: 70.00
2026-06-02T04:16:09.120-05:00  INFO 8500 --- [loadroute-backend] [pool-2-thread-1] c.l.algorithm.SimulatedAnnealing         : SA-Opt fin | iter: 4669 | reheats: 5 | mejoras: 488 | peores: 604 | cache: 2357 hits | costo: 70.00 -> 70.00 (0.0%) | tiempo: 0.0s
2026-06-02T04:16:09.123-05:00  INFO 8500 --- [loadroute-backend] [pool-2-thread-1] c.l.algorithm.SimulatedAnnealing         : SA-Opt inicio | T0=1000.0 | costo greedy: 119.00 | envios: 12/12
2026-06-02T04:16:09.129-05:00  INFO 8500 --- [loadroute-backend] [pool-2-thread-1] c.l.algorithm.SimulatedAnnealing         : SA-Opt reheat #1 | T=300.00 | costo: 119.00
2026-06-02T04:16:09.131-05:00  INFO 8500 --- [loadroute-backend] [pool-2-thread-1] c.l.algorithm.SimulatedAnnealing         : SA-Opt reheat #2 | T=90.00 | costo: 119.00
2026-06-02T04:16:09.133-05:00  INFO 8500 --- [loadroute-backend] [pool-2-thread-1] c.l.algorithm.SimulatedAnnealing         : SA-Opt reheat #3 | T=27.00 | costo: 119.00
2026-06-02T04:16:09.134-05:00  INFO 8500 --- [loadroute-backend] [pool-2-thread-1] c.l.algorithm.SimulatedAnnealing         : SA-Opt reheat #4 | T=8.10 | costo: 119.00
2026-06-02T04:16:09.135-05:00  INFO 8500 --- [loadroute-backend] [pool-2-thread-1] c.l.algorithm.SimulatedAnnealing         : SA-Opt reheat #5 | T=2.43 | costo: 119.00
2026-06-02T04:16:09.136-05:00  INFO 8500 --- [loadroute-backend] [pool-2-thread-1] c.l.algorithm.SimulatedAnnealing         : SA-Opt fin | iter: 4669 | reheats: 5 | mejoras: 552 | peores: 699 | cache: 2350 hits | costo: 119.00 -> 119.00 (0.0%) | tiempo: 0.0s
2026-06-02T04:16:09.138-05:00  INFO 8500 --- [loadroute-backend] [pool-2-thread-1] c.l.algorithm.SimulatedAnnealing         : SA-Opt inicio | T0=1000.0 | costo greedy: 109.00 | envios: 8/8
2026-06-02T04:16:09.143-05:00  INFO 8500 --- [loadroute-backend] [pool-2-thread-1] c.l.algorithm.SimulatedAnnealing         : SA-Opt reheat #1 | T=300.00 | costo: 109.00
2026-06-02T04:16:09.144-05:00  INFO 8500 --- [loadroute-backend] [pool-2-thread-1] c.l.algorithm.SimulatedAnnealing         : SA-Opt reheat #2 | T=90.00 | costo: 109.00
2026-06-02T04:16:09.145-05:00  INFO 8500 --- [loadroute-backend] [pool-2-thread-1] c.l.algorithm.SimulatedAnnealing         : SA-Opt reheat #3 | T=27.00 | costo: 109.00
2026-06-02T04:16:09.146-05:00  INFO 8500 --- [loadroute-backend] [pool-2-thread-1] c.l.algorithm.SimulatedAnnealing         : SA-Opt reheat #4 | T=8.10 | costo: 109.00
2026-06-02T04:16:09.147-05:00  INFO 8500 --- [loadroute-backend] [pool-2-thread-1] c.l.algorithm.SimulatedAnnealing         : SA-Opt reheat #5 | T=2.43 | costo: 109.00
2026-06-02T04:16:09.147-05:00  INFO 8500 --- [loadroute-backend] [pool-2-thread-1] c.l.algorithm.SimulatedAnnealing         : SA-Opt fin | iter: 4669 | reheats: 5 | mejoras: 574 | peores: 653 | cache: 2346 hits | costo: 109.00 -> 109.00 (0.0%) | tiempo: 0.0s
2026-06-02T04:16:09.149-05:00  INFO 8500 --- [loadroute-backend] [pool-2-thread-1] c.l.algorithm.SimulatedAnnealing         : SA-Opt inicio | T0=1000.0 | costo greedy: 153.00 | envios: 8/8
2026-06-02T04:16:09.152-05:00  INFO 8500 --- [loadroute-backend] [pool-2-thread-1] c.l.algorithm.SimulatedAnnealing         : SA-Opt reheat #1 | T=300.00 | costo: 153.00
2026-06-02T04:16:09.154-05:00  INFO 8500 --- [loadroute-backend] [pool-2-thread-1] c.l.algorithm.SimulatedAnnealing         : SA-Opt reheat #2 | T=90.00 | costo: 153.00
2026-06-02T04:16:09.155-05:00  INFO 8500 --- [loadroute-backend] [pool-2-thread-1] c.l.algorithm.SimulatedAnnealing         : SA-Opt reheat #3 | T=27.00 | costo: 153.00
2026-06-02T04:16:09.156-05:00  INFO 8500 --- [loadroute-backend] [pool-2-thread-1] c.l.algorithm.SimulatedAnnealing         : SA-Opt reheat #4 | T=8.10 | costo: 153.00
2026-06-02T04:16:09.156-05:00  INFO 8500 --- [loadroute-backend] [pool-2-thread-1] c.l.algorithm.SimulatedAnnealing         : SA-Opt reheat #5 | T=2.43 | costo: 153.00
2026-06-02T04:16:09.157-05:00  INFO 8500 --- [loadroute-backend] [pool-2-thread-1] c.l.algorithm.SimulatedAnnealing         : SA-Opt fin | iter: 4669 | reheats: 5 | mejoras: 568 | peores: 727 | cache: 2297 hits | costo: 153.00 -> 153.00 (0.0%) | tiempo: 0.0s
2026-06-02T04:16:09.158-05:00  INFO 8500 --- [loadroute-backend] [pool-2-thread-1] c.l.algorithm.SimulatedAnnealing         : SA-Opt inicio | T0=1000.0 | costo greedy: 85.00 | envios: 6/6
2026-06-02T04:16:09.161-05:00  INFO 8500 --- [loadroute-backend] [pool-2-thread-1] c.l.algorithm.SimulatedAnnealing         : SA-Opt reheat #1 | T=300.00 | costo: 85.00
2026-06-02T04:16:09.163-05:00  INFO 8500 --- [loadroute-backend] [pool-2-thread-1] c.l.algorithm.SimulatedAnnealing         : SA-Opt reheat #2 | T=90.00 | costo: 85.00
2026-06-02T04:16:09.164-05:00  INFO 8500 --- [loadroute-backend] [pool-2-thread-1] c.l.algorithm.SimulatedAnnealing         : SA-Opt reheat #3 | T=27.00 | costo: 85.00
2026-06-02T04:16:09.165-05:00  INFO 8500 --- [loadroute-backend] [pool-2-thread-1] c.l.algorithm.SimulatedAnnealing         : SA-Opt reheat #4 | T=8.10 | costo: 85.00
2026-06-02T04:16:09.166-05:00  INFO 8500 --- [loadroute-backend] [pool-2-thread-1] c.l.algorithm.SimulatedAnnealing         : SA-Opt reheat #5 | T=2.43 | costo: 85.00
2026-06-02T04:16:09.166-05:00  INFO 8500 --- [loadroute-backend] [pool-2-thread-1] c.l.algorithm.SimulatedAnnealing         : SA-Opt fin | iter: 4669 | reheats: 5 | mejoras: 540 | peores: 637 | cache: 2359 hits | costo: 85.00 -> 85.00 (0.0%) | tiempo: 0.0s
2026-06-02T04:16:09.168-05:00  INFO 8500 --- [loadroute-backend] [pool-2-thread-1] c.l.algorithm.SimulatedAnnealing         : SA-Opt inicio | T0=1000.0 | costo greedy: 107.00 | envios: 9/9
2026-06-02T04:16:09.173-05:00  INFO 8500 --- [loadroute-backend] [pool-2-thread-1] c.l.algorithm.SimulatedAnnealing         : SA-Opt reheat #1 | T=300.00 | costo: 107.00
2026-06-02T04:16:09.174-05:00  INFO 8500 --- [loadroute-backend] [pool-2-thread-1] c.l.algorithm.SimulatedAnnealing         : SA-Opt reheat #2 | T=90.00 | costo: 107.00
2026-06-02T04:16:09.175-05:00  INFO 8500 --- [loadroute-backend] [pool-2-thread-1] c.l.algorithm.SimulatedAnnealing         : SA-Opt reheat #3 | T=27.00 | costo: 107.00
2026-06-02T04:16:09.176-05:00  INFO 8500 --- [loadroute-backend] [pool-2-thread-1] c.l.algorithm.SimulatedAnnealing         : SA-Opt reheat #4 | T=8.10 | costo: 107.00
2026-06-02T04:16:09.177-05:00  INFO 8500 --- [loadroute-backend] [pool-2-thread-1] c.l.algorithm.SimulatedAnnealing         : SA-Opt reheat #5 | T=2.43 | costo: 107.00
2026-06-02T04:16:09.177-05:00  INFO 8500 --- [loadroute-backend] [pool-2-thread-1] c.l.algorithm.SimulatedAnnealing         : SA-Opt fin | iter: 4669 | reheats: 5 | mejoras: 579 | peores: 626 | cache: 2310 hits | costo: 107.00 -> 107.00 (0.0%) | tiempo: 0.0s
2026-06-02T04:16:09.179-05:00  INFO 8500 --- [loadroute-backend] [pool-2-thread-1] c.l.algorithm.SimulatedAnnealing         : SA-Opt inicio | T0=1000.0 | costo greedy: 64.00 | envios: 7/7
2026-06-02T04:16:09.184-05:00  INFO 8500 --- [loadroute-backend] [pool-2-thread-1] c.l.algorithm.SimulatedAnnealing         : SA-Opt reheat #1 | T=300.00 | costo: 64.00
2026-06-02T04:16:09.186-05:00  INFO 8500 --- [loadroute-backend] [pool-2-thread-1] c.l.algorithm.SimulatedAnnealing         : SA-Opt reheat #2 | T=90.00 | costo: 64.00
2026-06-02T04:16:09.187-05:00  INFO 8500 --- [loadroute-backend] [pool-2-thread-1] c.l.algorithm.SimulatedAnnealing         : SA-Opt reheat #3 | T=27.00 | costo: 64.00
2026-06-02T04:16:09.188-05:00  INFO 8500 --- [loadroute-backend] [pool-2-thread-1] c.l.algorithm.SimulatedAnnealing         : SA-Opt reheat #4 | T=8.10 | costo: 64.00
2026-06-02T04:16:09.189-05:00  INFO 8500 --- [loadroute-backend] [pool-2-thread-1] c.l.algorithm.SimulatedAnnealing         : SA-Opt reheat #5 | T=2.43 | costo: 64.00
2026-06-02T04:16:09.189-05:00  INFO 8500 --- [loadroute-backend] [pool-2-thread-1] c.l.algorithm.SimulatedAnnealing         : SA-Opt fin | iter: 4669 | reheats: 5 | mejoras: 525 | peores: 643 | cache: 2295 hits | costo: 64.00 -> 64.00 (0.0%) | tiempo: 0.0s
2026-06-02T04:16:09.191-05:00  INFO 8500 --- [loadroute-backend] [pool-2-thread-1] c.l.algorithm.SimulatedAnnealing         : SA-Opt inicio | T0=1000.0 | costo greedy: 135.00 | envios: 10/10
2026-06-02T04:16:09.195-05:00  INFO 8500 --- [loadroute-backend] [pool-2-thread-1] c.l.algorithm.SimulatedAnnealing         : SA-Opt reheat #1 | T=300.00 | costo: 135.00
2026-06-02T04:16:09.196-05:00  INFO 8500 --- [loadroute-backend] [pool-2-thread-1] c.l.algorithm.SimulatedAnnealing         : SA-Opt reheat #2 | T=90.00 | costo: 135.00
2026-06-02T04:16:09.199-05:00  INFO 8500 --- [loadroute-backend] [pool-2-thread-1] c.l.algorithm.SimulatedAnnealing         : SA-Opt reheat #3 | T=27.00 | costo: 135.00
2026-06-02T04:16:09.199-05:00  INFO 8500 --- [loadroute-backend] [pool-2-thread-1] c.l.algorithm.SimulatedAnnealing         : SA-Opt reheat #4 | T=8.10 | costo: 135.00
2026-06-02T04:16:09.200-05:00  INFO 8500 --- [loadroute-backend] [pool-2-thread-1] c.l.algorithm.SimulatedAnnealing         : SA-Opt reheat #5 | T=2.43 | costo: 135.00
2026-06-02T04:16:09.201-05:00  INFO 8500 --- [loadroute-backend] [pool-2-thread-1] c.l.algorithm.SimulatedAnnealing         : SA-Opt fin | iter: 4669 | reheats: 5 | mejoras: 511 | peores: 632 | cache: 2336 hits | costo: 135.00 -> 135.00 (0.0%) | tiempo: 0.0s
2026-06-02T04:16:09.203-05:00  INFO 8500 --- [loadroute-backend] [pool-2-thread-1] c.l.algorithm.SimulatedAnnealing         : SA-Opt inicio | T0=1000.0 | costo greedy: 114.00 | envios: 8/8
2026-06-02T04:16:09.206-05:00  INFO 8500 --- [loadroute-backend] [pool-2-thread-1] c.l.algorithm.SimulatedAnnealing         : SA-Opt reheat #1 | T=300.00 | costo: 114.00
2026-06-02T04:16:09.208-05:00  INFO 8500 --- [loadroute-backend] [pool-2-thread-1] c.l.algorithm.SimulatedAnnealing         : SA-Opt reheat #2 | T=90.00 | costo: 114.00
2026-06-02T04:16:09.209-05:00  INFO 8500 --- [loadroute-backend] [pool-2-thread-1] c.l.algorithm.SimulatedAnnealing         : SA-Opt reheat #3 | T=27.00 | costo: 114.00
2026-06-02T04:16:09.210-05:00  INFO 8500 --- [loadroute-backend] [pool-2-thread-1] c.l.algorithm.SimulatedAnnealing         : SA-Opt reheat #4 | T=8.10 | costo: 114.00
2026-06-02T04:16:09.211-05:00  INFO 8500 --- [loadroute-backend] [pool-2-thread-1] c.l.algorithm.SimulatedAnnealing         : SA-Opt reheat #5 | T=2.43 | costo: 114.00
2026-06-02T04:16:09.211-05:00  INFO 8500 --- [loadroute-backend] [pool-2-thread-1] c.l.algorithm.SimulatedAnnealing         : SA-Opt fin | iter: 4669 | reheats: 5 | mejoras: 553 | peores: 628 | cache: 2356 hits | costo: 114.00 -> 114.00 (0.0%) | tiempo: 0.0s
2026-06-02T04:16:09.213-05:00  INFO 8500 --- [loadroute-backend] [pool-2-thread-1] c.l.algorithm.SimulatedAnnealing         : SA-Opt inicio | T0=1000.0 | costo greedy: 101.00 | envios: 7/7
2026-06-02T04:16:09.218-05:00  INFO 8500 --- [loadroute-backend] [pool-2-thread-1] c.l.algorithm.SimulatedAnnealing         : SA-Opt reheat #1 | T=300.00 | costo: 101.00
2026-06-02T04:16:09.220-05:00  INFO 8500 --- [loadroute-backend] [pool-2-thread-1] c.l.algorithm.SimulatedAnnealing         : SA-Opt reheat #2 | T=90.00 | costo: 101.00
2026-06-02T04:16:09.221-05:00  INFO 8500 --- [loadroute-backend] [pool-2-thread-1] c.l.algorithm.SimulatedAnnealing         : SA-Opt reheat #3 | T=27.00 | costo: 101.00
2026-06-02T04:16:09.223-05:00  INFO 8500 --- [loadroute-backend] [pool-2-thread-1] c.l.algorithm.SimulatedAnnealing         : SA-Opt reheat #4 | T=8.10 | costo: 101.00
2026-06-02T04:16:09.224-05:00  INFO 8500 --- [loadroute-backend] [pool-2-thread-1] c.l.algorithm.SimulatedAnnealing         : SA-Opt reheat #5 | T=2.43 | costo: 101.00
2026-06-02T04:16:09.224-05:00  INFO 8500 --- [loadroute-backend] [pool-2-thread-1] c.l.algorithm.SimulatedAnnealing         : SA-Opt fin | iter: 4669 | reheats: 5 | mejoras: 500 | peores: 605 | cache: 2341 hits | costo: 101.00 -> 101.00 (0.0%) | tiempo: 0.0s
2026-06-02T04:16:09.227-05:00  INFO 8500 --- [loadroute-backend] [pool-2-thread-1] c.l.algorithm.SimulatedAnnealing         : SA-Opt inicio | T0=1000.0 | costo greedy: 174.00 | envios: 12/12
2026-06-02T04:16:09.237-05:00  INFO 8500 --- [loadroute-backend] [pool-2-thread-1] c.l.algorithm.SimulatedAnnealing         : SA-Opt reheat #1 | T=300.00 | costo: 174.00
2026-06-02T04:16:09.240-05:00  INFO 8500 --- [loadroute-backend] [pool-2-thread-1] c.l.algorithm.SimulatedAnnealing         : SA-Opt reheat #2 | T=90.00 | costo: 174.00
2026-06-02T04:16:09.242-05:00  INFO 8500 --- [loadroute-backend] [pool-2-thread-1] c.l.algorithm.SimulatedAnnealing         : SA-Opt reheat #3 | T=27.00 | costo: 174.00
2026-06-02T04:16:09.243-05:00  INFO 8500 --- [loadroute-backend] [pool-2-thread-1] c.l.algorithm.SimulatedAnnealing         : SA-Opt reheat #4 | T=8.10 | costo: 174.00
2026-06-02T04:16:09.243-05:00  INFO 8500 --- [loadroute-backend] [pool-2-thread-1] c.l.algorithm.SimulatedAnnealing         : SA-Opt reheat #5 | T=2.43 | costo: 174.00
2026-06-02T04:16:09.244-05:00  INFO 8500 --- [loadroute-backend] [pool-2-thread-1] c.l.algorithm.SimulatedAnnealing         : SA-Opt fin | iter: 4669 | reheats: 5 | mejoras: 506 | peores: 601 | cache: 2226 hits | costo: 174.00 -> 174.00 (0.0%) | tiempo: 0.0s
2026-06-02T04:16:09.245-05:00  INFO 8500 --- [loadroute-backend] [pool-2-thread-1] c.l.algorithm.SimulatedAnnealing         : SA-Opt inicio | T0=1000.0 | costo greedy: 154.00 | envios: 9/9
2026-06-02T04:16:09.250-05:00  INFO 8500 --- [loadroute-backend] [pool-2-thread-1] c.l.algorithm.SimulatedAnnealing         : SA-Opt reheat #1 | T=300.00 | costo: 154.00
2026-06-02T04:16:09.252-05:00  INFO 8500 --- [loadroute-backend] [pool-2-thread-1] c.l.algorithm.SimulatedAnnealing         : SA-Opt reheat #2 | T=90.00 | costo: 154.00
2026-06-02T04:16:09.253-05:00  INFO 8500 --- [loadroute-backend] [pool-2-thread-1] c.l.algorithm.SimulatedAnnealing         : SA-Opt reheat #3 | T=27.00 | costo: 154.00
2026-06-02T04:16:09.254-05:00  INFO 8500 --- [loadroute-backend] [pool-2-thread-1] c.l.algorithm.SimulatedAnnealing         : SA-Opt reheat #4 | T=8.10 | costo: 154.00
2026-06-02T04:16:09.255-05:00  INFO 8500 --- [loadroute-backend] [pool-2-thread-1] c.l.algorithm.SimulatedAnnealing         : SA-Opt reheat #5 | T=2.43 | costo: 154.00
2026-06-02T04:16:09.255-05:00  INFO 8500 --- [loadroute-backend] [pool-2-thread-1] c.l.algorithm.SimulatedAnnealing         : SA-Opt fin | iter: 4669 | reheats: 5 | mejoras: 562 | peores: 688 | cache: 2349 hits | costo: 154.00 -> 154.00 (0.0%) | tiempo: 0.0s
2026-06-02T04:16:09.258-05:00  INFO 8500 --- [loadroute-backend] [pool-2-thread-1] c.l.algorithm.SimulatedAnnealing         : SA-Opt inicio | T0=1000.0 | costo greedy: 120.00 | envios: 9/9
2026-06-02T04:16:09.262-05:00  INFO 8500 --- [loadroute-backend] [pool-2-thread-1] c.l.algorithm.SimulatedAnnealing         : SA-Opt reheat #1 | T=300.00 | costo: 120.00
2026-06-02T04:16:09.264-05:00  INFO 8500 --- [loadroute-backend] [pool-2-thread-1] c.l.algorithm.SimulatedAnnealing         : SA-Opt reheat #2 | T=90.00 | costo: 120.00
2026-06-02T04:16:09.265-05:00  INFO 8500 --- [loadroute-backend] [pool-2-thread-1] c.l.algorithm.SimulatedAnnealing         : SA-Opt reheat #3 | T=27.00 | costo: 120.00
2026-06-02T04:16:09.265-05:00  INFO 8500 --- [loadroute-backend] [pool-2-thread-1] c.l.algorithm.SimulatedAnnealing         : SA-Opt reheat #4 | T=8.10 | costo: 120.00
2026-06-02T04:16:09.267-05:00  INFO 8500 --- [loadroute-backend] [pool-2-thread-1] c.l.algorithm.SimulatedAnnealing         : SA-Opt reheat #5 | T=2.43 | costo: 120.00
2026-06-02T04:16:09.268-05:00  INFO 8500 --- [loadroute-backend] [pool-2-thread-1] c.l.algorithm.SimulatedAnnealing         : SA-Opt fin | iter: 4669 | reheats: 5 | mejoras: 555 | peores: 631 | cache: 2317 hits | costo: 120.00 -> 120.00 (0.0%) | tiempo: 0.0s
2026-06-02T04:16:09.270-05:00  INFO 8500 --- [loadroute-backend] [pool-2-thread-1] c.l.algorithm.SimulatedAnnealing         : SA-Opt inicio | T0=1000.0 | costo greedy: 101.00 | envios: 7/7
2026-06-02T04:16:09.273-05:00  INFO 8500 --- [loadroute-backend] [pool-2-thread-1] c.l.algorithm.SimulatedAnnealing         : SA-Opt reheat #1 | T=300.00 | costo: 101.00
2026-06-02T04:16:09.275-05:00  INFO 8500 --- [loadroute-backend] [pool-2-thread-1] c.l.algorithm.SimulatedAnnealing         : SA-Opt reheat #2 | T=90.00 | costo: 101.00
2026-06-02T04:16:09.276-05:00  INFO 8500 --- [loadroute-backend] [pool-2-thread-1] c.l.algorithm.SimulatedAnnealing         : SA-Opt reheat #3 | T=27.00 | costo: 101.00
2026-06-02T04:16:09.277-05:00  INFO 8500 --- [loadroute-backend] [pool-2-thread-1] c.l.algorithm.SimulatedAnnealing         : SA-Opt reheat #4 | T=8.10 | costo: 101.00
2026-06-02T04:16:09.278-05:00  INFO 8500 --- [loadroute-backend] [pool-2-thread-1] c.l.algorithm.SimulatedAnnealing         : SA-Opt reheat #5 | T=2.43 | costo: 101.00
2026-06-02T04:16:09.278-05:00  INFO 8500 --- [loadroute-backend] [pool-2-thread-1] c.l.algorithm.SimulatedAnnealing         : SA-Opt fin | iter: 4669 | reheats: 5 | mejoras: 551 | peores: 687 | cache: 2350 hits | costo: 101.00 -> 101.00 (0.0%) | tiempo: 0.0s
2026-06-02T04:16:09.280-05:00  INFO 8500 --- [loadroute-backend] [pool-2-thread-1] c.l.algorithm.SimulatedAnnealing         : SA-Opt inicio | T0=1000.0 | costo greedy: 81.00 | envios: 8/8
2026-06-02T04:16:09.284-05:00  INFO 8500 --- [loadroute-backend] [pool-2-thread-1] c.l.algorithm.SimulatedAnnealing         : SA-Opt reheat #1 | T=300.00 | costo: 81.00
2026-06-02T04:16:09.285-05:00  INFO 8500 --- [loadroute-backend] [pool-2-thread-1] c.l.algorithm.SimulatedAnnealing         : SA-Opt reheat #2 | T=90.00 | costo: 81.00
2026-06-02T04:16:09.286-05:00  INFO 8500 --- [loadroute-backend] [pool-2-thread-1] c.l.algorithm.SimulatedAnnealing         : SA-Opt reheat #3 | T=27.00 | costo: 81.00
2026-06-02T04:16:09.287-05:00  INFO 8500 --- [loadroute-backend] [pool-2-thread-1] c.l.algorithm.SimulatedAnnealing         : SA-Opt reheat #4 | T=8.10 | costo: 81.00
2026-06-02T04:16:09.288-05:00  INFO 8500 --- [loadroute-backend] [pool-2-thread-1] c.l.algorithm.SimulatedAnnealing         : SA-Opt reheat #5 | T=2.43 | costo: 81.00
2026-06-02T04:16:09.288-05:00  INFO 8500 --- [loadroute-backend] [pool-2-thread-1] c.l.algorithm.SimulatedAnnealing         : SA-Opt fin | iter: 4669 | reheats: 5 | mejoras: 512 | peores: 640 | cache: 2328 hits | costo: 81.00 -> 81.00 (0.0%) | tiempo: 0.0s
2026-06-02T04:16:09.290-05:00  INFO 8500 --- [loadroute-backend] [pool-2-thread-1] c.l.algorithm.SimulatedAnnealing         : SA-Opt inicio | T0=1000.0 | costo greedy: 119.00 | envios: 7/7
2026-06-02T04:16:09.293-05:00  INFO 8500 --- [loadroute-backend] [pool-2-thread-1] c.l.algorithm.SimulatedAnnealing         : SA-Opt reheat #1 | T=300.00 | costo: 119.00
2026-06-02T04:16:09.295-05:00  INFO 8500 --- [loadroute-backend] [pool-2-thread-1] c.l.algorithm.SimulatedAnnealing         : SA-Opt reheat #2 | T=90.00 | costo: 119.00
2026-06-02T04:16:09.295-05:00  INFO 8500 --- [loadroute-backend] [pool-2-thread-1] c.l.algorithm.SimulatedAnnealing         : SA-Opt reheat #3 | T=27.00 | costo: 119.00
2026-06-02T04:16:09.295-05:00  INFO 8500 --- [loadroute-backend] [pool-2-thread-1] c.l.algorithm.SimulatedAnnealing         : SA-Opt reheat #4 | T=8.10 | costo: 119.00
2026-06-02T04:16:09.295-05:00  INFO 8500 --- [loadroute-backend] [pool-2-thread-1] c.l.algorithm.SimulatedAnnealing         : SA-Opt reheat #5 | T=2.43 | costo: 119.00
2026-06-02T04:16:09.295-05:00  INFO 8500 --- [loadroute-backend] [pool-2-thread-1] c.l.algorithm.SimulatedAnnealing         : SA-Opt fin | iter: 4669 | reheats: 5 | mejoras: 573 | peores: 672 | cache: 2329 hits | costo: 119.00 -> 119.00 (0.0%) | tiempo: 0.0s
2026-06-02T04:16:09.295-05:00  INFO 8500 --- [loadroute-backend] [pool-2-thread-1] c.l.algorithm.SimulatedAnnealing         : SA-Opt inicio | T0=1000.0 | costo greedy: 96.00 | envios: 7/7
2026-06-02T04:16:09.295-05:00  INFO 8500 --- [loadroute-backend] [pool-2-thread-1] c.l.algorithm.SimulatedAnnealing         : SA-Opt reheat #1 | T=300.00 | costo: 96.00
2026-06-02T04:16:09.303-05:00  INFO 8500 --- [loadroute-backend] [pool-2-thread-1] c.l.algorithm.SimulatedAnnealing         : SA-Opt reheat #2 | T=90.00 | costo: 96.00
2026-06-02T04:16:09.304-05:00  INFO 8500 --- [loadroute-backend] [pool-2-thread-1] c.l.algorithm.SimulatedAnnealing         : SA-Opt reheat #3 | T=27.00 | costo: 96.00
2026-06-02T04:16:09.306-05:00  INFO 8500 --- [loadroute-backend] [pool-2-thread-1] c.l.algorithm.SimulatedAnnealing         : SA-Opt reheat #4 | T=8.10 | costo: 96.00
2026-06-02T04:16:09.306-05:00  INFO 8500 --- [loadroute-backend] [pool-2-thread-1] c.l.algorithm.SimulatedAnnealing         : SA-Opt reheat #5 | T=2.43 | costo: 96.00
2026-06-02T04:16:09.306-05:00  INFO 8500 --- [loadroute-backend] [pool-2-thread-1] c.l.algorithm.SimulatedAnnealing         : SA-Opt fin | iter: 4669 | reheats: 5 | mejoras: 560 | peores: 645 | cache: 2346 hits | costo: 96.00 -> 96.00 (0.0%) | tiempo: 0.0s
2026-06-02T04:16:09.309-05:00  INFO 8500 --- [loadroute-backend] [pool-2-thread-1] c.l.algorithm.SimulatedAnnealing         : SA-Opt inicio | T0=1000.0 | costo greedy: 160.00 | envios: 10/10
2026-06-02T04:16:09.313-05:00  INFO 8500 --- [loadroute-backend] [pool-2-thread-1] c.l.algorithm.SimulatedAnnealing         : SA-Opt reheat #1 | T=300.00 | costo: 160.00
2026-06-02T04:16:09.314-05:00  INFO 8500 --- [loadroute-backend] [pool-2-thread-1] c.l.algorithm.SimulatedAnnealing         : SA-Opt reheat #2 | T=90.00 | costo: 160.00
2026-06-02T04:16:09.314-05:00  INFO 8500 --- [loadroute-backend] [pool-2-thread-1] c.l.algorithm.SimulatedAnnealing         : SA-Opt reheat #3 | T=27.00 | costo: 160.00
2026-06-02T04:16:09.314-05:00  INFO 8500 --- [loadroute-backend] [pool-2-thread-1] c.l.algorithm.SimulatedAnnealing         : SA-Opt reheat #4 | T=8.10 | costo: 160.00
2026-06-02T04:16:09.314-05:00  INFO 8500 --- [loadroute-backend] [pool-2-thread-1] c.l.algorithm.SimulatedAnnealing         : SA-Opt reheat #5 | T=2.43 | costo: 160.00
2026-06-02T04:16:09.314-05:00  INFO 8500 --- [loadroute-backend] [pool-2-thread-1] c.l.algorithm.SimulatedAnnealing         : SA-Opt fin | iter: 4669 | reheats: 5 | mejoras: 575 | peores: 734 | cache: 2316 hits | costo: 160.00 -> 160.00 (0.0%) | tiempo: 0.0s
2026-06-02T04:16:09.321-05:00  INFO 8500 --- [loadroute-backend] [pool-2-thread-1] c.l.algorithm.SimulatedAnnealing         : SA-Opt inicio | T0=1000.0 | costo greedy: 47.00 | envios: 6/6
2026-06-02T04:16:09.324-05:00  INFO 8500 --- [loadroute-backend] [pool-2-thread-1] c.l.algorithm.SimulatedAnnealing         : SA-Opt reheat #1 | T=300.00 | costo: 47.00
2026-06-02T04:16:09.326-05:00  INFO 8500 --- [loadroute-backend] [pool-2-thread-1] c.l.algorithm.SimulatedAnnealing         : SA-Opt reheat #2 | T=90.00 | costo: 47.00
2026-06-02T04:16:09.328-05:00  INFO 8500 --- [loadroute-backend] [pool-2-thread-1] c.l.algorithm.SimulatedAnnealing         : SA-Opt reheat #3 | T=27.00 | costo: 47.00
2026-06-02T04:16:09.328-05:00  INFO 8500 --- [loadroute-backend] [pool-2-thread-1] c.l.algorithm.SimulatedAnnealing         : SA-Opt reheat #4 | T=8.10 | costo: 47.00
2026-06-02T04:16:09.328-05:00  INFO 8500 --- [loadroute-backend] [pool-2-thread-1] c.l.algorithm.SimulatedAnnealing         : SA-Opt reheat #5 | T=2.43 | costo: 47.00
2026-06-02T04:16:09.328-05:00  INFO 8500 --- [loadroute-backend] [pool-2-thread-1] c.l.algorithm.SimulatedAnnealing         : SA-Opt fin | iter: 4669 | reheats: 5 | mejoras: 508 | peores: 611 | cache: 2354 hits | costo: 47.00 -> 47.00 (0.0%) | tiempo: 0.0s
2026-06-02T04:16:09.334-05:00  INFO 8500 --- [loadroute-backend] [pool-2-thread-1] c.l.algorithm.SimulatedAnnealing         : SA-Opt inicio | T0=1000.0 | costo greedy: 138.00 | envios: 10/10
2026-06-02T04:16:09.338-05:00  INFO 8500 --- [loadroute-backend] [pool-2-thread-1] c.l.algorithm.SimulatedAnnealing         : SA-Opt reheat #1 | T=300.00 | costo: 138.00
2026-06-02T04:16:09.338-05:00  INFO 8500 --- [loadroute-backend] [pool-2-thread-1] c.l.algorithm.SimulatedAnnealing         : SA-Opt reheat #2 | T=90.00 | costo: 138.00
2026-06-02T04:16:09.340-05:00  INFO 8500 --- [loadroute-backend] [pool-2-thread-1] c.l.algorithm.SimulatedAnnealing         : SA-Opt reheat #3 | T=27.00 | costo: 138.00
2026-06-02T04:16:09.340-05:00  INFO 8500 --- [loadroute-backend] [pool-2-thread-1] c.l.algorithm.SimulatedAnnealing         : SA-Opt reheat #4 | T=8.10 | costo: 138.00
2026-06-02T04:16:09.343-05:00  INFO 8500 --- [loadroute-backend] [pool-2-thread-1] c.l.algorithm.SimulatedAnnealing         : SA-Opt reheat #5 | T=2.43 | costo: 138.00
2026-06-02T04:16:09.344-05:00  INFO 8500 --- [loadroute-backend] [pool-2-thread-1] c.l.algorithm.SimulatedAnnealing         : SA-Opt fin | iter: 4669 | reheats: 5 | mejoras: 553 | peores: 603 | cache: 2297 hits | costo: 138.00 -> 138.00 (0.0%) | tiempo: 0.0s
2026-06-02T04:16:09.344-05:00  INFO 8500 --- [loadroute-backend] [pool-2-thread-1] c.l.algorithm.SimulatedAnnealing         : SA-Opt inicio | T0=1000.0 | costo greedy: 65.00 | envios: 5/5
2026-06-02T04:16:09.344-05:00  INFO 8500 --- [loadroute-backend] [pool-2-thread-1] c.l.algorithm.SimulatedAnnealing         : SA-Opt reheat #1 | T=300.00 | costo: 65.00
2026-06-02T04:16:09.344-05:00  INFO 8500 --- [loadroute-backend] [pool-2-thread-1] c.l.algorithm.SimulatedAnnealing         : SA-Opt reheat #2 | T=90.00 | costo: 65.00
2026-06-02T04:16:09.344-05:00  INFO 8500 --- [loadroute-backend] [pool-2-thread-1] c.l.algorithm.SimulatedAnnealing         : SA-Opt reheat #3 | T=27.00 | costo: 65.00
2026-06-02T04:16:09.344-05:00  INFO 8500 --- [loadroute-backend] [pool-2-thread-1] c.l.algorithm.SimulatedAnnealing         : SA-Opt reheat #4 | T=8.10 | costo: 65.00
2026-06-02T04:16:09.352-05:00  INFO 8500 --- [loadroute-backend] [pool-2-thread-1] c.l.algorithm.SimulatedAnnealing         : SA-Opt reheat #5 | T=2.43 | costo: 65.00
2026-06-02T04:16:09.352-05:00  INFO 8500 --- [loadroute-backend] [pool-2-thread-1] c.l.algorithm.SimulatedAnnealing         : SA-Opt fin | iter: 4669 | reheats: 5 | mejoras: 555 | peores: 641 | cache: 2376 hits | costo: 65.00 -> 65.00 (0.0%) | tiempo: 0.0s
2026-06-02T04:16:09.353-05:00  INFO 8500 --- [loadroute-backend] [pool-2-thread-1] c.l.algorithm.SimulatedAnnealing         : SA-Opt inicio | T0=1000.0 | costo greedy: 82.00 | envios: 6/6
2026-06-02T04:16:09.356-05:00  INFO 8500 --- [loadroute-backend] [pool-2-thread-1] c.l.algorithm.SimulatedAnnealing         : SA-Opt reheat #1 | T=300.00 | costo: 82.00
2026-06-02T04:16:09.356-05:00  INFO 8500 --- [loadroute-backend] [pool-2-thread-1] c.l.algorithm.SimulatedAnnealing         : SA-Opt reheat #2 | T=90.00 | costo: 82.00
2026-06-02T04:16:09.356-05:00  INFO 8500 --- [loadroute-backend] [pool-2-thread-1] c.l.algorithm.SimulatedAnnealing         : SA-Opt reheat #3 | T=27.00 | costo: 82.00
2026-06-02T04:16:09.356-05:00  INFO 8500 --- [loadroute-backend] [pool-2-thread-1] c.l.algorithm.SimulatedAnnealing         : SA-Opt reheat #4 | T=8.10 | costo: 82.00
2026-06-02T04:16:09.356-05:00  INFO 8500 --- [loadroute-backend] [pool-2-thread-1] c.l.algorithm.SimulatedAnnealing         : SA-Opt reheat #5 | T=2.43 | costo: 82.00
2026-06-02T04:16:09.356-05:00  INFO 8500 --- [loadroute-backend] [pool-2-thread-1] c.l.algorithm.SimulatedAnnealing         : SA-Opt fin | iter: 4669 | reheats: 5 | mejoras: 555 | peores: 649 | cache: 2347 hits | costo: 82.00 -> 82.00 (0.0%) | tiempo: 0.0s
2026-06-02T04:16:09.364-05:00  INFO 8500 --- [loadroute-backend] [pool-2-thread-1] c.l.algorithm.SimulatedAnnealing         : SA-Opt inicio | T0=1000.0 | costo greedy: 126.00 | envios: 9/9
2026-06-02T04:16:09.368-05:00  INFO 8500 --- [loadroute-backend] [pool-2-thread-1] c.l.algorithm.SimulatedAnnealing         : SA-Opt reheat #1 | T=300.00 | costo: 126.00
2026-06-02T04:16:09.369-05:00  INFO 8500 --- [loadroute-backend] [pool-2-thread-1] c.l.algorithm.SimulatedAnnealing         : SA-Opt reheat #2 | T=90.00 | costo: 126.00
2026-06-02T04:16:09.369-05:00  INFO 8500 --- [loadroute-backend] [pool-2-thread-1] c.l.algorithm.SimulatedAnnealing         : SA-Opt reheat #3 | T=27.00 | costo: 126.00
2026-06-02T04:16:09.369-05:00  INFO 8500 --- [loadroute-backend] [pool-2-thread-1] c.l.algorithm.SimulatedAnnealing         : SA-Opt reheat #4 | T=8.10 | costo: 126.00
2026-06-02T04:16:09.373-05:00  INFO 8500 --- [loadroute-backend] [pool-2-thread-1] c.l.algorithm.SimulatedAnnealing         : SA-Opt reheat #5 | T=2.43 | costo: 126.00
2026-06-02T04:16:09.373-05:00  INFO 8500 --- [loadroute-backend] [pool-2-thread-1] c.l.algorithm.SimulatedAnnealing         : SA-Opt fin | iter: 4669 | reheats: 5 | mejoras: 518 | peores: 662 | cache: 2340 hits | costo: 126.00 -> 126.00 (0.0%) | tiempo: 0.0s
2026-06-02T04:16:09.375-05:00  INFO 8500 --- [loadroute-backend] [pool-2-thread-1] c.l.algorithm.SimulatedAnnealing         : SA-Opt inicio | T0=1000.0 | costo greedy: 150.00 | envios: 9/9
2026-06-02T04:16:09.377-05:00  INFO 8500 --- [loadroute-backend] [pool-2-thread-1] c.l.algorithm.SimulatedAnnealing         : SA-Opt reheat #1 | T=300.00 | costo: 150.00
2026-06-02T04:16:09.379-05:00  INFO 8500 --- [loadroute-backend] [pool-2-thread-1] c.l.algorithm.SimulatedAnnealing         : SA-Opt reheat #2 | T=90.00 | costo: 150.00
2026-06-02T04:16:09.382-05:00  INFO 8500 --- [loadroute-backend] [pool-2-thread-1] c.l.algorithm.SimulatedAnnealing         : SA-Opt reheat #3 | T=27.00 | costo: 150.00
2026-06-02T04:16:09.383-05:00  INFO 8500 --- [loadroute-backend] [pool-2-thread-1] c.l.algorithm.SimulatedAnnealing         : SA-Opt reheat #4 | T=8.10 | costo: 150.00
2026-06-02T04:16:09.384-05:00  INFO 8500 --- [loadroute-backend] [pool-2-thread-1] c.l.algorithm.SimulatedAnnealing         : SA-Opt reheat #5 | T=2.43 | costo: 150.00
2026-06-02T04:16:09.384-05:00  INFO 8500 --- [loadroute-backend] [pool-2-thread-1] c.l.algorithm.SimulatedAnnealing         : SA-Opt fin | iter: 4669 | reheats: 5 | mejoras: 567 | peores: 654 | cache: 2354 hits | costo: 150.00 -> 150.00 (0.0%) | tiempo: 0.0s
2026-06-02T04:16:09.385-05:00  INFO 8500 --- [loadroute-backend] [pool-2-thread-1] c.l.algorithm.SimulatedAnnealing         : SA-Opt inicio | T0=1000.0 | costo greedy: 90.00 | envios: 7/7
2026-06-02T04:16:09.389-05:00  INFO 8500 --- [loadroute-backend] [pool-2-thread-1] c.l.algorithm.SimulatedAnnealing         : SA-Opt reheat #1 | T=300.00 | costo: 90.00
2026-06-02T04:16:09.390-05:00  INFO 8500 --- [loadroute-backend] [pool-2-thread-1] c.l.algorithm.SimulatedAnnealing         : SA-Opt reheat #2 | T=90.00 | costo: 90.00
2026-06-02T04:16:09.392-05:00  INFO 8500 --- [loadroute-backend] [pool-2-thread-1] c.l.algorithm.SimulatedAnnealing         : SA-Opt reheat #3 | T=27.00 | costo: 90.00
2026-06-02T04:16:09.393-05:00  INFO 8500 --- [loadroute-backend] [pool-2-thread-1] c.l.algorithm.SimulatedAnnealing         : SA-Opt reheat #4 | T=8.10 | costo: 90.00
2026-06-02T04:16:09.394-05:00  INFO 8500 --- [loadroute-backend] [pool-2-thread-1] c.l.algorithm.SimulatedAnnealing         : SA-Opt reheat #5 | T=2.43 | costo: 90.00
2026-06-02T04:16:09.394-05:00  INFO 8500 --- [loadroute-backend] [pool-2-thread-1] c.l.algorithm.SimulatedAnnealing         : SA-Opt fin | iter: 4669 | reheats: 5 | mejoras: 542 | peores: 599 | cache: 2314 hits | costo: 90.00 -> 90.00 (0.0%) | tiempo: 0.0s
2026-06-02T04:16:09.398-05:00  INFO 8500 --- [loadroute-backend] [pool-2-thread-1] c.l.algorithm.SimulatedAnnealing         : SA-Opt inicio | T0=1000.0 | costo greedy: 112.00 | envios: 11/11
2026-06-02T04:16:09.404-05:00  INFO 8500 --- [loadroute-backend] [pool-2-thread-1] c.l.algorithm.SimulatedAnnealing         : SA-Opt reheat #1 | T=300.00 | costo: 112.00
2026-06-02T04:16:09.406-05:00  INFO 8500 --- [loadroute-backend] [pool-2-thread-1] c.l.algorithm.SimulatedAnnealing         : SA-Opt reheat #2 | T=90.00 | costo: 112.00
2026-06-02T04:16:09.407-05:00  INFO 8500 --- [loadroute-backend] [pool-2-thread-1] c.l.algorithm.SimulatedAnnealing         : SA-Opt reheat #3 | T=27.00 | costo: 112.00
2026-06-02T04:16:09.408-05:00  INFO 8500 --- [loadroute-backend] [pool-2-thread-1] c.l.algorithm.SimulatedAnnealing         : SA-Opt reheat #4 | T=8.10 | costo: 112.00
2026-06-02T04:16:09.411-05:00  INFO 8500 --- [loadroute-backend] [pool-2-thread-1] c.l.algorithm.SimulatedAnnealing         : SA-Opt reheat #5 | T=2.43 | costo: 112.00
2026-06-02T04:16:09.412-05:00  INFO 8500 --- [loadroute-backend] [pool-2-thread-1] c.l.algorithm.SimulatedAnnealing         : SA-Opt fin | iter: 4669 | reheats: 5 | mejoras: 588 | peores: 693 | cache: 2349 hits | costo: 112.00 -> 112.00 (0.0%) | tiempo: 0.0s
2026-06-02T04:16:09.413-05:00  INFO 8500 --- [loadroute-backend] [pool-2-thread-1] c.l.algorithm.SimulatedAnnealing         : SA-Opt inicio | T0=1000.0 | costo greedy: 35.00 | envios: 3/3
2026-06-02T04:16:09.415-05:00  INFO 8500 --- [loadroute-backend] [pool-2-thread-1] c.l.algorithm.SimulatedAnnealing         : SA-Opt reheat #1 | T=300.00 | costo: 35.00
2026-06-02T04:16:09.416-05:00  INFO 8500 --- [loadroute-backend] [pool-2-thread-1] c.l.algorithm.SimulatedAnnealing         : SA-Opt reheat #2 | T=90.00 | costo: 35.00
2026-06-02T04:16:09.416-05:00  INFO 8500 --- [loadroute-backend] [pool-2-thread-1] c.l.algorithm.SimulatedAnnealing         : SA-Opt reheat #3 | T=27.00 | costo: 35.00
2026-06-02T04:16:09.416-05:00  INFO 8500 --- [loadroute-backend] [pool-2-thread-1] c.l.algorithm.SimulatedAnnealing         : SA-Opt reheat #4 | T=8.10 | costo: 35.00
2026-06-02T04:16:09.416-05:00  INFO 8500 --- [loadroute-backend] [pool-2-thread-1] c.l.algorithm.SimulatedAnnealing         : SA-Opt reheat #5 | T=2.43 | costo: 35.00
2026-06-02T04:16:09.416-05:00  INFO 8500 --- [loadroute-backend] [pool-2-thread-1] c.l.algorithm.SimulatedAnnealing         : SA-Opt fin | iter: 4669 | reheats: 5 | mejoras: 567 | peores: 722 | cache: 2324 hits | costo: 35.00 -> 35.00 (0.0%) | tiempo: 0.0s
2026-06-02T04:16:09.423-05:00  INFO 8500 --- [loadroute-backend] [pool-2-thread-1] c.l.algorithm.SimulatedAnnealing         : SA-Opt inicio | T0=1000.0 | costo greedy: 148.00 | envios: 11/11
2026-06-02T04:16:09.428-05:00  INFO 8500 --- [loadroute-backend] [pool-2-thread-1] c.l.algorithm.SimulatedAnnealing         : SA-Opt reheat #1 | T=300.00 | costo: 148.00
2026-06-02T04:16:09.430-05:00  INFO 8500 --- [loadroute-backend] [pool-2-thread-1] c.l.algorithm.SimulatedAnnealing         : SA-Opt reheat #2 | T=90.00 | costo: 148.00
2026-06-02T04:16:09.431-05:00  INFO 8500 --- [loadroute-backend] [pool-2-thread-1] c.l.algorithm.SimulatedAnnealing         : SA-Opt reheat #3 | T=27.00 | costo: 148.00
2026-06-02T04:16:09.433-05:00  INFO 8500 --- [loadroute-backend] [pool-2-thread-1] c.l.algorithm.SimulatedAnnealing         : SA-Opt reheat #4 | T=8.10 | costo: 148.00
2026-06-02T04:16:09.433-05:00  INFO 8500 --- [loadroute-backend] [pool-2-thread-1] c.l.algorithm.SimulatedAnnealing         : SA-Opt reheat #5 | T=2.43 | costo: 148.00
2026-06-02T04:16:09.434-05:00  INFO 8500 --- [loadroute-backend] [pool-2-thread-1] c.l.algorithm.SimulatedAnnealing         : SA-Opt fin | iter: 4669 | reheats: 5 | mejoras: 569 | peores: 673 | cache: 2347 hits | costo: 148.00 -> 148.00 (0.0%) | tiempo: 0.0s
2026-06-02T04:16:09.437-05:00  INFO 8500 --- [loadroute-backend] [pool-2-thread-1] c.l.algorithm.SimulatedAnnealing         : SA-Opt inicio | T0=1000.0 | costo greedy: 163.00 | envios: 13/13
2026-06-02T04:16:09.443-05:00  INFO 8500 --- [loadroute-backend] [pool-2-thread-1] c.l.algorithm.SimulatedAnnealing         : SA-Opt reheat #1 | T=300.00 | costo: 163.00
2026-06-02T04:16:09.444-05:00  INFO 8500 --- [loadroute-backend] [pool-2-thread-1] c.l.algorithm.SimulatedAnnealing         : SA-Opt reheat #2 | T=90.00 | costo: 163.00
2026-06-02T04:16:09.446-05:00  INFO 8500 --- [loadroute-backend] [pool-2-thread-1] c.l.algorithm.SimulatedAnnealing         : SA-Opt reheat #3 | T=27.00 | costo: 163.00
2026-06-02T04:16:09.447-05:00  INFO 8500 --- [loadroute-backend] [pool-2-thread-1] c.l.algorithm.SimulatedAnnealing         : SA-Opt reheat #4 | T=8.10 | costo: 163.00
2026-06-02T04:16:09.448-05:00  INFO 8500 --- [loadroute-backend] [pool-2-thread-1] c.l.algorithm.SimulatedAnnealing         : SA-Opt reheat #5 | T=2.43 | costo: 163.00
2026-06-02T04:16:09.448-05:00  INFO 8500 --- [loadroute-backend] [pool-2-thread-1] c.l.algorithm.SimulatedAnnealing         : SA-Opt fin | iter: 4669 | reheats: 5 | mejoras: 562 | peores: 695 | cache: 2269 hits | costo: 163.00 -> 163.00 (0.0%) | tiempo: 0.0s
2026-06-02T04:16:09.449-05:00  INFO 8500 --- [loadroute-backend] [pool-2-thread-1] c.l.algorithm.SimulatedAnnealing         : SA-Opt inicio | T0=1000.0 | costo greedy: 54.00 | envios: 3/3
2026-06-02T04:16:09.451-05:00  INFO 8500 --- [loadroute-backend] [pool-2-thread-1] c.l.algorithm.SimulatedAnnealing         : SA-Opt reheat #1 | T=300.00 | costo: 54.00
2026-06-02T04:16:09.454-05:00  INFO 8500 --- [loadroute-backend] [pool-2-thread-1] c.l.algorithm.SimulatedAnnealing         : SA-Opt reheat #2 | T=90.00 | costo: 54.00
2026-06-02T04:16:09.454-05:00  INFO 8500 --- [loadroute-backend] [pool-2-thread-1] c.l.algorithm.SimulatedAnnealing         : SA-Opt reheat #3 | T=27.00 | costo: 54.00
2026-06-02T04:16:09.455-05:00  INFO 8500 --- [loadroute-backend] [pool-2-thread-1] c.l.algorithm.SimulatedAnnealing         : SA-Opt reheat #4 | T=8.10 | costo: 54.00
2026-06-02T04:16:09.456-05:00  INFO 8500 --- [loadroute-backend] [pool-2-thread-1] c.l.algorithm.SimulatedAnnealing         : SA-Opt reheat #5 | T=2.43 | costo: 54.00
2026-06-02T04:16:09.457-05:00  INFO 8500 --- [loadroute-backend] [pool-2-thread-1] c.l.algorithm.SimulatedAnnealing         : SA-Opt fin | iter: 4669 | reheats: 5 | mejoras: 582 | peores: 726 | cache: 2307 hits | costo: 54.00 -> 54.00 (0.0%) | tiempo: 0.0s
2026-06-02T04:16:09.460-05:00  INFO 8500 --- [loadroute-backend] [pool-2-thread-1] c.l.algorithm.SimulatedAnnealing         : SA-Opt inicio | T0=1000.0 | costo greedy: 96.00 | envios: 10/10
2026-06-02T04:16:09.464-05:00  INFO 8500 --- [loadroute-backend] [pool-2-thread-1] c.l.algorithm.SimulatedAnnealing         : SA-Opt reheat #1 | T=300.00 | costo: 96.00
2026-06-02T04:16:09.466-05:00  INFO 8500 --- [loadroute-backend] [pool-2-thread-1] c.l.algorithm.SimulatedAnnealing         : SA-Opt reheat #2 | T=90.00 | costo: 96.00
2026-06-02T04:16:09.466-05:00  INFO 8500 --- [loadroute-backend] [pool-2-thread-1] c.l.algorithm.SimulatedAnnealing         : SA-Opt reheat #3 | T=27.00 | costo: 96.00
2026-06-02T04:16:09.466-05:00  INFO 8500 --- [loadroute-backend] [pool-2-thread-1] c.l.algorithm.SimulatedAnnealing         : SA-Opt reheat #4 | T=8.10 | costo: 96.00
2026-06-02T04:16:09.466-05:00  INFO 8500 --- [loadroute-backend] [pool-2-thread-1] c.l.algorithm.SimulatedAnnealing         : SA-Opt reheat #5 | T=2.43 | costo: 96.00
2026-06-02T04:16:09.466-05:00  INFO 8500 --- [loadroute-backend] [pool-2-thread-1] c.l.algorithm.SimulatedAnnealing         : SA-Opt fin | iter: 4669 | reheats: 5 | mejoras: 573 | peores: 673 | cache: 2241 hits | costo: 96.00 -> 96.00 (0.0%) | tiempo: 0.0s
2026-06-02T04:16:09.472-05:00  INFO 8500 --- [loadroute-backend] [pool-2-thread-1] c.l.algorithm.SimulatedAnnealing         : SA-Opt inicio | T0=1000.0 | costo greedy: 113.00 | envios: 8/8
2026-06-02T04:16:09.476-05:00  INFO 8500 --- [loadroute-backend] [pool-2-thread-1] c.l.algorithm.SimulatedAnnealing         : SA-Opt reheat #1 | T=300.00 | costo: 113.00
2026-06-02T04:16:09.476-05:00  INFO 8500 --- [loadroute-backend] [pool-2-thread-1] c.l.algorithm.SimulatedAnnealing         : SA-Opt reheat #2 | T=90.00 | costo: 113.00
2026-06-02T04:16:09.476-05:00  INFO 8500 --- [loadroute-backend] [pool-2-thread-1] c.l.algorithm.SimulatedAnnealing         : SA-Opt reheat #3 | T=27.00 | costo: 113.00
2026-06-02T04:16:09.476-05:00  INFO 8500 --- [loadroute-backend] [pool-2-thread-1] c.l.algorithm.SimulatedAnnealing         : SA-Opt reheat #4 | T=8.10 | costo: 113.00
2026-06-02T04:16:09.476-05:00  INFO 8500 --- [loadroute-backend] [pool-2-thread-1] c.l.algorithm.SimulatedAnnealing         : SA-Opt reheat #5 | T=2.43 | costo: 113.00
2026-06-02T04:16:09.476-05:00  INFO 8500 --- [loadroute-backend] [pool-2-thread-1] c.l.algorithm.SimulatedAnnealing         : SA-Opt fin | iter: 4669 | reheats: 5 | mejoras: 588 | peores: 625 | cache: 2368 hits | costo: 113.00 -> 113.00 (0.0%) | tiempo: 0.0s
2026-06-02T04:16:09.483-05:00  INFO 8500 --- [loadroute-backend] [pool-2-thread-1] c.l.algorithm.SimulatedAnnealing         : SA-Opt inicio | T0=1000.0 | costo greedy: 86.00 | envios: 5/5
2026-06-02T04:16:09.484-05:00  INFO 8500 --- [loadroute-backend] [pool-2-thread-1] c.l.algorithm.SimulatedAnnealing         : SA-Opt reheat #1 | T=300.00 | costo: 86.00
2026-06-02T04:16:09.484-05:00  INFO 8500 --- [loadroute-backend] [pool-2-thread-1] c.l.algorithm.SimulatedAnnealing         : SA-Opt reheat #2 | T=90.00 | costo: 86.00
2026-06-02T04:16:09.488-05:00  INFO 8500 --- [loadroute-backend] [pool-2-thread-1] c.l.algorithm.SimulatedAnnealing         : SA-Opt reheat #3 | T=27.00 | costo: 86.00
2026-06-02T04:16:09.488-05:00  INFO 8500 --- [loadroute-backend] [pool-2-thread-1] c.l.algorithm.SimulatedAnnealing         : SA-Opt reheat #4 | T=8.10 | costo: 86.00
2026-06-02T04:16:09.488-05:00  INFO 8500 --- [loadroute-backend] [pool-2-thread-1] c.l.algorithm.SimulatedAnnealing         : SA-Opt reheat #5 | T=2.43 | costo: 86.00
2026-06-02T04:16:09.488-05:00  INFO 8500 --- [loadroute-backend] [pool-2-thread-1] c.l.algorithm.SimulatedAnnealing         : SA-Opt fin | iter: 4669 | reheats: 5 | mejoras: 577 | peores: 679 | cache: 2330 hits | costo: 86.00 -> 86.00 (0.0%) | tiempo: 0.0s
2026-06-02T04:16:09.488-05:00  INFO 8500 --- [loadroute-backend] [pool-2-thread-1] c.l.algorithm.SimulatedAnnealing         : SA-Opt inicio | T0=1000.0 | costo greedy: 157.00 | envios: 12/12
2026-06-02T04:16:09.497-05:00  INFO 8500 --- [loadroute-backend] [pool-2-thread-1] c.l.algorithm.SimulatedAnnealing         : SA-Opt reheat #1 | T=300.00 | costo: 157.00
2026-06-02T04:16:09.497-05:00  INFO 8500 --- [loadroute-backend] [pool-2-thread-1] c.l.algorithm.SimulatedAnnealing         : SA-Opt reheat #2 | T=90.00 | costo: 157.00
2026-06-02T04:16:09.497-05:00  INFO 8500 --- [loadroute-backend] [pool-2-thread-1] c.l.algorithm.SimulatedAnnealing         : SA-Opt reheat #3 | T=27.00 | costo: 157.00
2026-06-02T04:16:09.503-05:00  INFO 8500 --- [loadroute-backend] [pool-2-thread-1] c.l.algorithm.SimulatedAnnealing         : SA-Opt reheat #4 | T=8.10 | costo: 157.00
2026-06-02T04:16:09.504-05:00  INFO 8500 --- [loadroute-backend] [pool-2-thread-1] c.l.algorithm.SimulatedAnnealing         : SA-Opt reheat #5 | T=2.43 | costo: 157.00
2026-06-02T04:16:09.505-05:00  INFO 8500 --- [loadroute-backend] [pool-2-thread-1] c.l.algorithm.SimulatedAnnealing         : SA-Opt fin | iter: 4669 | reheats: 5 | mejoras: 476 | peores: 620 | cache: 2295 hits | costo: 157.00 -> 157.00 (0.0%) | tiempo: 0.0s
2026-06-02T04:16:09.507-05:00  INFO 8500 --- [loadroute-backend] [pool-2-thread-1] c.l.algorithm.SimulatedAnnealing         : SA-Opt inicio | T0=1000.0 | costo greedy: 119.00 | envios: 9/9
2026-06-02T04:16:09.511-05:00  INFO 8500 --- [loadroute-backend] [pool-2-thread-1] c.l.algorithm.SimulatedAnnealing         : SA-Opt reheat #1 | T=300.00 | costo: 119.00
2026-06-02T04:16:09.516-05:00  INFO 8500 --- [loadroute-backend] [pool-2-thread-1] c.l.algorithm.SimulatedAnnealing         : SA-Opt reheat #2 | T=90.00 | costo: 119.00
2026-06-02T04:16:09.518-05:00  INFO 8500 --- [loadroute-backend] [pool-2-thread-1] c.l.algorithm.SimulatedAnnealing         : SA-Opt reheat #3 | T=27.00 | costo: 119.00
2026-06-02T04:16:09.518-05:00  INFO 8500 --- [loadroute-backend] [pool-2-thread-1] c.l.algorithm.SimulatedAnnealing         : SA-Opt reheat #4 | T=8.10 | costo: 119.00
2026-06-02T04:16:09.520-05:00  INFO 8500 --- [loadroute-backend] [pool-2-thread-1] c.l.algorithm.SimulatedAnnealing         : SA-Opt reheat #5 | T=2.43 | costo: 119.00
2026-06-02T04:16:09.520-05:00  INFO 8500 --- [loadroute-backend] [pool-2-thread-1] c.l.algorithm.SimulatedAnnealing         : SA-Opt fin | iter: 4669 | reheats: 5 | mejoras: 551 | peores: 651 | cache: 2358 hits | costo: 119.00 -> 119.00 (0.0%) | tiempo: 0.0s
2026-06-02T04:16:09.523-05:00  INFO 8500 --- [loadroute-backend] [pool-2-thread-1] c.l.algorithm.SimulatedAnnealing         : SA-Opt inicio | T0=1000.0 | costo greedy: 94.00 | envios: 7/7
2026-06-02T04:16:09.526-05:00  INFO 8500 --- [loadroute-backend] [pool-2-thread-1] c.l.algorithm.SimulatedAnnealing         : SA-Opt reheat #1 | T=300.00 | costo: 94.00
2026-06-02T04:16:09.526-05:00  INFO 8500 --- [loadroute-backend] [pool-2-thread-1] c.l.algorithm.SimulatedAnnealing         : SA-Opt reheat #2 | T=90.00 | costo: 94.00
2026-06-02T04:16:09.526-05:00  INFO 8500 --- [loadroute-backend] [pool-2-thread-1] c.l.algorithm.SimulatedAnnealing         : SA-Opt reheat #3 | T=27.00 | costo: 94.00
2026-06-02T04:16:09.526-05:00  INFO 8500 --- [loadroute-backend] [pool-2-thread-1] c.l.algorithm.SimulatedAnnealing         : SA-Opt reheat #4 | T=8.10 | costo: 94.00
2026-06-02T04:16:09.526-05:00  INFO 8500 --- [loadroute-backend] [pool-2-thread-1] c.l.algorithm.SimulatedAnnealing         : SA-Opt reheat #5 | T=2.43 | costo: 94.00
2026-06-02T04:16:09.526-05:00  INFO 8500 --- [loadroute-backend] [pool-2-thread-1] c.l.algorithm.SimulatedAnnealing         : SA-Opt fin | iter: 4669 | reheats: 5 | mejoras: 516 | peores: 597 | cache: 2379 hits | costo: 94.00 -> 94.00 (0.0%) | tiempo: 0.0s
2026-06-02T04:16:09.535-05:00  INFO 8500 --- [loadroute-backend] [pool-2-thread-1] c.l.algorithm.SimulatedAnnealing         : SA-Opt inicio | T0=1000.0 | costo greedy: 135.00 | envios: 11/11
2026-06-02T04:16:09.539-05:00  INFO 8500 --- [loadroute-backend] [pool-2-thread-1] c.l.algorithm.SimulatedAnnealing         : SA-Opt reheat #1 | T=300.00 | costo: 135.00
2026-06-02T04:16:09.539-05:00  INFO 8500 --- [loadroute-backend] [pool-2-thread-1] c.l.algorithm.SimulatedAnnealing         : SA-Opt reheat #2 | T=90.00 | costo: 135.00
2026-06-02T04:16:09.541-05:00  INFO 8500 --- [loadroute-backend] [pool-2-thread-1] c.l.algorithm.SimulatedAnnealing         : SA-Opt reheat #3 | T=27.00 | costo: 135.00
2026-06-02T04:16:09.543-05:00  INFO 8500 --- [loadroute-backend] [pool-2-thread-1] c.l.algorithm.SimulatedAnnealing         : SA-Opt reheat #4 | T=8.10 | costo: 135.00
2026-06-02T04:16:09.544-05:00  INFO 8500 --- [loadroute-backend] [pool-2-thread-1] c.l.algorithm.SimulatedAnnealing         : SA-Opt reheat #5 | T=2.43 | costo: 135.00
2026-06-02T04:16:09.544-05:00  INFO 8500 --- [loadroute-backend] [pool-2-thread-1] c.l.algorithm.SimulatedAnnealing         : SA-Opt fin | iter: 4669 | reheats: 5 | mejoras: 557 | peores: 696 | cache: 2279 hits | costo: 135.00 -> 135.00 (0.0%) | tiempo: 0.0s
2026-06-02T04:16:09.546-05:00  INFO 8500 --- [loadroute-backend] [pool-2-thread-1] c.l.algorithm.SimulatedAnnealing         : SA-Opt inicio | T0=1000.0 | costo greedy: 122.00 | envios: 8/8
2026-06-02T04:16:09.546-05:00  INFO 8500 --- [loadroute-backend] [pool-2-thread-1] c.l.algorithm.SimulatedAnnealing         : SA-Opt reheat #1 | T=300.00 | costo: 122.00
2026-06-02T04:16:09.546-05:00  INFO 8500 --- [loadroute-backend] [pool-2-thread-1] c.l.algorithm.SimulatedAnnealing         : SA-Opt reheat #2 | T=90.00 | costo: 122.00
2026-06-02T04:16:09.551-05:00  INFO 8500 --- [loadroute-backend] [pool-2-thread-1] c.l.algorithm.SimulatedAnnealing         : SA-Opt reheat #3 | T=27.00 | costo: 122.00
2026-06-02T04:16:09.553-05:00  INFO 8500 --- [loadroute-backend] [pool-2-thread-1] c.l.algorithm.SimulatedAnnealing         : SA-Opt reheat #4 | T=8.10 | costo: 122.00
2026-06-02T04:16:09.553-05:00  INFO 8500 --- [loadroute-backend] [pool-2-thread-1] c.l.algorithm.SimulatedAnnealing         : SA-Opt reheat #5 | T=2.43 | costo: 122.00
2026-06-02T04:16:09.554-05:00  INFO 8500 --- [loadroute-backend] [pool-2-thread-1] c.l.algorithm.SimulatedAnnealing         : SA-Opt fin | iter: 4669 | reheats: 5 | mejoras: 588 | peores: 673 | cache: 2452 hits | costo: 122.00 -> 122.00 (0.0%) | tiempo: 0.0s
2026-06-02T04:16:09.556-05:00  INFO 8500 --- [loadroute-backend] [pool-2-thread-1] c.l.algorithm.SimulatedAnnealing         : SA-Opt inicio | T0=1000.0 | costo greedy: 96.00 | envios: 11/11
2026-06-02T04:16:09.561-05:00  INFO 8500 --- [loadroute-backend] [pool-2-thread-1] c.l.algorithm.SimulatedAnnealing         : SA-Opt reheat #1 | T=300.00 | costo: 96.00
2026-06-02T04:16:09.561-05:00  INFO 8500 --- [loadroute-backend] [pool-2-thread-1] c.l.algorithm.SimulatedAnnealing         : SA-Opt reheat #2 | T=90.00 | costo: 96.00
2026-06-02T04:16:09.564-05:00  INFO 8500 --- [loadroute-backend] [pool-2-thread-1] c.l.algorithm.SimulatedAnnealing         : SA-Opt reheat #3 | T=27.00 | costo: 96.00
2026-06-02T04:16:09.565-05:00  INFO 8500 --- [loadroute-backend] [pool-2-thread-1] c.l.algorithm.SimulatedAnnealing         : SA-Opt reheat #4 | T=8.10 | costo: 96.00
2026-06-02T04:16:09.566-05:00  INFO 8500 --- [loadroute-backend] [pool-2-thread-1] c.l.algorithm.SimulatedAnnealing         : SA-Opt reheat #5 | T=2.43 | costo: 96.00
2026-06-02T04:16:09.566-05:00  INFO 8500 --- [loadroute-backend] [pool-2-thread-1] c.l.algorithm.SimulatedAnnealing         : SA-Opt fin | iter: 4669 | reheats: 5 | mejoras: 526 | peores: 637 | cache: 2282 hits | costo: 96.00 -> 96.00 (0.0%) | tiempo: 0.0s
2026-06-02T04:16:09.567-05:00  INFO 8500 --- [loadroute-backend] [pool-2-thread-1] c.l.algorithm.SimulatedAnnealing         : SA-Opt inicio | T0=1000.0 | costo greedy: 93.00 | envios: 7/7
2026-06-02T04:16:09.567-05:00  INFO 8500 --- [loadroute-backend] [pool-2-thread-1] c.l.algorithm.SimulatedAnnealing         : SA-Opt reheat #1 | T=300.00 | costo: 93.00
2026-06-02T04:16:09.573-05:00  INFO 8500 --- [loadroute-backend] [pool-2-thread-1] c.l.algorithm.SimulatedAnnealing         : SA-Opt reheat #2 | T=90.00 | costo: 93.00
2026-06-02T04:16:09.573-05:00  INFO 8500 --- [loadroute-backend] [pool-2-thread-1] c.l.algorithm.SimulatedAnnealing         : SA-Opt reheat #3 | T=27.00 | costo: 93.00
2026-06-02T04:16:09.573-05:00  INFO 8500 --- [loadroute-backend] [pool-2-thread-1] c.l.algorithm.SimulatedAnnealing         : SA-Opt reheat #4 | T=8.10 | costo: 93.00
2026-06-02T04:16:09.573-05:00  INFO 8500 --- [loadroute-backend] [pool-2-thread-1] c.l.algorithm.SimulatedAnnealing         : SA-Opt reheat #5 | T=2.43 | costo: 93.00
2026-06-02T04:16:09.573-05:00  INFO 8500 --- [loadroute-backend] [pool-2-thread-1] c.l.algorithm.SimulatedAnnealing         : SA-Opt fin | iter: 4669 | reheats: 5 | mejoras: 541 | peores: 637 | cache: 2344 hits | costo: 93.00 -> 93.00 (0.0%) | tiempo: 0.0s
2026-06-02T04:16:09.578-05:00  INFO 8500 --- [loadroute-backend] [pool-2-thread-1] c.l.algorithm.SimulatedAnnealing         : SA-Opt inicio | T0=1000.0 | costo greedy: 113.00 | envios: 10/10
2026-06-02T04:16:09.583-05:00  INFO 8500 --- [loadroute-backend] [pool-2-thread-1] c.l.algorithm.SimulatedAnnealing         : SA-Opt reheat #1 | T=300.00 | costo: 113.00
2026-06-02T04:16:09.585-05:00  INFO 8500 --- [loadroute-backend] [pool-2-thread-1] c.l.algorithm.SimulatedAnnealing         : SA-Opt reheat #2 | T=90.00 | costo: 113.00
2026-06-02T04:16:09.585-05:00  INFO 8500 --- [loadroute-backend] [pool-2-thread-1] c.l.algorithm.SimulatedAnnealing         : SA-Opt reheat #3 | T=27.00 | costo: 113.00
2026-06-02T04:16:09.585-05:00  INFO 8500 --- [loadroute-backend] [pool-2-thread-1] c.l.algorithm.SimulatedAnnealing         : SA-Opt reheat #4 | T=8.10 | costo: 113.00
2026-06-02T04:16:09.585-05:00  INFO 8500 --- [loadroute-backend] [pool-2-thread-1] c.l.algorithm.SimulatedAnnealing         : SA-Opt reheat #5 | T=2.43 | costo: 113.00
2026-06-02T04:16:09.585-05:00  INFO 8500 --- [loadroute-backend] [pool-2-thread-1] c.l.algorithm.SimulatedAnnealing         : SA-Opt fin | iter: 4669 | reheats: 5 | mejoras: 563 | peores: 686 | cache: 2337 hits | costo: 113.00 -> 113.00 (0.0%) | tiempo: 0.0s
2026-06-02T04:16:09.590-05:00  INFO 8500 --- [loadroute-backend] [pool-2-thread-1] c.l.algorithm.SimulatedAnnealing         : SA-Opt inicio | T0=1000.0 | costo greedy: 88.00 | envios: 8/8
2026-06-02T04:16:09.595-05:00  INFO 8500 --- [loadroute-backend] [pool-2-thread-1] c.l.algorithm.SimulatedAnnealing         : SA-Opt reheat #1 | T=300.00 | costo: 88.00
2026-06-02T04:16:09.595-05:00  INFO 8500 --- [loadroute-backend] [pool-2-thread-1] c.l.algorithm.SimulatedAnnealing         : SA-Opt reheat #2 | T=90.00 | costo: 88.00
2026-06-02T04:16:09.599-05:00  INFO 8500 --- [loadroute-backend] [pool-2-thread-1] c.l.algorithm.SimulatedAnnealing         : SA-Opt reheat #3 | T=27.00 | costo: 88.00
2026-06-02T04:16:09.599-05:00  INFO 8500 --- [loadroute-backend] [pool-2-thread-1] c.l.algorithm.SimulatedAnnealing         : SA-Opt reheat #4 | T=8.10 | costo: 88.00
2026-06-02T04:16:09.599-05:00  INFO 8500 --- [loadroute-backend] [pool-2-thread-1] c.l.algorithm.SimulatedAnnealing         : SA-Opt reheat #5 | T=2.43 | costo: 88.00
2026-06-02T04:16:09.599-05:00  INFO 8500 --- [loadroute-backend] [pool-2-thread-1] c.l.algorithm.SimulatedAnnealing         : SA-Opt fin | iter: 4669 | reheats: 5 | mejoras: 587 | peores: 681 | cache: 2307 hits | costo: 88.00 -> 88.00 (0.0%) | tiempo: 0.0s
2026-06-02T04:16:09.599-05:00  INFO 8500 --- [loadroute-backend] [pool-2-thread-1] c.l.algorithm.SimulatedAnnealing         : SA-Opt inicio | T0=1000.0 | costo greedy: 84.00 | envios: 6/6
2026-06-02T04:16:09.604-05:00  INFO 8500 --- [loadroute-backend] [pool-2-thread-1] c.l.algorithm.SimulatedAnnealing         : SA-Opt reheat #1 | T=300.00 | costo: 84.00
2026-06-02T04:16:09.604-05:00  INFO 8500 --- [loadroute-backend] [pool-2-thread-1] c.l.algorithm.SimulatedAnnealing         : SA-Opt reheat #2 | T=90.00 | costo: 84.00
2026-06-02T04:16:09.604-05:00  INFO 8500 --- [loadroute-backend] [pool-2-thread-1] c.l.algorithm.SimulatedAnnealing         : SA-Opt reheat #3 | T=27.00 | costo: 84.00
2026-06-02T04:16:09.604-05:00  INFO 8500 --- [loadroute-backend] [pool-2-thread-1] c.l.algorithm.SimulatedAnnealing         : SA-Opt reheat #4 | T=8.10 | costo: 84.00
2026-06-02T04:16:09.604-05:00  INFO 8500 --- [loadroute-backend] [pool-2-thread-1] c.l.algorithm.SimulatedAnnealing         : SA-Opt reheat #5 | T=2.43 | costo: 84.00
2026-06-02T04:16:09.604-05:00  INFO 8500 --- [loadroute-backend] [pool-2-thread-1] c.l.algorithm.SimulatedAnnealing         : SA-Opt fin | iter: 4669 | reheats: 5 | mejoras: 526 | peores: 645 | cache: 2326 hits | costo: 84.00 -> 84.00 (0.0%) | tiempo: 0.0s
2026-06-02T04:16:09.611-05:00  INFO 8500 --- [loadroute-backend] [pool-2-thread-1] c.l.algorithm.SimulatedAnnealing         : SA-Opt inicio | T0=1000.0 | costo greedy: 120.00 | envios: 10/10
2026-06-02T04:16:09.614-05:00  INFO 8500 --- [loadroute-backend] [pool-2-thread-1] c.l.algorithm.SimulatedAnnealing         : SA-Opt reheat #1 | T=300.00 | costo: 120.00
2026-06-02T04:16:09.614-05:00  INFO 8500 --- [loadroute-backend] [pool-2-thread-1] c.l.algorithm.SimulatedAnnealing         : SA-Opt reheat #2 | T=90.00 | costo: 120.00
2026-06-02T04:16:09.614-05:00  INFO 8500 --- [loadroute-backend] [pool-2-thread-1] c.l.algorithm.SimulatedAnnealing         : SA-Opt reheat #3 | T=27.00 | costo: 120.00
2026-06-02T04:16:09.614-05:00  INFO 8500 --- [loadroute-backend] [pool-2-thread-1] c.l.algorithm.SimulatedAnnealing         : SA-Opt reheat #4 | T=8.10 | costo: 120.00
2026-06-02T04:16:09.614-05:00  INFO 8500 --- [loadroute-backend] [pool-2-thread-1] c.l.algorithm.SimulatedAnnealing         : SA-Opt reheat #5 | T=2.43 | costo: 120.00
2026-06-02T04:16:09.614-05:00  INFO 8500 --- [loadroute-backend] [pool-2-thread-1] c.l.algorithm.SimulatedAnnealing         : SA-Opt fin | iter: 4669 | reheats: 5 | mejoras: 509 | peores: 630 | cache: 2300 hits | costo: 120.00 -> 120.00 (0.0%) | tiempo: 0.0s
2026-06-02T04:16:09.614-05:00  INFO 8500 --- [loadroute-backend] [pool-2-thread-1] c.l.algorithm.SimulatedAnnealing         : SA-Opt inicio | T0=1000.0 | costo greedy: 65.00 | envios: 5/5
2026-06-02T04:16:09.624-05:00  INFO 8500 --- [loadroute-backend] [pool-2-thread-1] c.l.algorithm.SimulatedAnnealing         : SA-Opt reheat #1 | T=300.00 | costo: 65.00
2026-06-02T04:16:09.624-05:00  INFO 8500 --- [loadroute-backend] [pool-2-thread-1] c.l.algorithm.SimulatedAnnealing         : SA-Opt reheat #2 | T=90.00 | costo: 65.00
2026-06-02T04:16:09.624-05:00  INFO 8500 --- [loadroute-backend] [pool-2-thread-1] c.l.algorithm.SimulatedAnnealing         : SA-Opt reheat #3 | T=27.00 | costo: 65.00
2026-06-02T04:16:09.624-05:00  INFO 8500 --- [loadroute-backend] [pool-2-thread-1] c.l.algorithm.SimulatedAnnealing         : SA-Opt reheat #4 | T=8.10 | costo: 65.00
2026-06-02T04:16:09.624-05:00  INFO 8500 --- [loadroute-backend] [pool-2-thread-1] c.l.algorithm.SimulatedAnnealing         : SA-Opt reheat #5 | T=2.43 | costo: 65.00
2026-06-02T04:16:09.624-05:00  INFO 8500 --- [loadroute-backend] [pool-2-thread-1] c.l.algorithm.SimulatedAnnealing         : SA-Opt fin | iter: 4669 | reheats: 5 | mejoras: 560 | peores: 669 | cache: 2293 hits | costo: 65.00 -> 65.00 (0.0%) | tiempo: 0.0s
2026-06-02T04:16:09.630-05:00  INFO 8500 --- [loadroute-backend] [pool-2-thread-1] c.l.algorithm.SimulatedAnnealing         : SA-Opt inicio | T0=1000.0 | costo greedy: 124.00 | envios: 10/10
2026-06-02T04:16:09.635-05:00  INFO 8500 --- [loadroute-backend] [pool-2-thread-1] c.l.algorithm.SimulatedAnnealing         : SA-Opt reheat #1 | T=300.00 | costo: 124.00
2026-06-02T04:16:09.635-05:00  INFO 8500 --- [loadroute-backend] [pool-2-thread-1] c.l.algorithm.SimulatedAnnealing         : SA-Opt reheat #2 | T=90.00 | costo: 124.00
2026-06-02T04:16:09.635-05:00  INFO 8500 --- [loadroute-backend] [pool-2-thread-1] c.l.algorithm.SimulatedAnnealing         : SA-Opt reheat #3 | T=27.00 | costo: 124.00
2026-06-02T04:16:09.635-05:00  INFO 8500 --- [loadroute-backend] [pool-2-thread-1] c.l.algorithm.SimulatedAnnealing         : SA-Opt reheat #4 | T=8.10 | costo: 124.00
2026-06-02T04:16:09.635-05:00  INFO 8500 --- [loadroute-backend] [pool-2-thread-1] c.l.algorithm.SimulatedAnnealing         : SA-Opt reheat #5 | T=2.43 | costo: 124.00
2026-06-02T04:16:09.635-05:00  INFO 8500 --- [loadroute-backend] [pool-2-thread-1] c.l.algorithm.SimulatedAnnealing         : SA-Opt fin | iter: 4669 | reheats: 5 | mejoras: 574 | peores: 630 | cache: 2340 hits | costo: 124.00 -> 124.00 (0.0%) | tiempo: 0.0s
2026-06-02T04:16:09.643-05:00  INFO 8500 --- [loadroute-backend] [pool-2-thread-1] c.l.algorithm.SimulatedAnnealing         : SA-Opt inicio | T0=1000.0 | costo greedy: 128.00 | envios: 7/7
2026-06-02T04:16:09.646-05:00  INFO 8500 --- [loadroute-backend] [pool-2-thread-1] c.l.algorithm.SimulatedAnnealing         : SA-Opt reheat #1 | T=300.00 | costo: 128.00
2026-06-02T04:16:09.649-05:00  INFO 8500 --- [loadroute-backend] [pool-2-thread-1] c.l.algorithm.SimulatedAnnealing         : SA-Opt reheat #2 | T=90.00 | costo: 128.00
2026-06-02T04:16:09.649-05:00  INFO 8500 --- [loadroute-backend] [pool-2-thread-1] c.l.algorithm.SimulatedAnnealing         : SA-Opt reheat #3 | T=27.00 | costo: 128.00
2026-06-02T04:16:09.649-05:00  INFO 8500 --- [loadroute-backend] [pool-2-thread-1] c.l.algorithm.SimulatedAnnealing         : SA-Opt reheat #4 | T=8.10 | costo: 128.00
2026-06-02T04:16:09.653-05:00  INFO 8500 --- [loadroute-backend] [pool-2-thread-1] c.l.algorithm.SimulatedAnnealing         : SA-Opt reheat #5 | T=2.43 | costo: 128.00
2026-06-02T04:16:09.653-05:00  INFO 8500 --- [loadroute-backend] [pool-2-thread-1] c.l.algorithm.SimulatedAnnealing         : SA-Opt fin | iter: 4669 | reheats: 5 | mejoras: 503 | peores: 1216 | cache: 2304 hits | costo: 128.00 -> 128.00 (0.0%) | tiempo: 0.0s
2026-06-02T04:16:09.654-05:00  INFO 8500 --- [loadroute-backend] [pool-2-thread-1] c.l.algorithm.SimulatedAnnealing         : SA-Opt inicio | T0=1000.0 | costo greedy: 72.00 | envios: 8/8
2026-06-02T04:16:09.657-05:00  INFO 8500 --- [loadroute-backend] [pool-2-thread-1] c.l.algorithm.SimulatedAnnealing         : SA-Opt reheat #1 | T=300.00 | costo: 72.00
2026-06-02T04:16:09.657-05:00  INFO 8500 --- [loadroute-backend] [pool-2-thread-1] c.l.algorithm.SimulatedAnnealing         : SA-Opt reheat #2 | T=90.00 | costo: 72.00
2026-06-02T04:16:09.662-05:00  INFO 8500 --- [loadroute-backend] [pool-2-thread-1] c.l.algorithm.SimulatedAnnealing         : SA-Opt reheat #3 | T=27.00 | costo: 72.00
2026-06-02T04:16:09.663-05:00  INFO 8500 --- [loadroute-backend] [pool-2-thread-1] c.l.algorithm.SimulatedAnnealing         : SA-Opt reheat #4 | T=8.10 | costo: 72.00
2026-06-02T04:16:09.664-05:00  INFO 8500 --- [loadroute-backend] [pool-2-thread-1] c.l.algorithm.SimulatedAnnealing         : SA-Opt reheat #5 | T=2.43 | costo: 72.00
2026-06-02T04:16:09.664-05:00  INFO 8500 --- [loadroute-backend] [pool-2-thread-1] c.l.algorithm.SimulatedAnnealing         : SA-Opt fin | iter: 4669 | reheats: 5 | mejoras: 526 | peores: 610 | cache: 2304 hits | costo: 72.00 -> 72.00 (0.0%) | tiempo: 0.0s
2026-06-02T04:16:09.664-05:00  INFO 8500 --- [loadroute-backend] [pool-2-thread-1] c.l.algorithm.SimulatedAnnealing         : SA-Opt inicio | T0=1000.0 | costo greedy: 63.00 | envios: 4/4
2026-06-02T04:16:09.666-05:00  INFO 8500 --- [loadroute-backend] [pool-2-thread-1] c.l.algorithm.SimulatedAnnealing         : SA-Opt reheat #1 | T=300.00 | costo: 63.00
2026-06-02T04:16:09.666-05:00  INFO 8500 --- [loadroute-backend] [pool-2-thread-1] c.l.algorithm.SimulatedAnnealing         : SA-Opt reheat #2 | T=90.00 | costo: 63.00
2026-06-02T04:16:09.666-05:00  INFO 8500 --- [loadroute-backend] [pool-2-thread-1] c.l.algorithm.SimulatedAnnealing         : SA-Opt reheat #3 | T=27.00 | costo: 63.00
2026-06-02T04:16:09.666-05:00  INFO 8500 --- [loadroute-backend] [pool-2-thread-1] c.l.algorithm.SimulatedAnnealing         : SA-Opt reheat #4 | T=8.10 | costo: 63.00
2026-06-02T04:16:09.666-05:00  INFO 8500 --- [loadroute-backend] [pool-2-thread-1] c.l.algorithm.SimulatedAnnealing         : SA-Opt reheat #5 | T=2.43 | costo: 63.00
2026-06-02T04:16:09.666-05:00  INFO 8500 --- [loadroute-backend] [pool-2-thread-1] c.l.algorithm.SimulatedAnnealing         : SA-Opt fin | iter: 4669 | reheats: 5 | mejoras: 540 | peores: 624 | cache: 2307 hits | costo: 63.00 -> 63.00 (0.0%) | tiempo: 0.0s
2026-06-02T04:16:09.673-05:00  INFO 8500 --- [loadroute-backend] [pool-2-thread-1] c.l.algorithm.SimulatedAnnealing         : SA-Opt inicio | T0=1000.0 | costo greedy: 115.00 | envios: 9/9
2026-06-02T04:16:09.677-05:00  INFO 8500 --- [loadroute-backend] [pool-2-thread-1] c.l.algorithm.SimulatedAnnealing         : SA-Opt reheat #1 | T=300.00 | costo: 115.00
2026-06-02T04:16:09.677-05:00  INFO 8500 --- [loadroute-backend] [pool-2-thread-1] c.l.algorithm.SimulatedAnnealing         : SA-Opt reheat #2 | T=90.00 | costo: 115.00
2026-06-02T04:16:09.677-05:00  INFO 8500 --- [loadroute-backend] [pool-2-thread-1] c.l.algorithm.SimulatedAnnealing         : SA-Opt reheat #3 | T=27.00 | costo: 115.00
2026-06-02T04:16:09.677-05:00  INFO 8500 --- [loadroute-backend] [pool-2-thread-1] c.l.algorithm.SimulatedAnnealing         : SA-Opt reheat #4 | T=8.10 | costo: 115.00
2026-06-02T04:16:09.683-05:00  INFO 8500 --- [loadroute-backend] [pool-2-thread-1] c.l.algorithm.SimulatedAnnealing         : SA-Opt reheat #5 | T=2.43 | costo: 115.00
2026-06-02T04:16:09.684-05:00  INFO 8500 --- [loadroute-backend] [pool-2-thread-1] c.l.algorithm.SimulatedAnnealing         : SA-Opt fin | iter: 4669 | reheats: 5 | mejoras: 537 | peores: 633 | cache: 2348 hits | costo: 115.00 -> 115.00 (0.0%) | tiempo: 0.0s
2026-06-02T04:16:09.684-05:00  INFO 8500 --- [loadroute-backend] [pool-2-thread-1] c.l.algorithm.SimulatedAnnealing         : SA-Opt inicio | T0=1000.0 | costo greedy: 50.00 | envios: 4/4
2026-06-02T04:16:09.684-05:00  INFO 8500 --- [loadroute-backend] [pool-2-thread-1] c.l.algorithm.SimulatedAnnealing         : SA-Opt reheat #1 | T=300.00 | costo: 50.00
2026-06-02T04:16:09.684-05:00  INFO 8500 --- [loadroute-backend] [pool-2-thread-1] c.l.algorithm.SimulatedAnnealing         : SA-Opt reheat #2 | T=90.00 | costo: 50.00
2026-06-02T04:16:09.693-05:00  INFO 8500 --- [loadroute-backend] [pool-2-thread-1] c.l.algorithm.SimulatedAnnealing         : SA-Opt reheat #3 | T=27.00 | costo: 50.00
2026-06-02T04:16:09.694-05:00  INFO 8500 --- [loadroute-backend] [pool-2-thread-1] c.l.algorithm.SimulatedAnnealing         : SA-Opt reheat #4 | T=8.10 | costo: 50.00
2026-06-02T04:16:09.694-05:00  INFO 8500 --- [loadroute-backend] [pool-2-thread-1] c.l.algorithm.SimulatedAnnealing         : SA-Opt reheat #5 | T=2.43 | costo: 50.00
2026-06-02T04:16:09.694-05:00  INFO 8500 --- [loadroute-backend] [pool-2-thread-1] c.l.algorithm.SimulatedAnnealing         : SA-Opt fin | iter: 4669 | reheats: 5 | mejoras: 528 | peores: 640 | cache: 2346 hits | costo: 50.00 -> 50.00 (0.0%) | tiempo: 0.0s
2026-06-02T04:16:09.697-05:00  INFO 8500 --- [loadroute-backend] [pool-2-thread-1] c.l.algorithm.SimulatedAnnealing         : SA-Opt inicio | T0=1000.0 | costo greedy: 127.00 | envios: 10/10
2026-06-02T04:16:09.701-05:00  INFO 8500 --- [loadroute-backend] [pool-2-thread-1] c.l.algorithm.SimulatedAnnealing         : SA-Opt reheat #1 | T=300.00 | costo: 127.00
2026-06-02T04:16:09.703-05:00  INFO 8500 --- [loadroute-backend] [pool-2-thread-1] c.l.algorithm.SimulatedAnnealing         : SA-Opt reheat #2 | T=90.00 | costo: 127.00
2026-06-02T04:16:09.704-05:00  INFO 8500 --- [loadroute-backend] [pool-2-thread-1] c.l.algorithm.SimulatedAnnealing         : SA-Opt reheat #3 | T=27.00 | costo: 127.00
2026-06-02T04:16:09.704-05:00  INFO 8500 --- [loadroute-backend] [pool-2-thread-1] c.l.algorithm.SimulatedAnnealing         : SA-Opt reheat #4 | T=8.10 | costo: 127.00
2026-06-02T04:16:09.704-05:00  INFO 8500 --- [loadroute-backend] [pool-2-thread-1] c.l.algorithm.SimulatedAnnealing         : SA-Opt reheat #5 | T=2.43 | costo: 127.00
2026-06-02T04:16:09.704-05:00  INFO 8500 --- [loadroute-backend] [pool-2-thread-1] c.l.algorithm.SimulatedAnnealing         : SA-Opt fin | iter: 4669 | reheats: 5 | mejoras: 509 | peores: 674 | cache: 2339 hits | costo: 127.00 -> 127.00 (0.0%) | tiempo: 0.0s
2026-06-02T04:16:09.709-05:00  INFO 8500 --- [loadroute-backend] [pool-2-thread-1] c.l.algorithm.SimulatedAnnealing         : SA-Opt inicio | T0=1000.0 | costo greedy: 135.00 | envios: 9/9
2026-06-02T04:16:09.713-05:00  INFO 8500 --- [loadroute-backend] [pool-2-thread-1] c.l.algorithm.SimulatedAnnealing         : SA-Opt reheat #1 | T=300.00 | costo: 135.00
2026-06-02T04:16:09.714-05:00  INFO 8500 --- [loadroute-backend] [pool-2-thread-1] c.l.algorithm.SimulatedAnnealing         : SA-Opt reheat #2 | T=90.00 | costo: 135.00
2026-06-02T04:16:09.714-05:00  INFO 8500 --- [loadroute-backend] [pool-2-thread-1] c.l.algorithm.SimulatedAnnealing         : SA-Opt reheat #3 | T=27.00 | costo: 135.00
2026-06-02T04:16:09.714-05:00  INFO 8500 --- [loadroute-backend] [pool-2-thread-1] c.l.algorithm.SimulatedAnnealing         : SA-Opt reheat #4 | T=8.10 | costo: 135.00
2026-06-02T04:16:09.714-05:00  INFO 8500 --- [loadroute-backend] [pool-2-thread-1] c.l.algorithm.SimulatedAnnealing         : SA-Opt reheat #5 | T=2.43 | costo: 135.00
2026-06-02T04:16:09.714-05:00  INFO 8500 --- [loadroute-backend] [pool-2-thread-1] c.l.algorithm.SimulatedAnnealing         : SA-Opt fin | iter: 4669 | reheats: 5 | mejoras: 521 | peores: 614 | cache: 2309 hits | costo: 135.00 -> 135.00 (0.0%) | tiempo: 0.0s
2026-06-02T04:16:09.721-05:00  INFO 8500 --- [loadroute-backend] [pool-2-thread-1] c.l.algorithm.SimulatedAnnealing         : SA-Opt inicio | T0=1000.0 | costo greedy: 131.00 | envios: 9/9
2026-06-02T04:16:09.724-05:00  INFO 8500 --- [loadroute-backend] [pool-2-thread-1] c.l.algorithm.SimulatedAnnealing         : SA-Opt reheat #1 | T=300.00 | costo: 131.00
2026-06-02T04:16:09.728-05:00  INFO 8500 --- [loadroute-backend] [pool-2-thread-1] c.l.algorithm.SimulatedAnnealing         : SA-Opt reheat #2 | T=90.00 | costo: 131.00
2026-06-02T04:16:09.728-05:00  INFO 8500 --- [loadroute-backend] [pool-2-thread-1] c.l.algorithm.SimulatedAnnealing         : SA-Opt reheat #3 | T=27.00 | costo: 131.00
2026-06-02T04:16:09.728-05:00  INFO 8500 --- [loadroute-backend] [pool-2-thread-1] c.l.algorithm.SimulatedAnnealing         : SA-Opt reheat #4 | T=8.10 | costo: 131.00
2026-06-02T04:16:09.728-05:00  INFO 8500 --- [loadroute-backend] [pool-2-thread-1] c.l.algorithm.SimulatedAnnealing         : SA-Opt reheat #5 | T=2.43 | costo: 131.00
2026-06-02T04:16:09.728-05:00  INFO 8500 --- [loadroute-backend] [pool-2-thread-1] c.l.algorithm.SimulatedAnnealing         : SA-Opt fin | iter: 4669 | reheats: 5 | mejoras: 575 | peores: 691 | cache: 2318 hits | costo: 131.00 -> 131.00 (0.0%) | tiempo: 0.0s
2026-06-02T04:16:09.734-05:00  INFO 8500 --- [loadroute-backend] [pool-2-thread-1] c.l.algorithm.SimulatedAnnealing         : SA-Opt inicio | T0=1000.0 | costo greedy: 106.00 | envios: 11/11
2026-06-02T04:16:09.740-05:00  INFO 8500 --- [loadroute-backend] [pool-2-thread-1] c.l.algorithm.SimulatedAnnealing         : SA-Opt reheat #1 | T=300.00 | costo: 106.00
2026-06-02T04:16:09.743-05:00  INFO 8500 --- [loadroute-backend] [pool-2-thread-1] c.l.algorithm.SimulatedAnnealing         : SA-Opt reheat #2 | T=90.00 | costo: 106.00
2026-06-02T04:16:09.744-05:00  INFO 8500 --- [loadroute-backend] [pool-2-thread-1] c.l.algorithm.SimulatedAnnealing         : SA-Opt reheat #3 | T=27.00 | costo: 106.00
2026-06-02T04:16:09.744-05:00  INFO 8500 --- [loadroute-backend] [pool-2-thread-1] c.l.algorithm.SimulatedAnnealing         : SA-Opt reheat #4 | T=8.10 | costo: 106.00
2026-06-02T04:16:09.744-05:00  INFO 8500 --- [loadroute-backend] [pool-2-thread-1] c.l.algorithm.SimulatedAnnealing         : SA-Opt reheat #5 | T=2.43 | costo: 106.00
2026-06-02T04:16:09.744-05:00  INFO 8500 --- [loadroute-backend] [pool-2-thread-1] c.l.algorithm.SimulatedAnnealing         : SA-Opt fin | iter: 4669 | reheats: 5 | mejoras: 584 | peores: 673 | cache: 2292 hits | costo: 106.00 -> 106.00 (0.0%) | tiempo: 0.0s
2026-06-02T04:16:09.744-05:00  INFO 8500 --- [loadroute-backend] [pool-2-thread-1] c.l.algorithm.SimulatedAnnealing         : SA-Opt inicio | T0=1000.0 | costo greedy: 49.00 | envios: 4/4
2026-06-02T04:16:09.750-05:00  INFO 8500 --- [loadroute-backend] [pool-2-thread-1] c.l.algorithm.SimulatedAnnealing         : SA-Opt reheat #1 | T=300.00 | costo: 49.00
2026-06-02T04:16:09.753-05:00  INFO 8500 --- [loadroute-backend] [pool-2-thread-1] c.l.algorithm.SimulatedAnnealing         : SA-Opt reheat #2 | T=90.00 | costo: 49.00
2026-06-02T04:16:09.754-05:00  INFO 8500 --- [loadroute-backend] [pool-2-thread-1] c.l.algorithm.SimulatedAnnealing         : SA-Opt reheat #3 | T=27.00 | costo: 49.00
2026-06-02T04:16:09.754-05:00  INFO 8500 --- [loadroute-backend] [pool-2-thread-1] c.l.algorithm.SimulatedAnnealing         : SA-Opt reheat #4 | T=8.10 | costo: 49.00
2026-06-02T04:16:09.754-05:00  INFO 8500 --- [loadroute-backend] [pool-2-thread-1] c.l.algorithm.SimulatedAnnealing         : SA-Opt reheat #5 | T=2.43 | costo: 49.00
2026-06-02T04:16:09.756-05:00  INFO 8500 --- [loadroute-backend] [pool-2-thread-1] c.l.algorithm.SimulatedAnnealing         : SA-Opt fin | iter: 4669 | reheats: 5 | mejoras: 577 | peores: 666 | cache: 2366 hits | costo: 49.00 -> 49.00 (0.0%) | tiempo: 0.0s
2026-06-02T04:16:09.756-05:00  INFO 8500 --- [loadroute-backend] [pool-2-thread-1] c.l.algorithm.SimulatedAnnealing         : SA-Opt inicio | T0=1000.0 | costo greedy: 121.00 | envios: 7/7
2026-06-02T04:16:09.756-05:00  INFO 8500 --- [loadroute-backend] [pool-2-thread-1] c.l.algorithm.SimulatedAnnealing         : SA-Opt reheat #1 | T=300.00 | costo: 121.00
2026-06-02T04:16:09.756-05:00  INFO 8500 --- [loadroute-backend] [pool-2-thread-1] c.l.algorithm.SimulatedAnnealing         : SA-Opt reheat #2 | T=90.00 | costo: 121.00
2026-06-02T04:16:09.764-05:00  INFO 8500 --- [loadroute-backend] [pool-2-thread-1] c.l.algorithm.SimulatedAnnealing         : SA-Opt reheat #3 | T=27.00 | costo: 121.00
2026-06-02T04:16:09.764-05:00  INFO 8500 --- [loadroute-backend] [pool-2-thread-1] c.l.algorithm.SimulatedAnnealing         : SA-Opt reheat #4 | T=8.10 | costo: 121.00
2026-06-02T04:16:09.766-05:00  INFO 8500 --- [loadroute-backend] [pool-2-thread-1] c.l.algorithm.SimulatedAnnealing         : SA-Opt reheat #5 | T=2.43 | costo: 121.00
2026-06-02T04:16:09.766-05:00  INFO 8500 --- [loadroute-backend] [pool-2-thread-1] c.l.algorithm.SimulatedAnnealing         : SA-Opt fin | iter: 4669 | reheats: 5 | mejoras: 534 | peores: 647 | cache: 2303 hits | costo: 121.00 -> 121.00 (0.0%) | tiempo: 0.0s
2026-06-02T04:16:09.768-05:00  INFO 8500 --- [loadroute-backend] [pool-2-thread-1] c.l.algorithm.SimulatedAnnealing         : SA-Opt inicio | T0=1000.0 | costo greedy: 79.00 | envios: 7/7
2026-06-02T04:16:09.772-05:00  INFO 8500 --- [loadroute-backend] [pool-2-thread-1] c.l.algorithm.SimulatedAnnealing         : SA-Opt reheat #1 | T=300.00 | costo: 79.00
2026-06-02T04:16:09.774-05:00  INFO 8500 --- [loadroute-backend] [pool-2-thread-1] c.l.algorithm.SimulatedAnnealing         : SA-Opt reheat #2 | T=90.00 | costo: 79.00
2026-06-02T04:16:09.774-05:00  INFO 8500 --- [loadroute-backend] [pool-2-thread-1] c.l.algorithm.SimulatedAnnealing         : SA-Opt reheat #3 | T=27.00 | costo: 79.00
2026-06-02T04:16:09.774-05:00  INFO 8500 --- [loadroute-backend] [pool-2-thread-1] c.l.algorithm.SimulatedAnnealing         : SA-Opt reheat #4 | T=8.10 | costo: 79.00
2026-06-02T04:16:09.774-05:00  INFO 8500 --- [loadroute-backend] [pool-2-thread-1] c.l.algorithm.SimulatedAnnealing         : SA-Opt reheat #5 | T=2.43 | costo: 79.00
2026-06-02T04:16:09.774-05:00  INFO 8500 --- [loadroute-backend] [pool-2-thread-1] c.l.algorithm.SimulatedAnnealing         : SA-Opt fin | iter: 4669 | reheats: 5 | mejoras: 565 | peores: 651 | cache: 2313 hits | costo: 79.00 -> 79.00 (0.0%) | tiempo: 0.0s
2026-06-02T04:16:09.780-05:00  INFO 8500 --- [loadroute-backend] [pool-2-thread-1] c.l.algorithm.SimulatedAnnealing         : SA-Opt inicio | T0=1000.0 | costo greedy: 79.00 | envios: 9/9
2026-06-02T04:16:09.784-05:00  INFO 8500 --- [loadroute-backend] [pool-2-thread-1] c.l.algorithm.SimulatedAnnealing         : SA-Opt reheat #1 | T=300.00 | costo: 79.00
2026-06-02T04:16:09.785-05:00  INFO 8500 --- [loadroute-backend] [pool-2-thread-1] c.l.algorithm.SimulatedAnnealing         : SA-Opt reheat #2 | T=90.00 | costo: 79.00
2026-06-02T04:16:09.785-05:00  INFO 8500 --- [loadroute-backend] [pool-2-thread-1] c.l.algorithm.SimulatedAnnealing         : SA-Opt reheat #3 | T=27.00 | costo: 79.00
2026-06-02T04:16:09.788-05:00  INFO 8500 --- [loadroute-backend] [pool-2-thread-1] c.l.algorithm.SimulatedAnnealing         : SA-Opt reheat #4 | T=8.10 | costo: 79.00
2026-06-02T04:16:09.788-05:00  INFO 8500 --- [loadroute-backend] [pool-2-thread-1] c.l.algorithm.SimulatedAnnealing         : SA-Opt reheat #5 | T=2.43 | costo: 79.00
2026-06-02T04:16:09.788-05:00  INFO 8500 --- [loadroute-backend] [pool-2-thread-1] c.l.algorithm.SimulatedAnnealing         : SA-Opt fin | iter: 4669 | reheats: 5 | mejoras: 544 | peores: 653 | cache: 2378 hits | costo: 79.00 -> 79.00 (0.0%) | tiempo: 0.0s
2026-06-02T04:16:09.793-05:00  INFO 8500 --- [loadroute-backend] [pool-2-thread-1] c.l.algorithm.SimulatedAnnealing         : SA-Opt inicio | T0=1000.0 | costo greedy: 148.00 | envios: 13/13
2026-06-02T04:16:09.799-05:00  INFO 8500 --- [loadroute-backend] [pool-2-thread-1] c.l.algorithm.SimulatedAnnealing         : SA-Opt reheat #1 | T=300.00 | costo: 148.00
2026-06-02T04:16:09.800-05:00  INFO 8500 --- [loadroute-backend] [pool-2-thread-1] c.l.algorithm.SimulatedAnnealing         : SA-Opt reheat #2 | T=90.00 | costo: 148.00
2026-06-02T04:16:09.803-05:00  INFO 8500 --- [loadroute-backend] [pool-2-thread-1] c.l.algorithm.SimulatedAnnealing         : SA-Opt reheat #3 | T=27.00 | costo: 148.00
2026-06-02T04:16:09.804-05:00  INFO 8500 --- [loadroute-backend] [pool-2-thread-1] c.l.algorithm.SimulatedAnnealing         : SA-Opt reheat #4 | T=8.10 | costo: 148.00
2026-06-02T04:16:09.804-05:00  INFO 8500 --- [loadroute-backend] [pool-2-thread-1] c.l.algorithm.SimulatedAnnealing         : SA-Opt reheat #5 | T=2.43 | costo: 148.00
2026-06-02T04:16:09.805-05:00  INFO 8500 --- [loadroute-backend] [pool-2-thread-1] c.l.algorithm.SimulatedAnnealing         : SA-Opt fin | iter: 4669 | reheats: 5 | mejoras: 526 | peores: 615 | cache: 2323 hits | costo: 148.00 -> 148.00 (0.0%) | tiempo: 0.0s
2026-06-02T04:16:09.808-05:00  INFO 8500 --- [loadroute-backend] [pool-2-thread-1] c.l.algorithm.SimulatedAnnealing         : SA-Opt inicio | T0=1000.0 | costo greedy: 119.00 | envios: 9/9
2026-06-02T04:16:09.813-05:00  INFO 8500 --- [loadroute-backend] [pool-2-thread-1] c.l.algorithm.SimulatedAnnealing         : SA-Opt reheat #1 | T=300.00 | costo: 119.00
2026-06-02T04:16:09.815-05:00  INFO 8500 --- [loadroute-backend] [pool-2-thread-1] c.l.algorithm.SimulatedAnnealing         : SA-Opt reheat #2 | T=90.00 | costo: 119.00
2026-06-02T04:16:09.816-05:00  INFO 8500 --- [loadroute-backend] [pool-2-thread-1] c.l.algorithm.SimulatedAnnealing         : SA-Opt reheat #3 | T=27.00 | costo: 119.00
2026-06-02T04:16:09.817-05:00  INFO 8500 --- [loadroute-backend] [pool-2-thread-1] c.l.algorithm.SimulatedAnnealing         : SA-Opt reheat #4 | T=8.10 | costo: 119.00
2026-06-02T04:16:09.818-05:00  INFO 8500 --- [loadroute-backend] [pool-2-thread-1] c.l.algorithm.SimulatedAnnealing         : SA-Opt reheat #5 | T=2.43 | costo: 119.00
2026-06-02T04:16:09.819-05:00  INFO 8500 --- [loadroute-backend] [pool-2-thread-1] c.l.algorithm.SimulatedAnnealing         : SA-Opt fin | iter: 4669 | reheats: 5 | mejoras: 504 | peores: 607 | cache: 2245 hits | costo: 119.00 -> 119.00 (0.0%) | tiempo: 0.0s
2026-06-02T04:16:09.821-05:00  INFO 8500 --- [loadroute-backend] [pool-2-thread-1] c.l.algorithm.SimulatedAnnealing         : SA-Opt inicio | T0=1000.0 | costo greedy: 124.00 | envios: 10/10
2026-06-02T04:16:09.827-05:00  INFO 8500 --- [loadroute-backend] [pool-2-thread-1] c.l.algorithm.SimulatedAnnealing         : SA-Opt reheat #1 | T=300.00 | costo: 124.00
2026-06-02T04:16:09.829-05:00  INFO 8500 --- [loadroute-backend] [pool-2-thread-1] c.l.algorithm.SimulatedAnnealing         : SA-Opt reheat #2 | T=90.00 | costo: 124.00
2026-06-02T04:16:09.831-05:00  INFO 8500 --- [loadroute-backend] [pool-2-thread-1] c.l.algorithm.SimulatedAnnealing         : SA-Opt reheat #3 | T=27.00 | costo: 124.00
2026-06-02T04:16:09.831-05:00  INFO 8500 --- [loadroute-backend] [pool-2-thread-1] c.l.algorithm.SimulatedAnnealing         : SA-Opt reheat #4 | T=8.10 | costo: 124.00
2026-06-02T04:16:09.833-05:00  INFO 8500 --- [loadroute-backend] [pool-2-thread-1] c.l.algorithm.SimulatedAnnealing         : SA-Opt reheat #5 | T=2.43 | costo: 124.00
2026-06-02T04:16:09.833-05:00  INFO 8500 --- [loadroute-backend] [pool-2-thread-1] c.l.algorithm.SimulatedAnnealing         : SA-Opt fin | iter: 4669 | reheats: 5 | mejoras: 546 | peores: 613 | cache: 2261 hits | costo: 124.00 -> 124.00 (0.0%) | tiempo: 0.0s
2026-06-02T04:16:09.835-05:00  INFO 8500 --- [loadroute-backend] [pool-2-thread-1] c.l.algorithm.SimulatedAnnealing         : SA-Opt inicio | T0=1000.0 | costo greedy: 35.00 | envios: 5/5
2026-06-02T04:16:09.838-05:00  INFO 8500 --- [loadroute-backend] [pool-2-thread-1] c.l.algorithm.SimulatedAnnealing         : SA-Opt reheat #1 | T=300.00 | costo: 35.00
2026-06-02T04:16:09.840-05:00  INFO 8500 --- [loadroute-backend] [pool-2-thread-1] c.l.algorithm.SimulatedAnnealing         : SA-Opt reheat #2 | T=90.00 | costo: 35.00
2026-06-02T04:16:09.841-05:00  INFO 8500 --- [loadroute-backend] [pool-2-thread-1] c.l.algorithm.SimulatedAnnealing         : SA-Opt reheat #3 | T=27.00 | costo: 35.00
2026-06-02T04:16:09.843-05:00  INFO 8500 --- [loadroute-backend] [pool-2-thread-1] c.l.algorithm.SimulatedAnnealing         : SA-Opt reheat #4 | T=8.10 | costo: 35.00
2026-06-02T04:16:09.844-05:00  INFO 8500 --- [loadroute-backend] [pool-2-thread-1] c.l.algorithm.SimulatedAnnealing         : SA-Opt reheat #5 | T=2.43 | costo: 35.00
2026-06-02T04:16:09.844-05:00  INFO 8500 --- [loadroute-backend] [pool-2-thread-1] c.l.algorithm.SimulatedAnnealing         : SA-Opt fin | iter: 4669 | reheats: 5 | mejoras: 520 | peores: 673 | cache: 2280 hits | costo: 35.00 -> 35.00 (0.0%) | tiempo: 0.0s
2026-06-02T04:16:09.847-05:00  INFO 8500 --- [loadroute-backend] [pool-2-thread-1] c.l.algorithm.SimulatedAnnealing         : SA-Opt inicio | T0=1000.0 | costo greedy: 74.00 | envios: 8/8
2026-06-02T04:16:09.851-05:00  INFO 8500 --- [loadroute-backend] [pool-2-thread-1] c.l.algorithm.SimulatedAnnealing         : SA-Opt reheat #1 | T=300.00 | costo: 74.00
2026-06-02T04:16:09.854-05:00  INFO 8500 --- [loadroute-backend] [pool-2-thread-1] c.l.algorithm.SimulatedAnnealing         : SA-Opt reheat #2 | T=90.00 | costo: 74.00
2026-06-02T04:16:09.855-05:00  INFO 8500 --- [loadroute-backend] [pool-2-thread-1] c.l.algorithm.SimulatedAnnealing         : SA-Opt reheat #3 | T=27.00 | costo: 74.00
2026-06-02T04:16:09.857-05:00  INFO 8500 --- [loadroute-backend] [pool-2-thread-1] c.l.algorithm.SimulatedAnnealing         : SA-Opt reheat #4 | T=8.10 | costo: 74.00
2026-06-02T04:16:09.857-05:00  INFO 8500 --- [loadroute-backend] [pool-2-thread-1] c.l.algorithm.SimulatedAnnealing         : SA-Opt reheat #5 | T=2.43 | costo: 74.00
2026-06-02T04:16:09.858-05:00  INFO 8500 --- [loadroute-backend] [pool-2-thread-1] c.l.algorithm.SimulatedAnnealing         : SA-Opt fin | iter: 4669 | reheats: 5 | mejoras: 540 | peores: 649 | cache: 2345 hits | costo: 74.00 -> 74.00 (0.0%) | tiempo: 0.0s
2026-06-02T04:16:09.861-05:00  INFO 8500 --- [loadroute-backend] [pool-2-thread-1] c.l.algorithm.SimulatedAnnealing         : SA-Opt inicio | T0=1000.0 | costo greedy: 186.00 | envios: 12/12
2026-06-02T04:16:09.865-05:00  INFO 8500 --- [loadroute-backend] [pool-2-thread-1] c.l.algorithm.SimulatedAnnealing         : SA-Opt reheat #1 | T=300.00 | costo: 186.00
2026-06-02T04:16:09.868-05:00  INFO 8500 --- [loadroute-backend] [pool-2-thread-1] c.l.algorithm.SimulatedAnnealing         : SA-Opt reheat #2 | T=90.00 | costo: 186.00
2026-06-02T04:16:09.870-05:00  INFO 8500 --- [loadroute-backend] [pool-2-thread-1] c.l.algorithm.SimulatedAnnealing         : SA-Opt reheat #3 | T=27.00 | costo: 186.00
2026-06-02T04:16:09.871-05:00  INFO 8500 --- [loadroute-backend] [pool-2-thread-1] c.l.algorithm.SimulatedAnnealing         : SA-Opt reheat #4 | T=8.10 | costo: 186.00
2026-06-02T04:16:09.872-05:00  INFO 8500 --- [loadroute-backend] [pool-2-thread-1] c.l.algorithm.SimulatedAnnealing         : SA-Opt reheat #5 | T=2.43 | costo: 186.00
2026-06-02T04:16:09.872-05:00  INFO 8500 --- [loadroute-backend] [pool-2-thread-1] c.l.algorithm.SimulatedAnnealing         : SA-Opt fin | iter: 4669 | reheats: 5 | mejoras: 516 | peores: 633 | cache: 2282 hits | costo: 186.00 -> 186.00 (0.0%) | tiempo: 0.0s
2026-06-02T04:16:09.874-05:00  INFO 8500 --- [loadroute-backend] [pool-2-thread-1] c.l.algorithm.SimulatedAnnealing         : SA-Opt inicio | T0=1000.0 | costo greedy: 128.00 | envios: 9/9
2026-06-02T04:16:09.879-05:00  INFO 8500 --- [loadroute-backend] [pool-2-thread-1] c.l.algorithm.SimulatedAnnealing         : SA-Opt reheat #1 | T=300.00 | costo: 128.00
2026-06-02T04:16:09.881-05:00  INFO 8500 --- [loadroute-backend] [pool-2-thread-1] c.l.algorithm.SimulatedAnnealing         : SA-Opt reheat #2 | T=90.00 | costo: 128.00
2026-06-02T04:16:09.883-05:00  INFO 8500 --- [loadroute-backend] [pool-2-thread-1] c.l.algorithm.SimulatedAnnealing         : SA-Opt reheat #3 | T=27.00 | costo: 128.00
2026-06-02T04:16:09.884-05:00  INFO 8500 --- [loadroute-backend] [pool-2-thread-1] c.l.algorithm.SimulatedAnnealing         : SA-Opt reheat #4 | T=8.10 | costo: 128.00
2026-06-02T04:16:09.885-05:00  INFO 8500 --- [loadroute-backend] [pool-2-thread-1] c.l.algorithm.SimulatedAnnealing         : SA-Opt reheat #5 | T=2.43 | costo: 128.00
2026-06-02T04:16:09.885-05:00  INFO 8500 --- [loadroute-backend] [pool-2-thread-1] c.l.algorithm.SimulatedAnnealing         : SA-Opt fin | iter: 4669 | reheats: 5 | mejoras: 543 | peores: 665 | cache: 2383 hits | costo: 128.00 -> 128.00 (0.0%) | tiempo: 0.0s
2026-06-02T04:16:09.885-05:00  INFO 8500 --- [loadroute-backend] [pool-2-thread-1] c.l.algorithm.SimulatedAnnealing         : SA-Opt inicio | T0=1000.0 | costo greedy: 96.00 | envios: 8/8
2026-06-02T04:16:09.890-05:00  INFO 8500 --- [loadroute-backend] [pool-2-thread-1] c.l.algorithm.SimulatedAnnealing         : SA-Opt reheat #1 | T=300.00 | costo: 96.00
2026-06-02T04:16:09.893-05:00  INFO 8500 --- [loadroute-backend] [pool-2-thread-1] c.l.algorithm.SimulatedAnnealing         : SA-Opt reheat #2 | T=90.00 | costo: 96.00
2026-06-02T04:16:09.894-05:00  INFO 8500 --- [loadroute-backend] [pool-2-thread-1] c.l.algorithm.SimulatedAnnealing         : SA-Opt reheat #3 | T=27.00 | costo: 96.00
2026-06-02T04:16:09.895-05:00  INFO 8500 --- [loadroute-backend] [pool-2-thread-1] c.l.algorithm.SimulatedAnnealing         : SA-Opt reheat #4 | T=8.10 | costo: 96.00
2026-06-02T04:16:09.896-05:00  INFO 8500 --- [loadroute-backend] [pool-2-thread-1] c.l.algorithm.SimulatedAnnealing         : SA-Opt reheat #5 | T=2.43 | costo: 96.00
2026-06-02T04:16:09.897-05:00  INFO 8500 --- [loadroute-backend] [pool-2-thread-1] c.l.algorithm.SimulatedAnnealing         : SA-Opt fin | iter: 4669 | reheats: 5 | mejoras: 530 | peores: 578 | cache: 2328 hits | costo: 96.00 -> 96.00 (0.0%) | tiempo: 0.0s
2026-06-02T04:16:09.899-05:00  INFO 8500 --- [loadroute-backend] [pool-2-thread-1] c.l.algorithm.SimulatedAnnealing         : SA-Opt inicio | T0=1000.0 | costo greedy: 91.00 | envios: 6/6
2026-06-02T04:16:09.902-05:00  INFO 8500 --- [loadroute-backend] [pool-2-thread-1] c.l.algorithm.SimulatedAnnealing         : SA-Opt reheat #1 | T=300.00 | costo: 91.00
2026-06-02T04:16:09.904-05:00  INFO 8500 --- [loadroute-backend] [pool-2-thread-1] c.l.algorithm.SimulatedAnnealing         : SA-Opt reheat #2 | T=90.00 | costo: 91.00
2026-06-02T04:16:09.904-05:00  INFO 8500 --- [loadroute-backend] [pool-2-thread-1] c.l.algorithm.SimulatedAnnealing         : SA-Opt reheat #3 | T=27.00 | costo: 91.00
2026-06-02T04:16:09.905-05:00  INFO 8500 --- [loadroute-backend] [pool-2-thread-1] c.l.algorithm.SimulatedAnnealing         : SA-Opt reheat #4 | T=8.10 | costo: 91.00
2026-06-02T04:16:09.907-05:00  INFO 8500 --- [loadroute-backend] [pool-2-thread-1] c.l.algorithm.SimulatedAnnealing         : SA-Opt reheat #5 | T=2.43 | costo: 91.00
2026-06-02T04:16:09.907-05:00  INFO 8500 --- [loadroute-backend] [pool-2-thread-1] c.l.algorithm.SimulatedAnnealing         : SA-Opt fin | iter: 4669 | reheats: 5 | mejoras: 566 | peores: 705 | cache: 2337 hits | costo: 91.00 -> 91.00 (0.0%) | tiempo: 0.0s
2026-06-02T04:16:09.908-05:00  INFO 8500 --- [loadroute-backend] [pool-2-thread-1] c.l.algorithm.SimulatedAnnealing         : SA-Opt inicio | T0=1000.0 | costo greedy: 94.00 | envios: 8/8
2026-06-02T04:16:09.913-05:00  INFO 8500 --- [loadroute-backend] [pool-2-thread-1] c.l.algorithm.SimulatedAnnealing         : SA-Opt reheat #1 | T=300.00 | costo: 94.00
2026-06-02T04:16:09.915-05:00  INFO 8500 --- [loadroute-backend] [pool-2-thread-1] c.l.algorithm.SimulatedAnnealing         : SA-Opt reheat #2 | T=90.00 | costo: 94.00
2026-06-02T04:16:09.917-05:00  INFO 8500 --- [loadroute-backend] [pool-2-thread-1] c.l.algorithm.SimulatedAnnealing         : SA-Opt reheat #3 | T=27.00 | costo: 94.00
2026-06-02T04:16:09.918-05:00  INFO 8500 --- [loadroute-backend] [pool-2-thread-1] c.l.algorithm.SimulatedAnnealing         : SA-Opt reheat #4 | T=8.10 | costo: 94.00
2026-06-02T04:16:09.918-05:00  INFO 8500 --- [loadroute-backend] [pool-2-thread-1] c.l.algorithm.SimulatedAnnealing         : SA-Opt reheat #5 | T=2.43 | costo: 94.00
2026-06-02T04:16:09.919-05:00  INFO 8500 --- [loadroute-backend] [pool-2-thread-1] c.l.algorithm.SimulatedAnnealing         : SA-Opt fin | iter: 4669 | reheats: 5 | mejoras: 555 | peores: 635 | cache: 2377 hits | costo: 94.00 -> 94.00 (0.0%) | tiempo: 0.0s
2026-06-02T04:16:09.921-05:00  INFO 8500 --- [loadroute-backend] [pool-2-thread-1] c.l.algorithm.SimulatedAnnealing         : SA-Opt inicio | T0=1000.0 | costo greedy: 116.00 | envios: 9/9
2026-06-02T04:16:09.926-05:00  INFO 8500 --- [loadroute-backend] [pool-2-thread-1] c.l.algorithm.SimulatedAnnealing         : SA-Opt reheat #1 | T=300.00 | costo: 116.00
2026-06-02T04:16:09.928-05:00  INFO 8500 --- [loadroute-backend] [pool-2-thread-1] c.l.algorithm.SimulatedAnnealing         : SA-Opt reheat #2 | T=90.00 | costo: 116.00
2026-06-02T04:16:09.930-05:00  INFO 8500 --- [loadroute-backend] [pool-2-thread-1] c.l.algorithm.SimulatedAnnealing         : SA-Opt reheat #3 | T=27.00 | costo: 116.00
2026-06-02T04:16:09.931-05:00  INFO 8500 --- [loadroute-backend] [pool-2-thread-1] c.l.algorithm.SimulatedAnnealing         : SA-Opt reheat #4 | T=8.10 | costo: 116.00
2026-06-02T04:16:09.932-05:00  INFO 8500 --- [loadroute-backend] [pool-2-thread-1] c.l.algorithm.SimulatedAnnealing         : SA-Opt reheat #5 | T=2.43 | costo: 116.00
2026-06-02T04:16:09.932-05:00  INFO 8500 --- [loadroute-backend] [pool-2-thread-1] c.l.algorithm.SimulatedAnnealing         : SA-Opt fin | iter: 4669 | reheats: 5 | mejoras: 563 | peores: 680 | cache: 2301 hits | costo: 116.00 -> 116.00 (0.0%) | tiempo: 0.0s
2026-06-02T04:16:09.934-05:00  INFO 8500 --- [loadroute-backend] [pool-2-thread-1] c.l.algorithm.SimulatedAnnealing         : SA-Opt inicio | T0=1000.0 | costo greedy: 61.00 | envios: 5/5
2026-06-02T04:16:09.937-05:00  INFO 8500 --- [loadroute-backend] [pool-2-thread-1] c.l.algorithm.SimulatedAnnealing         : SA-Opt reheat #1 | T=300.00 | costo: 61.00
2026-06-02T04:16:09.939-05:00  INFO 8500 --- [loadroute-backend] [pool-2-thread-1] c.l.algorithm.SimulatedAnnealing         : SA-Opt reheat #2 | T=90.00 | costo: 61.00
2026-06-02T04:16:09.941-05:00  INFO 8500 --- [loadroute-backend] [pool-2-thread-1] c.l.algorithm.SimulatedAnnealing         : SA-Opt reheat #3 | T=27.00 | costo: 61.00
2026-06-02T04:16:09.942-05:00  INFO 8500 --- [loadroute-backend] [pool-2-thread-1] c.l.algorithm.SimulatedAnnealing         : SA-Opt reheat #4 | T=8.10 | costo: 61.00
2026-06-02T04:16:09.943-05:00  INFO 8500 --- [loadroute-backend] [pool-2-thread-1] c.l.algorithm.SimulatedAnnealing         : SA-Opt reheat #5 | T=2.43 | costo: 61.00
2026-06-02T04:16:09.943-05:00  INFO 8500 --- [loadroute-backend] [pool-2-thread-1] c.l.algorithm.SimulatedAnnealing         : SA-Opt fin | iter: 4669 | reheats: 5 | mejoras: 522 | peores: 647 | cache: 2287 hits | costo: 61.00 -> 61.00 (0.0%) | tiempo: 0.0s
2026-06-02T04:16:09.944-05:00  INFO 8500 --- [loadroute-backend] [pool-2-thread-1] c.l.algorithm.SimulatedAnnealing         : SA-Opt inicio | T0=1000.0 | costo greedy: 88.00 | envios: 8/8
2026-06-02T04:16:09.950-05:00  INFO 8500 --- [loadroute-backend] [pool-2-thread-1] c.l.algorithm.SimulatedAnnealing         : SA-Opt reheat #1 | T=300.00 | costo: 88.00
2026-06-02T04:16:09.952-05:00  INFO 8500 --- [loadroute-backend] [pool-2-thread-1] c.l.algorithm.SimulatedAnnealing         : SA-Opt reheat #2 | T=90.00 | costo: 88.00
2026-06-02T04:16:09.953-05:00  INFO 8500 --- [loadroute-backend] [pool-2-thread-1] c.l.algorithm.SimulatedAnnealing         : SA-Opt reheat #3 | T=27.00 | costo: 88.00
2026-06-02T04:16:09.954-05:00  INFO 8500 --- [loadroute-backend] [pool-2-thread-1] c.l.algorithm.SimulatedAnnealing         : SA-Opt reheat #4 | T=8.10 | costo: 88.00
2026-06-02T04:16:09.954-05:00  INFO 8500 --- [loadroute-backend] [pool-2-thread-1] c.l.algorithm.SimulatedAnnealing         : SA-Opt reheat #5 | T=2.43 | costo: 88.00
2026-06-02T04:16:09.955-05:00  INFO 8500 --- [loadroute-backend] [pool-2-thread-1] c.l.algorithm.SimulatedAnnealing         : SA-Opt fin | iter: 4669 | reheats: 5 | mejoras: 535 | peores: 615 | cache: 2332 hits | costo: 88.00 -> 88.00 (0.0%) | tiempo: 0.0s
2026-06-02T04:16:09.957-05:00  INFO 8500 --- [loadroute-backend] [pool-2-thread-1] c.l.algorithm.SimulatedAnnealing         : SA-Opt inicio | T0=1000.0 | costo greedy: 158.00 | envios: 12/12
2026-06-02T04:16:09.957-05:00  INFO 8500 --- [loadroute-backend] [pool-2-thread-1] c.l.algorithm.SimulatedAnnealing         : SA-Opt reheat #1 | T=300.00 | costo: 158.00
2026-06-02T04:16:09.964-05:00  INFO 8500 --- [loadroute-backend] [pool-2-thread-1] c.l.algorithm.SimulatedAnnealing         : SA-Opt reheat #2 | T=90.00 | costo: 158.00
2026-06-02T04:16:09.964-05:00  INFO 8500 --- [loadroute-backend] [pool-2-thread-1] c.l.algorithm.SimulatedAnnealing         : SA-Opt reheat #3 | T=27.00 | costo: 158.00
2026-06-02T04:16:09.964-05:00  INFO 8500 --- [loadroute-backend] [pool-2-thread-1] c.l.algorithm.SimulatedAnnealing         : SA-Opt reheat #4 | T=8.10 | costo: 158.00
2026-06-02T04:16:09.967-05:00  INFO 8500 --- [loadroute-backend] [pool-2-thread-1] c.l.algorithm.SimulatedAnnealing         : SA-Opt reheat #5 | T=2.43 | costo: 158.00
2026-06-02T04:16:09.967-05:00  INFO 8500 --- [loadroute-backend] [pool-2-thread-1] c.l.algorithm.SimulatedAnnealing         : SA-Opt fin | iter: 4669 | reheats: 5 | mejoras: 556 | peores: 698 | cache: 2313 hits | costo: 158.00 -> 158.00 (0.0%) | tiempo: 0.0s
2026-06-02T04:16:09.967-05:00  INFO 8500 --- [loadroute-backend] [pool-2-thread-1] c.l.algorithm.SimulatedAnnealing         : SA-Opt inicio | T0=1000.0 | costo greedy: 68.00 | envios: 6/6
2026-06-02T04:16:09.972-05:00  INFO 8500 --- [loadroute-backend] [pool-2-thread-1] c.l.algorithm.SimulatedAnnealing         : SA-Opt reheat #1 | T=300.00 | costo: 68.00
2026-06-02T04:16:09.973-05:00  INFO 8500 --- [loadroute-backend] [pool-2-thread-1] c.l.algorithm.SimulatedAnnealing         : SA-Opt reheat #2 | T=90.00 | costo: 68.00
2026-06-02T04:16:09.974-05:00  INFO 8500 --- [loadroute-backend] [pool-2-thread-1] c.l.algorithm.SimulatedAnnealing         : SA-Opt reheat #3 | T=27.00 | costo: 68.00
2026-06-02T04:16:09.974-05:00  INFO 8500 --- [loadroute-backend] [pool-2-thread-1] c.l.algorithm.SimulatedAnnealing         : SA-Opt reheat #4 | T=8.10 | costo: 68.00
2026-06-02T04:16:09.974-05:00  INFO 8500 --- [loadroute-backend] [pool-2-thread-1] c.l.algorithm.SimulatedAnnealing         : SA-Opt reheat #5 | T=2.43 | costo: 68.00
2026-06-02T04:16:09.974-05:00  INFO 8500 --- [loadroute-backend] [pool-2-thread-1] c.l.algorithm.SimulatedAnnealing         : SA-Opt fin | iter: 4669 | reheats: 5 | mejoras: 601 | peores: 656 | cache: 2336 hits | costo: 68.00 -> 68.00 (0.0%) | tiempo: 0.0s
2026-06-02T04:16:09.974-05:00  INFO 8500 --- [loadroute-backend] [pool-2-thread-1] c.l.algorithm.SimulatedAnnealing         : SA-Opt inicio | T0=1000.0 | costo greedy: 102.00 | envios: 8/8
2026-06-02T04:16:09.981-05:00  INFO 8500 --- [loadroute-backend] [pool-2-thread-1] c.l.algorithm.SimulatedAnnealing         : SA-Opt reheat #1 | T=300.00 | costo: 102.00
2026-06-02T04:16:09.983-05:00  INFO 8500 --- [loadroute-backend] [pool-2-thread-1] c.l.algorithm.SimulatedAnnealing         : SA-Opt reheat #2 | T=90.00 | costo: 102.00
2026-06-02T04:16:09.984-05:00  INFO 8500 --- [loadroute-backend] [pool-2-thread-1] c.l.algorithm.SimulatedAnnealing         : SA-Opt reheat #3 | T=27.00 | costo: 102.00
2026-06-02T04:16:09.984-05:00  INFO 8500 --- [loadroute-backend] [pool-2-thread-1] c.l.algorithm.SimulatedAnnealing         : SA-Opt reheat #4 | T=8.10 | costo: 102.00
2026-06-02T04:16:09.986-05:00  INFO 8500 --- [loadroute-backend] [pool-2-thread-1] c.l.algorithm.SimulatedAnnealing         : SA-Opt reheat #5 | T=2.43 | costo: 102.00
2026-06-02T04:16:09.987-05:00  INFO 8500 --- [loadroute-backend] [pool-2-thread-1] c.l.algorithm.SimulatedAnnealing         : SA-Opt fin | iter: 4669 | reheats: 5 | mejoras: 531 | peores: 599 | cache: 2344 hits | costo: 102.00 -> 102.00 (0.0%) | tiempo: 0.0s
2026-06-02T04:16:09.990-05:00  INFO 8500 --- [loadroute-backend] [pool-2-thread-1] c.l.algorithm.SimulatedAnnealing         : SA-Opt inicio | T0=1000.0 | costo greedy: 118.00 | envios: 12/12
2026-06-02T04:16:09.995-05:00  INFO 8500 --- [loadroute-backend] [pool-2-thread-1] c.l.algorithm.SimulatedAnnealing         : SA-Opt reheat #1 | T=300.00 | costo: 118.00
2026-06-02T04:16:09.996-05:00  INFO 8500 --- [loadroute-backend] [pool-2-thread-1] c.l.algorithm.SimulatedAnnealing         : SA-Opt reheat #2 | T=90.00 | costo: 118.00
2026-06-02T04:16:09.998-05:00  INFO 8500 --- [loadroute-backend] [pool-2-thread-1] c.l.algorithm.SimulatedAnnealing         : SA-Opt reheat #3 | T=27.00 | costo: 118.00
2026-06-02T04:16:09.999-05:00  INFO 8500 --- [loadroute-backend] [pool-2-thread-1] c.l.algorithm.SimulatedAnnealing         : SA-Opt reheat #4 | T=8.10 | costo: 118.00
2026-06-02T04:16:10.000-05:00  INFO 8500 --- [loadroute-backend] [pool-2-thread-1] c.l.algorithm.SimulatedAnnealing         : SA-Opt reheat #5 | T=2.43 | costo: 118.00
2026-06-02T04:16:10.001-05:00  INFO 8500 --- [loadroute-backend] [pool-2-thread-1] c.l.algorithm.SimulatedAnnealing         : SA-Opt fin | iter: 4669 | reheats: 5 | mejoras: 556 | peores: 626 | cache: 2294 hits | costo: 118.00 -> 118.00 (0.0%) | tiempo: 0.0s
2026-06-02T04:16:10.003-05:00  INFO 8500 --- [loadroute-backend] [pool-2-thread-1] c.l.algorithm.SimulatedAnnealing         : SA-Opt inicio | T0=1000.0 | costo greedy: 130.00 | envios: 8/8
2026-06-02T04:16:10.005-05:00  INFO 8500 --- [loadroute-backend] [pool-2-thread-1] c.l.algorithm.SimulatedAnnealing         : SA-Opt reheat #1 | T=300.00 | costo: 130.00
2026-06-02T04:16:10.008-05:00  INFO 8500 --- [loadroute-backend] [pool-2-thread-1] c.l.algorithm.SimulatedAnnealing         : SA-Opt reheat #2 | T=90.00 | costo: 130.00
2026-06-02T04:16:10.009-05:00  INFO 8500 --- [loadroute-backend] [pool-2-thread-1] c.l.algorithm.SimulatedAnnealing         : SA-Opt reheat #3 | T=27.00 | costo: 130.00
2026-06-02T04:16:10.010-05:00  INFO 8500 --- [loadroute-backend] [pool-2-thread-1] c.l.algorithm.SimulatedAnnealing         : SA-Opt reheat #4 | T=8.10 | costo: 130.00
2026-06-02T04:16:10.010-05:00  INFO 8500 --- [loadroute-backend] [pool-2-thread-1] c.l.algorithm.SimulatedAnnealing         : SA-Opt reheat #5 | T=2.43 | costo: 130.00
2026-06-02T04:16:10.011-05:00  INFO 8500 --- [loadroute-backend] [pool-2-thread-1] c.l.algorithm.SimulatedAnnealing         : SA-Opt fin | iter: 4669 | reheats: 5 | mejoras: 580 | peores: 708 | cache: 2315 hits | costo: 130.00 -> 130.00 (0.0%) | tiempo: 0.0s
2026-06-02T04:16:10.011-05:00  INFO 8500 --- [loadroute-backend] [pool-2-thread-1] c.l.algorithm.SimulatedAnnealing         : SA-Opt inicio | T0=1000.0 | costo greedy: 69.00 | envios: 5/5
2026-06-02T04:16:10.015-05:00  INFO 8500 --- [loadroute-backend] [pool-2-thread-1] c.l.algorithm.SimulatedAnnealing         : SA-Opt reheat #1 | T=300.00 | costo: 69.00
2026-06-02T04:16:10.016-05:00  INFO 8500 --- [loadroute-backend] [pool-2-thread-1] c.l.algorithm.SimulatedAnnealing         : SA-Opt reheat #2 | T=90.00 | costo: 69.00
2026-06-02T04:16:10.017-05:00  INFO 8500 --- [loadroute-backend] [pool-2-thread-1] c.l.algorithm.SimulatedAnnealing         : SA-Opt reheat #3 | T=27.00 | costo: 69.00
2026-06-02T04:16:10.019-05:00  INFO 8500 --- [loadroute-backend] [pool-2-thread-1] c.l.algorithm.SimulatedAnnealing         : SA-Opt reheat #4 | T=8.10 | costo: 69.00
2026-06-02T04:16:10.019-05:00  INFO 8500 --- [loadroute-backend] [pool-2-thread-1] c.l.algorithm.SimulatedAnnealing         : SA-Opt reheat #5 | T=2.43 | costo: 69.00
2026-06-02T04:16:10.020-05:00  INFO 8500 --- [loadroute-backend] [pool-2-thread-1] c.l.algorithm.SimulatedAnnealing         : SA-Opt fin | iter: 4669 | reheats: 5 | mejoras: 529 | peores: 601 | cache: 2345 hits | costo: 69.00 -> 69.00 (0.0%) | tiempo: 0.0s
2026-06-02T04:16:10.023-05:00  INFO 8500 --- [loadroute-backend] [pool-2-thread-1] c.l.algorithm.SimulatedAnnealing         : SA-Opt inicio | T0=1000.0 | costo greedy: 124.00 | envios: 9/9
2026-06-02T04:16:10.027-05:00  INFO 8500 --- [loadroute-backend] [pool-2-thread-1] c.l.algorithm.SimulatedAnnealing         : SA-Opt reheat #1 | T=300.00 | costo: 124.00
2026-06-02T04:16:10.029-05:00  INFO 8500 --- [loadroute-backend] [pool-2-thread-1] c.l.algorithm.SimulatedAnnealing         : SA-Opt reheat #2 | T=90.00 | costo: 124.00
2026-06-02T04:16:10.029-05:00  INFO 8500 --- [loadroute-backend] [pool-2-thread-1] c.l.algorithm.SimulatedAnnealing         : SA-Opt reheat #3 | T=27.00 | costo: 124.00
2026-06-02T04:16:10.030-05:00  INFO 8500 --- [loadroute-backend] [pool-2-thread-1] c.l.algorithm.SimulatedAnnealing         : SA-Opt reheat #4 | T=8.10 | costo: 124.00
2026-06-02T04:16:10.031-05:00  INFO 8500 --- [loadroute-backend] [pool-2-thread-1] c.l.algorithm.SimulatedAnnealing         : SA-Opt reheat #5 | T=2.43 | costo: 124.00
2026-06-02T04:16:10.032-05:00  INFO 8500 --- [loadroute-backend] [pool-2-thread-1] c.l.algorithm.SimulatedAnnealing         : SA-Opt fin | iter: 4669 | reheats: 5 | mejoras: 543 | peores: 667 | cache: 2326 hits | costo: 124.00 -> 124.00 (0.0%) | tiempo: 0.0s
2026-06-02T04:16:10.035-05:00  INFO 8500 --- [loadroute-backend] [pool-2-thread-1] c.l.algorithm.SimulatedAnnealing         : SA-Opt inicio | T0=1000.0 | costo greedy: 120.00 | envios: 11/11
2026-06-02T04:16:10.040-05:00  INFO 8500 --- [loadroute-backend] [pool-2-thread-1] c.l.algorithm.SimulatedAnnealing         : SA-Opt reheat #1 | T=300.00 | costo: 120.00
2026-06-02T04:16:10.041-05:00  INFO 8500 --- [loadroute-backend] [pool-2-thread-1] c.l.algorithm.SimulatedAnnealing         : SA-Opt reheat #2 | T=90.00 | costo: 120.00
2026-06-02T04:16:10.043-05:00  INFO 8500 --- [loadroute-backend] [pool-2-thread-1] c.l.algorithm.SimulatedAnnealing         : SA-Opt reheat #3 | T=27.00 | costo: 120.00
2026-06-02T04:16:10.044-05:00  INFO 8500 --- [loadroute-backend] [pool-2-thread-1] c.l.algorithm.SimulatedAnnealing         : SA-Opt reheat #4 | T=8.10 | costo: 120.00
2026-06-02T04:16:10.045-05:00  INFO 8500 --- [loadroute-backend] [pool-2-thread-1] c.l.algorithm.SimulatedAnnealing         : SA-Opt reheat #5 | T=2.43 | costo: 120.00
2026-06-02T04:16:10.045-05:00  INFO 8500 --- [loadroute-backend] [pool-2-thread-1] c.l.algorithm.SimulatedAnnealing         : SA-Opt fin | iter: 4669 | reheats: 5 | mejoras: 536 | peores: 671 | cache: 2319 hits | costo: 120.00 -> 120.00 (0.0%) | tiempo: 0.0s
2026-06-02T04:16:10.047-05:00  INFO 8500 --- [loadroute-backend] [pool-2-thread-1] c.l.algorithm.SimulatedAnnealing         : SA-Opt inicio | T0=1000.0 | costo greedy: 103.00 | envios: 7/7
2026-06-02T04:16:10.050-05:00  INFO 8500 --- [loadroute-backend] [pool-2-thread-1] c.l.algorithm.SimulatedAnnealing         : SA-Opt reheat #1 | T=300.00 | costo: 103.00
2026-06-02T04:16:10.052-05:00  INFO 8500 --- [loadroute-backend] [pool-2-thread-1] c.l.algorithm.SimulatedAnnealing         : SA-Opt reheat #2 | T=90.00 | costo: 103.00
2026-06-02T04:16:10.053-05:00  INFO 8500 --- [loadroute-backend] [pool-2-thread-1] c.l.algorithm.SimulatedAnnealing         : SA-Opt reheat #3 | T=27.00 | costo: 103.00
2026-06-02T04:16:10.054-05:00  INFO 8500 --- [loadroute-backend] [pool-2-thread-1] c.l.algorithm.SimulatedAnnealing         : SA-Opt reheat #4 | T=8.10 | costo: 103.00
2026-06-02T04:16:10.054-05:00  INFO 8500 --- [loadroute-backend] [pool-2-thread-1] c.l.algorithm.SimulatedAnnealing         : SA-Opt reheat #5 | T=2.43 | costo: 103.00
2026-06-02T04:16:10.054-05:00  INFO 8500 --- [loadroute-backend] [pool-2-thread-1] c.l.algorithm.SimulatedAnnealing         : SA-Opt fin | iter: 4669 | reheats: 5 | mejoras: 609 | peores: 713 | cache: 2318 hits | costo: 103.00 -> 103.00 (0.0%) | tiempo: 0.0s
2026-06-02T04:16:10.057-05:00  INFO 8500 --- [loadroute-backend] [pool-2-thread-1] c.l.algorithm.SimulatedAnnealing         : SA-Opt inicio | T0=1000.0 | costo greedy: 73.00 | envios: 8/8
2026-06-02T04:16:10.057-05:00  INFO 8500 --- [loadroute-backend] [pool-2-thread-1] c.l.algorithm.SimulatedAnnealing         : SA-Opt reheat #1 | T=300.00 | costo: 73.00
2026-06-02T04:16:10.063-05:00  INFO 8500 --- [loadroute-backend] [pool-2-thread-1] c.l.algorithm.SimulatedAnnealing         : SA-Opt reheat #2 | T=90.00 | costo: 73.00
2026-06-02T04:16:10.064-05:00  INFO 8500 --- [loadroute-backend] [pool-2-thread-1] c.l.algorithm.SimulatedAnnealing         : SA-Opt reheat #3 | T=27.00 | costo: 73.00
2026-06-02T04:16:10.065-05:00  INFO 8500 --- [loadroute-backend] [pool-2-thread-1] c.l.algorithm.SimulatedAnnealing         : SA-Opt reheat #4 | T=8.10 | costo: 73.00
2026-06-02T04:16:10.065-05:00  INFO 8500 --- [loadroute-backend] [pool-2-thread-1] c.l.algorithm.SimulatedAnnealing         : SA-Opt reheat #5 | T=2.43 | costo: 73.00
2026-06-02T04:16:10.067-05:00  INFO 8500 --- [loadroute-backend] [pool-2-thread-1] c.l.algorithm.SimulatedAnnealing         : SA-Opt fin | iter: 4669 | reheats: 5 | mejoras: 570 | peores: 634 | cache: 2295 hits | costo: 73.00 -> 73.00 (0.0%) | tiempo: 0.0s
2026-06-02T04:16:10.068-05:00  INFO 8500 --- [loadroute-backend] [pool-2-thread-1] c.l.algorithm.SimulatedAnnealing         : SA-Opt inicio | T0=1000.0 | costo greedy: 81.00 | envios: 6/6
2026-06-02T04:16:10.070-05:00  INFO 8500 --- [loadroute-backend] [pool-2-thread-1] c.l.algorithm.SimulatedAnnealing         : SA-Opt reheat #1 | T=300.00 | costo: 81.00
2026-06-02T04:16:10.072-05:00  INFO 8500 --- [loadroute-backend] [pool-2-thread-1] c.l.algorithm.SimulatedAnnealing         : SA-Opt reheat #2 | T=90.00 | costo: 81.00
2026-06-02T04:16:10.073-05:00  INFO 8500 --- [loadroute-backend] [pool-2-thread-1] c.l.algorithm.SimulatedAnnealing         : SA-Opt reheat #3 | T=27.00 | costo: 81.00
2026-06-02T04:16:10.074-05:00  INFO 8500 --- [loadroute-backend] [pool-2-thread-1] c.l.algorithm.SimulatedAnnealing         : SA-Opt reheat #4 | T=8.10 | costo: 81.00
2026-06-02T04:16:10.075-05:00  INFO 8500 --- [loadroute-backend] [pool-2-thread-1] c.l.algorithm.SimulatedAnnealing         : SA-Opt reheat #5 | T=2.43 | costo: 81.00
2026-06-02T04:16:10.076-05:00  INFO 8500 --- [loadroute-backend] [pool-2-thread-1] c.l.algorithm.SimulatedAnnealing         : SA-Opt fin | iter: 4669 | reheats: 5 | mejoras: 566 | peores: 732 | cache: 2366 hits | costo: 81.00 -> 81.00 (0.0%) | tiempo: 0.0s
2026-06-02T04:16:10.077-05:00  INFO 8500 --- [loadroute-backend] [pool-2-thread-1] c.l.algorithm.SimulatedAnnealing         : SA-Opt inicio | T0=1000.0 | costo greedy: 98.00 | envios: 6/6
2026-06-02T04:16:10.080-05:00  INFO 8500 --- [loadroute-backend] [pool-2-thread-1] c.l.algorithm.SimulatedAnnealing         : SA-Opt reheat #1 | T=300.00 | costo: 98.00
2026-06-02T04:16:10.081-05:00  INFO 8500 --- [loadroute-backend] [pool-2-thread-1] c.l.algorithm.SimulatedAnnealing         : SA-Opt reheat #2 | T=90.00 | costo: 98.00
2026-06-02T04:16:10.083-05:00  INFO 8500 --- [loadroute-backend] [pool-2-thread-1] c.l.algorithm.SimulatedAnnealing         : SA-Opt reheat #3 | T=27.00 | costo: 98.00
2026-06-02T04:16:10.084-05:00  INFO 8500 --- [loadroute-backend] [pool-2-thread-1] c.l.algorithm.SimulatedAnnealing         : SA-Opt reheat #4 | T=8.10 | costo: 98.00
2026-06-02T04:16:10.084-05:00  INFO 8500 --- [loadroute-backend] [pool-2-thread-1] c.l.algorithm.SimulatedAnnealing         : SA-Opt reheat #5 | T=2.43 | costo: 98.00
2026-06-02T04:16:10.084-05:00  INFO 8500 --- [loadroute-backend] [pool-2-thread-1] c.l.algorithm.SimulatedAnnealing         : SA-Opt fin | iter: 4669 | reheats: 5 | mejoras: 465 | peores: 600 | cache: 2302 hits | costo: 98.00 -> 98.00 (0.0%) | tiempo: 0.0s
2026-06-02T04:16:10.088-05:00  INFO 8500 --- [loadroute-backend] [pool-2-thread-1] c.l.algorithm.SimulatedAnnealing         : SA-Opt inicio | T0=1000.0 | costo greedy: 218.00 | envios: 15/15
2026-06-02T04:16:10.093-05:00  INFO 8500 --- [loadroute-backend] [pool-2-thread-1] c.l.algorithm.SimulatedAnnealing         : SA-Opt reheat #1 | T=300.00 | costo: 218.00
2026-06-02T04:16:10.094-05:00  INFO 8500 --- [loadroute-backend] [pool-2-thread-1] c.l.algorithm.SimulatedAnnealing         : SA-Opt reheat #2 | T=90.00 | costo: 218.00
2026-06-02T04:16:10.094-05:00  INFO 8500 --- [loadroute-backend] [pool-2-thread-1] c.l.algorithm.SimulatedAnnealing         : SA-Opt reheat #3 | T=27.00 | costo: 218.00
2026-06-02T04:16:10.094-05:00  INFO 8500 --- [loadroute-backend] [pool-2-thread-1] c.l.algorithm.SimulatedAnnealing         : SA-Opt reheat #4 | T=8.10 | costo: 218.00
2026-06-02T04:16:10.094-05:00  INFO 8500 --- [loadroute-backend] [pool-2-thread-1] c.l.algorithm.SimulatedAnnealing         : SA-Opt reheat #5 | T=2.43 | costo: 218.00
2026-06-02T04:16:10.099-05:00  INFO 8500 --- [loadroute-backend] [pool-2-thread-1] c.l.algorithm.SimulatedAnnealing         : SA-Opt fin | iter: 4669 | reheats: 5 | mejoras: 515 | peores: 655 | cache: 2320 hits | costo: 218.00 -> 218.00 (0.0%) | tiempo: 0.0s
2026-06-02T04:16:10.101-05:00  INFO 8500 --- [loadroute-backend] [pool-2-thread-1] c.l.algorithm.SimulatedAnnealing         : SA-Opt inicio | T0=1000.0 | costo greedy: 105.00 | envios: 8/8
2026-06-02T04:16:10.104-05:00  INFO 8500 --- [loadroute-backend] [pool-2-thread-1] c.l.algorithm.SimulatedAnnealing         : SA-Opt reheat #1 | T=300.00 | costo: 105.00
2026-06-02T04:16:10.106-05:00  INFO 8500 --- [loadroute-backend] [pool-2-thread-1] c.l.algorithm.SimulatedAnnealing         : SA-Opt reheat #2 | T=90.00 | costo: 105.00
2026-06-02T04:16:10.107-05:00  INFO 8500 --- [loadroute-backend] [pool-2-thread-1] c.l.algorithm.SimulatedAnnealing         : SA-Opt reheat #3 | T=27.00 | costo: 105.00
2026-06-02T04:16:10.108-05:00  INFO 8500 --- [loadroute-backend] [pool-2-thread-1] c.l.algorithm.SimulatedAnnealing         : SA-Opt reheat #4 | T=8.10 | costo: 105.00
2026-06-02T04:16:10.109-05:00  INFO 8500 --- [loadroute-backend] [pool-2-thread-1] c.l.algorithm.SimulatedAnnealing         : SA-Opt reheat #5 | T=2.43 | costo: 105.00
2026-06-02T04:16:10.109-05:00  INFO 8500 --- [loadroute-backend] [pool-2-thread-1] c.l.algorithm.SimulatedAnnealing         : SA-Opt fin | iter: 4669 | reheats: 5 | mejoras: 584 | peores: 638 | cache: 2315 hits | costo: 105.00 -> 105.00 (0.0%) | tiempo: 0.0s
2026-06-02T04:16:10.111-05:00  INFO 8500 --- [loadroute-backend] [pool-2-thread-1] c.l.algorithm.SimulatedAnnealing         : SA-Opt inicio | T0=1000.0 | costo greedy: 111.00 | envios: 8/8
2026-06-02T04:16:10.115-05:00  INFO 8500 --- [loadroute-backend] [pool-2-thread-1] c.l.algorithm.SimulatedAnnealing         : SA-Opt reheat #1 | T=300.00 | costo: 111.00
2026-06-02T04:16:10.117-05:00  INFO 8500 --- [loadroute-backend] [pool-2-thread-1] c.l.algorithm.SimulatedAnnealing         : SA-Opt reheat #2 | T=90.00 | costo: 111.00
2026-06-02T04:16:10.117-05:00  INFO 8500 --- [loadroute-backend] [pool-2-thread-1] c.l.algorithm.SimulatedAnnealing         : SA-Opt reheat #3 | T=27.00 | costo: 111.00
2026-06-02T04:16:10.117-05:00  INFO 8500 --- [loadroute-backend] [pool-2-thread-1] c.l.algorithm.SimulatedAnnealing         : SA-Opt reheat #4 | T=8.10 | costo: 111.00
2026-06-02T04:16:10.117-05:00  INFO 8500 --- [loadroute-backend] [pool-2-thread-1] c.l.algorithm.SimulatedAnnealing         : SA-Opt reheat #5 | T=2.43 | costo: 111.00
2026-06-02T04:16:10.117-05:00  INFO 8500 --- [loadroute-backend] [pool-2-thread-1] c.l.algorithm.SimulatedAnnealing         : SA-Opt fin | iter: 4669 | reheats: 5 | mejoras: 544 | peores: 611 | cache: 2347 hits | costo: 111.00 -> 111.00 (0.0%) | tiempo: 0.0s
2026-06-02T04:16:10.117-05:00  INFO 8500 --- [loadroute-backend] [pool-2-thread-1] c.l.algorithm.SimulatedAnnealing         : SA-Opt inicio | T0=1000.0 | costo greedy: 43.00 | envios: 4/4
2026-06-02T04:16:10.124-05:00  INFO 8500 --- [loadroute-backend] [pool-2-thread-1] c.l.algorithm.SimulatedAnnealing         : SA-Opt reheat #1 | T=300.00 | costo: 43.00
2026-06-02T04:16:10.124-05:00  INFO 8500 --- [loadroute-backend] [pool-2-thread-1] c.l.algorithm.SimulatedAnnealing         : SA-Opt reheat #2 | T=90.00 | costo: 43.00
2026-06-02T04:16:10.128-05:00  INFO 8500 --- [loadroute-backend] [pool-2-thread-1] c.l.algorithm.SimulatedAnnealing         : SA-Opt reheat #3 | T=27.00 | costo: 43.00
2026-06-02T04:16:10.128-05:00  INFO 8500 --- [loadroute-backend] [pool-2-thread-1] c.l.algorithm.SimulatedAnnealing         : SA-Opt reheat #4 | T=8.10 | costo: 43.00
2026-06-02T04:16:10.128-05:00  INFO 8500 --- [loadroute-backend] [pool-2-thread-1] c.l.algorithm.SimulatedAnnealing         : SA-Opt reheat #5 | T=2.43 | costo: 43.00
2026-06-02T04:16:10.128-05:00  INFO 8500 --- [loadroute-backend] [pool-2-thread-1] c.l.algorithm.SimulatedAnnealing         : SA-Opt fin | iter: 4669 | reheats: 5 | mejoras: 507 | peores: 670 | cache: 2341 hits | costo: 43.00 -> 43.00 (0.0%) | tiempo: 0.0s
2026-06-02T04:16:10.128-05:00  INFO 8500 --- [loadroute-backend] [pool-2-thread-1] c.l.algorithm.SimulatedAnnealing         : SA-Opt inicio | T0=1000.0 | costo greedy: 145.00 | envios: 8/8
2026-06-02T04:16:10.133-05:00  INFO 8500 --- [loadroute-backend] [pool-2-thread-1] c.l.algorithm.SimulatedAnnealing         : SA-Opt reheat #1 | T=300.00 | costo: 145.00
2026-06-02T04:16:10.135-05:00  INFO 8500 --- [loadroute-backend] [pool-2-thread-1] c.l.algorithm.SimulatedAnnealing         : SA-Opt reheat #2 | T=90.00 | costo: 145.00
2026-06-02T04:16:10.137-05:00  INFO 8500 --- [loadroute-backend] [pool-2-thread-1] c.l.algorithm.SimulatedAnnealing         : SA-Opt reheat #3 | T=27.00 | costo: 145.00
2026-06-02T04:16:10.137-05:00  INFO 8500 --- [loadroute-backend] [pool-2-thread-1] c.l.algorithm.SimulatedAnnealing         : SA-Opt reheat #4 | T=8.10 | costo: 145.00
2026-06-02T04:16:10.139-05:00  INFO 8500 --- [loadroute-backend] [pool-2-thread-1] c.l.algorithm.SimulatedAnnealing         : SA-Opt reheat #5 | T=2.43 | costo: 145.00
2026-06-02T04:16:10.139-05:00  INFO 8500 --- [loadroute-backend] [pool-2-thread-1] c.l.algorithm.SimulatedAnnealing         : SA-Opt fin | iter: 4669 | reheats: 5 | mejoras: 579 | peores: 637 | cache: 2323 hits | costo: 145.00 -> 145.00 (0.0%) | tiempo: 0.0s
2026-06-02T04:16:10.141-05:00  INFO 8500 --- [loadroute-backend] [pool-2-thread-1] c.l.algorithm.SimulatedAnnealing         : SA-Opt inicio | T0=1000.0 | costo greedy: 135.00 | envios: 9/9
2026-06-02T04:16:10.144-05:00  INFO 8500 --- [loadroute-backend] [pool-2-thread-1] c.l.algorithm.SimulatedAnnealing         : SA-Opt reheat #1 | T=300.00 | costo: 135.00
2026-06-02T04:16:10.144-05:00  INFO 8500 --- [loadroute-backend] [pool-2-thread-1] c.l.algorithm.SimulatedAnnealing         : SA-Opt reheat #2 | T=90.00 | costo: 135.00
2026-06-02T04:16:10.149-05:00  INFO 8500 --- [loadroute-backend] [pool-2-thread-1] c.l.algorithm.SimulatedAnnealing         : SA-Opt reheat #3 | T=27.00 | costo: 135.00
2026-06-02T04:16:10.149-05:00  INFO 8500 --- [loadroute-backend] [pool-2-thread-1] c.l.algorithm.SimulatedAnnealing         : SA-Opt reheat #4 | T=8.10 | costo: 135.00
2026-06-02T04:16:10.149-05:00  INFO 8500 --- [loadroute-backend] [pool-2-thread-1] c.l.algorithm.SimulatedAnnealing         : SA-Opt reheat #5 | T=2.43 | costo: 135.00
2026-06-02T04:16:10.149-05:00  INFO 8500 --- [loadroute-backend] [pool-2-thread-1] c.l.algorithm.SimulatedAnnealing         : SA-Opt fin | iter: 4669 | reheats: 5 | mejoras: 544 | peores: 641 | cache: 2300 hits | costo: 135.00 -> 135.00 (0.0%) | tiempo: 0.0s
2026-06-02T04:16:10.154-05:00  INFO 8500 --- [loadroute-backend] [pool-2-thread-1] c.l.algorithm.SimulatedAnnealing         : SA-Opt inicio | T0=1000.0 | costo greedy: 124.00 | envios: 11/11
2026-06-02T04:16:10.154-05:00  INFO 8500 --- [loadroute-backend] [pool-2-thread-1] c.l.algorithm.SimulatedAnnealing         : SA-Opt reheat #1 | T=300.00 | costo: 124.00
2026-06-02T04:16:10.154-05:00  INFO 8500 --- [loadroute-backend] [pool-2-thread-1] c.l.algorithm.SimulatedAnnealing         : SA-Opt reheat #2 | T=90.00 | costo: 124.00
2026-06-02T04:16:10.154-05:00  INFO 8500 --- [loadroute-backend] [pool-2-thread-1] c.l.algorithm.SimulatedAnnealing         : SA-Opt reheat #3 | T=27.00 | costo: 124.00
2026-06-02T04:16:10.154-05:00  INFO 8500 --- [loadroute-backend] [pool-2-thread-1] c.l.algorithm.SimulatedAnnealing         : SA-Opt reheat #4 | T=8.10 | costo: 124.00
2026-06-02T04:16:10.163-05:00  INFO 8500 --- [loadroute-backend] [pool-2-thread-1] c.l.algorithm.SimulatedAnnealing         : SA-Opt reheat #5 | T=2.43 | costo: 124.00
2026-06-02T04:16:10.163-05:00  INFO 8500 --- [loadroute-backend] [pool-2-thread-1] c.l.algorithm.SimulatedAnnealing         : SA-Opt fin | iter: 4669 | reheats: 5 | mejoras: 531 | peores: 652 | cache: 2272 hits | costo: 124.00 -> 124.00 (0.0%) | tiempo: 0.0s
2026-06-02T04:16:10.165-05:00  INFO 8500 --- [loadroute-backend] [pool-2-thread-1] c.l.algorithm.SimulatedAnnealing         : SA-Opt inicio | T0=1000.0 | costo greedy: 206.00 | envios: 10/10
2026-06-02T04:16:10.169-05:00  INFO 8500 --- [loadroute-backend] [pool-2-thread-1] c.l.algorithm.SimulatedAnnealing         : SA-Opt reheat #1 | T=300.00 | costo: 206.00
2026-06-02T04:16:10.170-05:00  INFO 8500 --- [loadroute-backend] [pool-2-thread-1] c.l.algorithm.SimulatedAnnealing         : SA-Opt reheat #2 | T=90.00 | costo: 206.00
2026-06-02T04:16:10.172-05:00  INFO 8500 --- [loadroute-backend] [pool-2-thread-1] c.l.algorithm.SimulatedAnnealing         : SA-Opt reheat #3 | T=27.00 | costo: 206.00
2026-06-02T04:16:10.173-05:00  INFO 8500 --- [loadroute-backend] [pool-2-thread-1] c.l.algorithm.SimulatedAnnealing         : SA-Opt reheat #4 | T=8.10 | costo: 206.00
2026-06-02T04:16:10.173-05:00  INFO 8500 --- [loadroute-backend] [pool-2-thread-1] c.l.algorithm.SimulatedAnnealing         : SA-Opt reheat #5 | T=2.43 | costo: 206.00
2026-06-02T04:16:10.174-05:00  INFO 8500 --- [loadroute-backend] [pool-2-thread-1] c.l.algorithm.SimulatedAnnealing         : SA-Opt fin | iter: 4669 | reheats: 5 | mejoras: 589 | peores: 719 | cache: 2397 hits | costo: 206.00 -> 206.00 (0.0%) | tiempo: 0.0s
2026-06-02T04:16:10.175-05:00  INFO 8500 --- [loadroute-backend] [pool-2-thread-1] c.l.algorithm.SimulatedAnnealing         : SA-Opt inicio | T0=1000.0 | costo greedy: 95.00 | envios: 8/8
2026-06-02T04:16:10.180-05:00  INFO 8500 --- [loadroute-backend] [pool-2-thread-1] c.l.algorithm.SimulatedAnnealing         : SA-Opt reheat #1 | T=300.00 | costo: 95.00
2026-06-02T04:16:10.180-05:00  INFO 8500 --- [loadroute-backend] [pool-2-thread-1] c.l.algorithm.SimulatedAnnealing         : SA-Opt reheat #2 | T=90.00 | costo: 95.00
2026-06-02T04:16:10.184-05:00  INFO 8500 --- [loadroute-backend] [pool-2-thread-1] c.l.algorithm.SimulatedAnnealing         : SA-Opt reheat #3 | T=27.00 | costo: 95.00
2026-06-02T04:16:10.184-05:00  INFO 8500 --- [loadroute-backend] [pool-2-thread-1] c.l.algorithm.SimulatedAnnealing         : SA-Opt reheat #4 | T=8.10 | costo: 95.00
2026-06-02T04:16:10.184-05:00  INFO 8500 --- [loadroute-backend] [pool-2-thread-1] c.l.algorithm.SimulatedAnnealing         : SA-Opt reheat #5 | T=2.43 | costo: 95.00
2026-06-02T04:16:10.184-05:00  INFO 8500 --- [loadroute-backend] [pool-2-thread-1] c.l.algorithm.SimulatedAnnealing         : SA-Opt fin | iter: 4669 | reheats: 5 | mejoras: 582 | peores: 682 | cache: 2336 hits | costo: 95.00 -> 95.00 (0.0%) | tiempo: 0.0s
2026-06-02T04:16:10.184-05:00  INFO 8500 --- [loadroute-backend] [pool-2-thread-1] c.l.algorithm.SimulatedAnnealing         : SA-Opt inicio | T0=1000.0 | costo greedy: 47.00 | envios: 5/5
2026-06-02T04:16:10.189-05:00  INFO 8500 --- [loadroute-backend] [pool-2-thread-1] c.l.algorithm.SimulatedAnnealing         : SA-Opt reheat #1 | T=300.00 | costo: 47.00
2026-06-02T04:16:10.189-05:00  INFO 8500 --- [loadroute-backend] [pool-2-thread-1] c.l.algorithm.SimulatedAnnealing         : SA-Opt reheat #2 | T=90.00 | costo: 47.00
2026-06-02T04:16:10.193-05:00  INFO 8500 --- [loadroute-backend] [pool-2-thread-1] c.l.algorithm.SimulatedAnnealing         : SA-Opt reheat #3 | T=27.00 | costo: 47.00
2026-06-02T04:16:10.194-05:00  INFO 8500 --- [loadroute-backend] [pool-2-thread-1] c.l.algorithm.SimulatedAnnealing         : SA-Opt reheat #4 | T=8.10 | costo: 47.00
2026-06-02T04:16:10.194-05:00  INFO 8500 --- [loadroute-backend] [pool-2-thread-1] c.l.algorithm.SimulatedAnnealing         : SA-Opt reheat #5 | T=2.43 | costo: 47.00
2026-06-02T04:16:10.194-05:00  INFO 8500 --- [loadroute-backend] [pool-2-thread-1] c.l.algorithm.SimulatedAnnealing         : SA-Opt fin | iter: 4669 | reheats: 5 | mejoras: 559 | peores: 684 | cache: 2336 hits | costo: 47.00 -> 47.00 (0.0%) | tiempo: 0.0s
2026-06-02T04:16:10.195-05:00  INFO 8500 --- [loadroute-backend] [pool-2-thread-1] c.l.algorithm.SimulatedAnnealing         : SA-Opt inicio | T0=1000.0 | costo greedy: 48.00 | envios: 5/5
2026-06-02T04:16:10.195-05:00  INFO 8500 --- [loadroute-backend] [pool-2-thread-1] c.l.algorithm.SimulatedAnnealing         : SA-Opt reheat #1 | T=300.00 | costo: 48.00
2026-06-02T04:16:10.195-05:00  INFO 8500 --- [loadroute-backend] [pool-2-thread-1] c.l.algorithm.SimulatedAnnealing         : SA-Opt reheat #2 | T=90.00 | costo: 48.00
2026-06-02T04:16:10.195-05:00  INFO 8500 --- [loadroute-backend] [pool-2-thread-1] c.l.algorithm.SimulatedAnnealing         : SA-Opt reheat #3 | T=27.00 | costo: 48.00
2026-06-02T04:16:10.203-05:00  INFO 8500 --- [loadroute-backend] [pool-2-thread-1] c.l.algorithm.SimulatedAnnealing         : SA-Opt reheat #4 | T=8.10 | costo: 48.00
2026-06-02T04:16:10.203-05:00  INFO 8500 --- [loadroute-backend] [pool-2-thread-1] c.l.algorithm.SimulatedAnnealing         : SA-Opt reheat #5 | T=2.43 | costo: 48.00
2026-06-02T04:16:10.204-05:00  INFO 8500 --- [loadroute-backend] [pool-2-thread-1] c.l.algorithm.SimulatedAnnealing         : SA-Opt fin | iter: 4669 | reheats: 5 | mejoras: 552 | peores: 599 | cache: 2292 hits | costo: 48.00 -> 48.00 (0.0%) | tiempo: 0.0s
2026-06-02T04:16:10.204-05:00  INFO 8500 --- [loadroute-backend] [pool-2-thread-1] c.l.algorithm.SimulatedAnnealing         : SA-Opt inicio | T0=1000.0 | costo greedy: 127.00 | envios: 10/10
2026-06-02T04:16:10.204-05:00  INFO 8500 --- [loadroute-backend] [pool-2-thread-1] c.l.algorithm.SimulatedAnnealing         : SA-Opt reheat #1 | T=300.00 | costo: 127.00
2026-06-02T04:16:10.211-05:00  INFO 8500 --- [loadroute-backend] [pool-2-thread-1] c.l.algorithm.SimulatedAnnealing         : SA-Opt reheat #2 | T=90.00 | costo: 127.00
2026-06-02T04:16:10.213-05:00  INFO 8500 --- [loadroute-backend] [pool-2-thread-1] c.l.algorithm.SimulatedAnnealing         : SA-Opt reheat #3 | T=27.00 | costo: 127.00
2026-06-02T04:16:10.214-05:00  INFO 8500 --- [loadroute-backend] [pool-2-thread-1] c.l.algorithm.SimulatedAnnealing         : SA-Opt reheat #4 | T=8.10 | costo: 127.00
2026-06-02T04:16:10.214-05:00  INFO 8500 --- [loadroute-backend] [pool-2-thread-1] c.l.algorithm.SimulatedAnnealing         : SA-Opt reheat #5 | T=2.43 | costo: 127.00
2026-06-02T04:16:10.214-05:00  INFO 8500 --- [loadroute-backend] [pool-2-thread-1] c.l.algorithm.SimulatedAnnealing         : SA-Opt fin | iter: 4669 | reheats: 5 | mejoras: 529 | peores: 642 | cache: 2366 hits | costo: 127.00 -> 127.00 (0.0%) | tiempo: 0.0s
2026-06-02T04:16:10.214-05:00  INFO 8500 --- [loadroute-backend] [pool-2-thread-1] c.l.algorithm.SimulatedAnnealing         : SA-Opt inicio | T0=1000.0 | costo greedy: 92.00 | envios: 6/6
2026-06-02T04:16:10.214-05:00  INFO 8500 --- [loadroute-backend] [pool-2-thread-1] c.l.algorithm.SimulatedAnnealing         : SA-Opt reheat #1 | T=300.00 | costo: 92.00
2026-06-02T04:16:10.214-05:00  INFO 8500 --- [loadroute-backend] [pool-2-thread-1] c.l.algorithm.SimulatedAnnealing         : SA-Opt reheat #2 | T=90.00 | costo: 92.00
2026-06-02T04:16:10.214-05:00  INFO 8500 --- [loadroute-backend] [pool-2-thread-1] c.l.algorithm.SimulatedAnnealing         : SA-Opt reheat #3 | T=27.00 | costo: 92.00
2026-06-02T04:16:10.223-05:00  INFO 8500 --- [loadroute-backend] [pool-2-thread-1] c.l.algorithm.SimulatedAnnealing         : SA-Opt reheat #4 | T=8.10 | costo: 92.00
2026-06-02T04:16:10.224-05:00  INFO 8500 --- [loadroute-backend] [pool-2-thread-1] c.l.algorithm.SimulatedAnnealing         : SA-Opt reheat #5 | T=2.43 | costo: 92.00
2026-06-02T04:16:10.224-05:00  INFO 8500 --- [loadroute-backend] [pool-2-thread-1] c.l.algorithm.SimulatedAnnealing         : SA-Opt fin | iter: 4669 | reheats: 5 | mejoras: 515 | peores: 614 | cache: 2340 hits | costo: 92.00 -> 92.00 (0.0%) | tiempo: 0.0s
2026-06-02T04:16:10.227-05:00  INFO 8500 --- [loadroute-backend] [pool-2-thread-1] c.l.algorithm.SimulatedAnnealing         : SA-Opt inicio | T0=1000.0 | costo greedy: 104.00 | envios: 12/12
2026-06-02T04:16:10.231-05:00  INFO 8500 --- [loadroute-backend] [pool-2-thread-1] c.l.algorithm.SimulatedAnnealing         : SA-Opt reheat #1 | T=300.00 | costo: 104.00
2026-06-02T04:16:10.232-05:00  INFO 8500 --- [loadroute-backend] [pool-2-thread-1] c.l.algorithm.SimulatedAnnealing         : SA-Opt reheat #2 | T=90.00 | costo: 104.00
2026-06-02T04:16:10.234-05:00  INFO 8500 --- [loadroute-backend] [pool-2-thread-1] c.l.algorithm.SimulatedAnnealing         : SA-Opt reheat #3 | T=27.00 | costo: 104.00
2026-06-02T04:16:10.234-05:00  INFO 8500 --- [loadroute-backend] [pool-2-thread-1] c.l.algorithm.SimulatedAnnealing         : SA-Opt reheat #4 | T=8.10 | costo: 104.00
2026-06-02T04:16:10.235-05:00  INFO 8500 --- [loadroute-backend] [pool-2-thread-1] c.l.algorithm.SimulatedAnnealing         : SA-Opt reheat #5 | T=2.43 | costo: 104.00
2026-06-02T04:16:10.236-05:00  INFO 8500 --- [loadroute-backend] [pool-2-thread-1] c.l.algorithm.SimulatedAnnealing         : SA-Opt fin | iter: 4669 | reheats: 5 | mejoras: 517 | peores: 604 | cache: 2290 hits | costo: 104.00 -> 104.00 (0.0%) | tiempo: 0.0s
2026-06-02T04:16:10.237-05:00  INFO 8500 --- [loadroute-backend] [pool-2-thread-1] c.l.algorithm.SimulatedAnnealing         : SA-Opt inicio | T0=1000.0 | costo greedy: 100.00 | envios: 6/6
2026-06-02T04:16:10.240-05:00  INFO 8500 --- [loadroute-backend] [pool-2-thread-1] c.l.algorithm.SimulatedAnnealing         : SA-Opt reheat #1 | T=300.00 | costo: 100.00
2026-06-02T04:16:10.241-05:00  INFO 8500 --- [loadroute-backend] [pool-2-thread-1] c.l.algorithm.SimulatedAnnealing         : SA-Opt reheat #2 | T=90.00 | costo: 100.00
2026-06-02T04:16:10.244-05:00  INFO 8500 --- [loadroute-backend] [pool-2-thread-1] c.l.algorithm.SimulatedAnnealing         : SA-Opt reheat #3 | T=27.00 | costo: 100.00
2026-06-02T04:16:10.244-05:00  INFO 8500 --- [loadroute-backend] [pool-2-thread-1] c.l.algorithm.SimulatedAnnealing         : SA-Opt reheat #4 | T=8.10 | costo: 100.00
2026-06-02T04:16:10.245-05:00  INFO 8500 --- [loadroute-backend] [pool-2-thread-1] c.l.algorithm.SimulatedAnnealing         : SA-Opt reheat #5 | T=2.43 | costo: 100.00
2026-06-02T04:16:10.246-05:00  INFO 8500 --- [loadroute-backend] [pool-2-thread-1] c.l.algorithm.SimulatedAnnealing         : SA-Opt fin | iter: 4669 | reheats: 5 | mejoras: 528 | peores: 716 | cache: 2295 hits | costo: 100.00 -> 100.00 (0.0%) | tiempo: 0.0s
2026-06-02T04:16:10.247-05:00  INFO 8500 --- [loadroute-backend] [pool-2-thread-1] c.l.algorithm.SimulatedAnnealing         : SA-Opt inicio | T0=1000.0 | costo greedy: 51.00 | envios: 5/5
2026-06-02T04:16:10.250-05:00  INFO 8500 --- [loadroute-backend] [pool-2-thread-1] c.l.algorithm.SimulatedAnnealing         : SA-Opt reheat #1 | T=300.00 | costo: 51.00
2026-06-02T04:16:10.252-05:00  INFO 8500 --- [loadroute-backend] [pool-2-thread-1] c.l.algorithm.SimulatedAnnealing         : SA-Opt reheat #2 | T=90.00 | costo: 51.00
2026-06-02T04:16:10.253-05:00  INFO 8500 --- [loadroute-backend] [pool-2-thread-1] c.l.algorithm.SimulatedAnnealing         : SA-Opt reheat #3 | T=27.00 | costo: 51.00
2026-06-02T04:16:10.254-05:00  INFO 8500 --- [loadroute-backend] [pool-2-thread-1] c.l.algorithm.SimulatedAnnealing         : SA-Opt reheat #4 | T=8.10 | costo: 51.00
2026-06-02T04:16:10.255-05:00  INFO 8500 --- [loadroute-backend] [pool-2-thread-1] c.l.algorithm.SimulatedAnnealing         : SA-Opt reheat #5 | T=2.43 | costo: 51.00
2026-06-02T04:16:10.256-05:00  INFO 8500 --- [loadroute-backend] [pool-2-thread-1] c.l.algorithm.SimulatedAnnealing         : SA-Opt fin | iter: 4669 | reheats: 5 | mejoras: 520 | peores: 601 | cache: 2322 hits | costo: 51.00 -> 51.00 (0.0%) | tiempo: 0.0s
2026-06-02T04:16:10.258-05:00  INFO 8500 --- [loadroute-backend] [pool-2-thread-1] c.l.algorithm.SimulatedAnnealing         : SA-Opt inicio | T0=1000.0 | costo greedy: 109.00 | envios: 9/9
2026-06-02T04:16:10.261-05:00  INFO 8500 --- [loadroute-backend] [pool-2-thread-1] c.l.algorithm.SimulatedAnnealing         : SA-Opt reheat #1 | T=300.00 | costo: 109.00
2026-06-02T04:16:10.263-05:00  INFO 8500 --- [loadroute-backend] [pool-2-thread-1] c.l.algorithm.SimulatedAnnealing         : SA-Opt reheat #2 | T=90.00 | costo: 109.00
2026-06-02T04:16:10.264-05:00  INFO 8500 --- [loadroute-backend] [pool-2-thread-1] c.l.algorithm.SimulatedAnnealing         : SA-Opt reheat #3 | T=27.00 | costo: 109.00
2026-06-02T04:16:10.266-05:00  INFO 8500 --- [loadroute-backend] [pool-2-thread-1] c.l.algorithm.SimulatedAnnealing         : SA-Opt reheat #4 | T=8.10 | costo: 109.00
2026-06-02T04:16:10.267-05:00  INFO 8500 --- [loadroute-backend] [pool-2-thread-1] c.l.algorithm.SimulatedAnnealing         : SA-Opt reheat #5 | T=2.43 | costo: 109.00
2026-06-02T04:16:10.267-05:00  INFO 8500 --- [loadroute-backend] [pool-2-thread-1] c.l.algorithm.SimulatedAnnealing         : SA-Opt fin | iter: 4669 | reheats: 5 | mejoras: 514 | peores: 616 | cache: 2315 hits | costo: 109.00 -> 109.00 (0.0%) | tiempo: 0.0s
2026-06-02T04:16:10.269-05:00  INFO 8500 --- [loadroute-backend] [pool-2-thread-1] c.l.algorithm.SimulatedAnnealing         : SA-Opt inicio | T0=1000.0 | costo greedy: 105.00 | envios: 9/9
2026-06-02T04:16:10.274-05:00  INFO 8500 --- [loadroute-backend] [pool-2-thread-1] c.l.algorithm.SimulatedAnnealing         : SA-Opt reheat #1 | T=300.00 | costo: 105.00
2026-06-02T04:16:10.275-05:00  INFO 8500 --- [loadroute-backend] [pool-2-thread-1] c.l.algorithm.SimulatedAnnealing         : SA-Opt reheat #2 | T=90.00 | costo: 105.00
2026-06-02T04:16:10.276-05:00  INFO 8500 --- [loadroute-backend] [pool-2-thread-1] c.l.algorithm.SimulatedAnnealing         : SA-Opt reheat #3 | T=27.00 | costo: 105.00
2026-06-02T04:16:10.278-05:00  INFO 8500 --- [loadroute-backend] [pool-2-thread-1] c.l.algorithm.SimulatedAnnealing         : SA-Opt reheat #4 | T=8.10 | costo: 105.00
2026-06-02T04:16:10.279-05:00  INFO 8500 --- [loadroute-backend] [pool-2-thread-1] c.l.algorithm.SimulatedAnnealing         : SA-Opt reheat #5 | T=2.43 | costo: 105.00
2026-06-02T04:16:10.279-05:00  INFO 8500 --- [loadroute-backend] [pool-2-thread-1] c.l.algorithm.SimulatedAnnealing         : SA-Opt fin | iter: 4669 | reheats: 5 | mejoras: 580 | peores: 706 | cache: 2332 hits | costo: 105.00 -> 105.00 (0.0%) | tiempo: 0.0s
2026-06-02T04:16:10.281-05:00  INFO 8500 --- [loadroute-backend] [pool-2-thread-1] c.l.algorithm.SimulatedAnnealing         : SA-Opt inicio | T0=1000.0 | costo greedy: 175.00 | envios: 9/9
2026-06-02T04:16:10.286-05:00  INFO 8500 --- [loadroute-backend] [pool-2-thread-1] c.l.algorithm.SimulatedAnnealing         : SA-Opt reheat #1 | T=300.00 | costo: 175.00
2026-06-02T04:16:10.288-05:00  INFO 8500 --- [loadroute-backend] [pool-2-thread-1] c.l.algorithm.SimulatedAnnealing         : SA-Opt reheat #2 | T=90.00 | costo: 175.00
2026-06-02T04:16:10.289-05:00  INFO 8500 --- [loadroute-backend] [pool-2-thread-1] c.l.algorithm.SimulatedAnnealing         : SA-Opt reheat #3 | T=27.00 | costo: 175.00
2026-06-02T04:16:10.290-05:00  INFO 8500 --- [loadroute-backend] [pool-2-thread-1] c.l.algorithm.SimulatedAnnealing         : SA-Opt reheat #4 | T=8.10 | costo: 175.00
2026-06-02T04:16:10.291-05:00  INFO 8500 --- [loadroute-backend] [pool-2-thread-1] c.l.algorithm.SimulatedAnnealing         : SA-Opt reheat #5 | T=2.43 | costo: 175.00
2026-06-02T04:16:10.292-05:00  INFO 8500 --- [loadroute-backend] [pool-2-thread-1] c.l.algorithm.SimulatedAnnealing         : SA-Opt fin | iter: 4669 | reheats: 5 | mejoras: 574 | peores: 711 | cache: 2302 hits | costo: 175.00 -> 175.00 (0.0%) | tiempo: 0.0s
2026-06-02T04:16:10.294-05:00  INFO 8500 --- [loadroute-backend] [pool-2-thread-1] c.l.algorithm.SimulatedAnnealing         : SA-Opt inicio | T0=1000.0 | costo greedy: 115.00 | envios: 10/10
2026-06-02T04:16:10.299-05:00  INFO 8500 --- [loadroute-backend] [pool-2-thread-1] c.l.algorithm.SimulatedAnnealing         : SA-Opt reheat #1 | T=300.00 | costo: 115.00
2026-06-02T04:16:10.301-05:00  INFO 8500 --- [loadroute-backend] [pool-2-thread-1] c.l.algorithm.SimulatedAnnealing         : SA-Opt reheat #2 | T=90.00 | costo: 115.00
2026-06-02T04:16:10.302-05:00  INFO 8500 --- [loadroute-backend] [pool-2-thread-1] c.l.algorithm.SimulatedAnnealing         : SA-Opt reheat #3 | T=27.00 | costo: 115.00
2026-06-02T04:16:10.303-05:00  INFO 8500 --- [loadroute-backend] [pool-2-thread-1] c.l.algorithm.SimulatedAnnealing         : SA-Opt reheat #4 | T=8.10 | costo: 115.00
2026-06-02T04:16:10.304-05:00  INFO 8500 --- [loadroute-backend] [pool-2-thread-1] c.l.algorithm.SimulatedAnnealing         : SA-Opt reheat #5 | T=2.43 | costo: 115.00
2026-06-02T04:16:10.305-05:00  INFO 8500 --- [loadroute-backend] [pool-2-thread-1] c.l.algorithm.SimulatedAnnealing         : SA-Opt fin | iter: 4669 | reheats: 5 | mejoras: 587 | peores: 612 | cache: 2380 hits | costo: 115.00 -> 115.00 (0.0%) | tiempo: 0.0s
2026-06-02T04:16:10.306-05:00  INFO 8500 --- [loadroute-backend] [pool-2-thread-1] c.l.algorithm.SimulatedAnnealing         : SA-Opt inicio | T0=1000.0 | costo greedy: 104.00 | envios: 6/6
2026-06-02T04:16:10.308-05:00  INFO 8500 --- [loadroute-backend] [pool-2-thread-1] c.l.algorithm.SimulatedAnnealing         : SA-Opt reheat #1 | T=300.00 | costo: 104.00
2026-06-02T04:16:10.310-05:00  INFO 8500 --- [loadroute-backend] [pool-2-thread-1] c.l.algorithm.SimulatedAnnealing         : SA-Opt reheat #2 | T=90.00 | costo: 104.00
2026-06-02T04:16:10.310-05:00  INFO 8500 --- [loadroute-backend] [pool-2-thread-1] c.l.algorithm.SimulatedAnnealing         : SA-Opt reheat #3 | T=27.00 | costo: 104.00
2026-06-02T04:16:10.312-05:00  INFO 8500 --- [loadroute-backend] [pool-2-thread-1] c.l.algorithm.SimulatedAnnealing         : SA-Opt reheat #4 | T=8.10 | costo: 104.00
2026-06-02T04:16:10.313-05:00  INFO 8500 --- [loadroute-backend] [pool-2-thread-1] c.l.algorithm.SimulatedAnnealing         : SA-Opt reheat #5 | T=2.43 | costo: 104.00
2026-06-02T04:16:10.313-05:00  INFO 8500 --- [loadroute-backend] [pool-2-thread-1] c.l.algorithm.SimulatedAnnealing         : SA-Opt fin | iter: 4669 | reheats: 5 | mejoras: 521 | peores: 651 | cache: 2309 hits | costo: 104.00 -> 104.00 (0.0%) | tiempo: 0.0s
2026-06-02T04:16:10.316-05:00  INFO 8500 --- [loadroute-backend] [pool-2-thread-1] c.l.algorithm.SimulatedAnnealing         : SA-Opt inicio | T0=1000.0 | costo greedy: 193.00 | envios: 13/13
2026-06-02T04:16:10.320-05:00  INFO 8500 --- [loadroute-backend] [pool-2-thread-1] c.l.algorithm.SimulatedAnnealing         : SA-Opt reheat #1 | T=300.00 | costo: 193.00
2026-06-02T04:16:10.322-05:00  INFO 8500 --- [loadroute-backend] [pool-2-thread-1] c.l.algorithm.SimulatedAnnealing         : SA-Opt reheat #2 | T=90.00 | costo: 193.00
2026-06-02T04:16:10.323-05:00  INFO 8500 --- [loadroute-backend] [pool-2-thread-1] c.l.algorithm.SimulatedAnnealing         : SA-Opt reheat #3 | T=27.00 | costo: 193.00
2026-06-02T04:16:10.324-05:00  INFO 8500 --- [loadroute-backend] [pool-2-thread-1] c.l.algorithm.SimulatedAnnealing         : SA-Opt reheat #4 | T=8.10 | costo: 193.00
2026-06-02T04:16:10.324-05:00  INFO 8500 --- [loadroute-backend] [pool-2-thread-1] c.l.algorithm.SimulatedAnnealing         : SA-Opt reheat #5 | T=2.43 | costo: 193.00
2026-06-02T04:16:10.324-05:00  INFO 8500 --- [loadroute-backend] [pool-2-thread-1] c.l.algorithm.SimulatedAnnealing         : SA-Opt fin | iter: 4669 | reheats: 5 | mejoras: 562 | peores: 652 | cache: 2352 hits | costo: 193.00 -> 193.00 (0.0%) | tiempo: 0.0s
2026-06-02T04:16:10.324-05:00  INFO 8500 --- [loadroute-backend] [pool-2-thread-1] c.l.algorithm.SimulatedAnnealing         : SA-Opt inicio | T0=1000.0 | costo greedy: 60.00 | envios: 5/5
2026-06-02T04:16:10.324-05:00  INFO 8500 --- [loadroute-backend] [pool-2-thread-1] c.l.algorithm.SimulatedAnnealing         : SA-Opt reheat #1 | T=300.00 | costo: 60.00
2026-06-02T04:16:10.332-05:00  INFO 8500 --- [loadroute-backend] [pool-2-thread-1] c.l.algorithm.SimulatedAnnealing         : SA-Opt reheat #2 | T=90.00 | costo: 60.00
2026-06-02T04:16:10.334-05:00  INFO 8500 --- [loadroute-backend] [pool-2-thread-1] c.l.algorithm.SimulatedAnnealing         : SA-Opt reheat #3 | T=27.00 | costo: 60.00
2026-06-02T04:16:10.335-05:00  INFO 8500 --- [loadroute-backend] [pool-2-thread-1] c.l.algorithm.SimulatedAnnealing         : SA-Opt reheat #4 | T=8.10 | costo: 60.00
2026-06-02T04:16:10.335-05:00  INFO 8500 --- [loadroute-backend] [pool-2-thread-1] c.l.algorithm.SimulatedAnnealing         : SA-Opt reheat #5 | T=2.43 | costo: 60.00
2026-06-02T04:16:10.336-05:00  INFO 8500 --- [loadroute-backend] [pool-2-thread-1] c.l.algorithm.SimulatedAnnealing         : SA-Opt fin | iter: 4669 | reheats: 5 | mejoras: 582 | peores: 660 | cache: 2340 hits | costo: 60.00 -> 60.00 (0.0%) | tiempo: 0.0s
2026-06-02T04:16:10.336-05:00  INFO 8500 --- [loadroute-backend] [pool-2-thread-1] c.l.algorithm.SimulatedAnnealing         : SA-Opt inicio | T0=1000.0 | costo greedy: 25.00 | envios: 3/3
2026-06-02T04:16:10.339-05:00  INFO 8500 --- [loadroute-backend] [pool-2-thread-1] c.l.algorithm.SimulatedAnnealing         : SA-Opt reheat #1 | T=300.00 | costo: 25.00
2026-06-02T04:16:10.340-05:00  INFO 8500 --- [loadroute-backend] [pool-2-thread-1] c.l.algorithm.SimulatedAnnealing         : SA-Opt reheat #2 | T=90.00 | costo: 25.00
2026-06-02T04:16:10.341-05:00  INFO 8500 --- [loadroute-backend] [pool-2-thread-1] c.l.algorithm.SimulatedAnnealing         : SA-Opt reheat #3 | T=27.00 | costo: 25.00
2026-06-02T04:16:10.343-05:00  INFO 8500 --- [loadroute-backend] [pool-2-thread-1] c.l.algorithm.SimulatedAnnealing         : SA-Opt reheat #4 | T=8.10 | costo: 25.00
2026-06-02T04:16:10.343-05:00  INFO 8500 --- [loadroute-backend] [pool-2-thread-1] c.l.algorithm.SimulatedAnnealing         : SA-Opt reheat #5 | T=2.43 | costo: 25.00
2026-06-02T04:16:10.344-05:00  INFO 8500 --- [loadroute-backend] [pool-2-thread-1] c.l.algorithm.SimulatedAnnealing         : SA-Opt fin | iter: 4669 | reheats: 5 | mejoras: 552 | peores: 670 | cache: 2303 hits | costo: 25.00 -> 25.00 (0.0%) | tiempo: 0.0s
2026-06-02T04:16:10.345-05:00  INFO 8500 --- [loadroute-backend] [pool-2-thread-1] c.l.algorithm.SimulatedAnnealing         : SA-Opt inicio | T0=1000.0 | costo greedy: 90.00 | envios: 7/7
2026-06-02T04:16:10.349-05:00  INFO 8500 --- [loadroute-backend] [pool-2-thread-1] c.l.algorithm.SimulatedAnnealing         : SA-Opt reheat #1 | T=300.00 | costo: 90.00
2026-06-02T04:16:10.351-05:00  INFO 8500 --- [loadroute-backend] [pool-2-thread-1] c.l.algorithm.SimulatedAnnealing         : SA-Opt reheat #2 | T=90.00 | costo: 90.00
2026-06-02T04:16:10.352-05:00  INFO 8500 --- [loadroute-backend] [pool-2-thread-1] c.l.algorithm.SimulatedAnnealing         : SA-Opt reheat #3 | T=27.00 | costo: 90.00
2026-06-02T04:16:10.353-05:00  INFO 8500 --- [loadroute-backend] [pool-2-thread-1] c.l.algorithm.SimulatedAnnealing         : SA-Opt reheat #4 | T=8.10 | costo: 90.00
2026-06-02T04:16:10.354-05:00  INFO 8500 --- [loadroute-backend] [pool-2-thread-1] c.l.algorithm.SimulatedAnnealing         : SA-Opt reheat #5 | T=2.43 | costo: 90.00
2026-06-02T04:16:10.355-05:00  INFO 8500 --- [loadroute-backend] [pool-2-thread-1] c.l.algorithm.SimulatedAnnealing         : SA-Opt fin | iter: 4669 | reheats: 5 | mejoras: 558 | peores: 629 | cache: 2368 hits | costo: 90.00 -> 90.00 (0.0%) | tiempo: 0.0s
2026-06-02T04:16:10.357-05:00  INFO 8500 --- [loadroute-backend] [pool-2-thread-1] c.l.algorithm.SimulatedAnnealing         : SA-Opt inicio | T0=1000.0 | costo greedy: 119.00 | envios: 9/9
2026-06-02T04:16:10.360-05:00  INFO 8500 --- [loadroute-backend] [pool-2-thread-1] c.l.algorithm.SimulatedAnnealing         : SA-Opt reheat #1 | T=300.00 | costo: 119.00
2026-06-02T04:16:10.362-05:00  INFO 8500 --- [loadroute-backend] [pool-2-thread-1] c.l.algorithm.SimulatedAnnealing         : SA-Opt reheat #2 | T=90.00 | costo: 119.00
2026-06-02T04:16:10.364-05:00  INFO 8500 --- [loadroute-backend] [pool-2-thread-1] c.l.algorithm.SimulatedAnnealing         : SA-Opt reheat #3 | T=27.00 | costo: 119.00
2026-06-02T04:16:10.365-05:00  INFO 8500 --- [loadroute-backend] [pool-2-thread-1] c.l.algorithm.SimulatedAnnealing         : SA-Opt reheat #4 | T=8.10 | costo: 119.00
2026-06-02T04:16:10.365-05:00  INFO 8500 --- [loadroute-backend] [pool-2-thread-1] c.l.algorithm.SimulatedAnnealing         : SA-Opt reheat #5 | T=2.43 | costo: 119.00
2026-06-02T04:16:10.365-05:00  INFO 8500 --- [loadroute-backend] [pool-2-thread-1] c.l.algorithm.SimulatedAnnealing         : SA-Opt fin | iter: 4669 | reheats: 5 | mejoras: 545 | peores: 733 | cache: 2353 hits | costo: 119.00 -> 119.00 (0.0%) | tiempo: 0.0s
2026-06-02T04:16:10.365-05:00  INFO 8500 --- [loadroute-backend] [pool-2-thread-1] c.l.algorithm.SimulatedAnnealing         : SA-Opt inicio | T0=1000.0 | costo greedy: 18.00 | envios: 1/1
2026-06-02T04:16:10.367-05:00  INFO 8500 --- [loadroute-backend] [pool-2-thread-1] c.l.algorithm.SimulatedAnnealing         : SA-Opt reheat #1 | T=300.00 | costo: 18.00
2026-06-02T04:16:10.369-05:00  INFO 8500 --- [loadroute-backend] [pool-2-thread-1] c.l.algorithm.SimulatedAnnealing         : SA-Opt reheat #2 | T=90.00 | costo: 18.00
2026-06-02T04:16:10.369-05:00  INFO 8500 --- [loadroute-backend] [pool-2-thread-1] c.l.algorithm.SimulatedAnnealing         : SA-Opt reheat #3 | T=27.00 | costo: 18.00
2026-06-02T04:16:10.371-05:00  INFO 8500 --- [loadroute-backend] [pool-2-thread-1] c.l.algorithm.SimulatedAnnealing         : SA-Opt reheat #4 | T=8.10 | costo: 18.00
2026-06-02T04:16:10.371-05:00  INFO 8500 --- [loadroute-backend] [pool-2-thread-1] c.l.algorithm.SimulatedAnnealing         : SA-Opt reheat #5 | T=2.43 | costo: 18.00
2026-06-02T04:16:10.373-05:00  INFO 8500 --- [loadroute-backend] [pool-2-thread-1] c.l.algorithm.SimulatedAnnealing         : SA-Opt fin | iter: 4669 | reheats: 5 | mejoras: 604 | peores: 684 | cache: 2324 hits | costo: 18.00 -> 18.00 (0.0%) | tiempo: 0.0s
2026-06-02T04:16:10.375-05:00  INFO 8500 --- [loadroute-backend] [pool-2-thread-1] c.l.algorithm.SimulatedAnnealing         : SA-Opt inicio | T0=1000.0 | costo greedy: 129.00 | envios: 10/10
2026-06-02T04:16:10.375-05:00  INFO 8500 --- [loadroute-backend] [pool-2-thread-1] c.l.algorithm.SimulatedAnnealing         : SA-Opt reheat #1 | T=300.00 | costo: 129.00
2026-06-02T04:16:10.375-05:00  INFO 8500 --- [loadroute-backend] [pool-2-thread-1] c.l.algorithm.SimulatedAnnealing         : SA-Opt reheat #2 | T=90.00 | costo: 129.00
2026-06-02T04:16:10.381-05:00  INFO 8500 --- [loadroute-backend] [pool-2-thread-1] c.l.algorithm.SimulatedAnnealing         : SA-Opt reheat #3 | T=27.00 | costo: 129.00
2026-06-02T04:16:10.383-05:00  INFO 8500 --- [loadroute-backend] [pool-2-thread-1] c.l.algorithm.SimulatedAnnealing         : SA-Opt reheat #4 | T=8.10 | costo: 129.00
2026-06-02T04:16:10.384-05:00  INFO 8500 --- [loadroute-backend] [pool-2-thread-1] c.l.algorithm.SimulatedAnnealing         : SA-Opt reheat #5 | T=2.43 | costo: 129.00
2026-06-02T04:16:10.384-05:00  INFO 8500 --- [loadroute-backend] [pool-2-thread-1] c.l.algorithm.SimulatedAnnealing         : SA-Opt fin | iter: 4669 | reheats: 5 | mejoras: 579 | peores: 616 | cache: 2354 hits | costo: 129.00 -> 129.00 (0.0%) | tiempo: 0.0s
2026-06-02T04:16:10.384-05:00  INFO 8500 --- [loadroute-backend] [pool-2-thread-1] c.l.algorithm.SimulatedAnnealing         : SA-Opt inicio | T0=1000.0 | costo greedy: 103.00 | envios: 9/9
2026-06-02T04:16:10.388-05:00  INFO 8500 --- [loadroute-backend] [pool-2-thread-1] c.l.algorithm.SimulatedAnnealing         : SA-Opt reheat #1 | T=300.00 | costo: 103.00
2026-06-02T04:16:10.388-05:00  INFO 8500 --- [loadroute-backend] [pool-2-thread-1] c.l.algorithm.SimulatedAnnealing         : SA-Opt reheat #2 | T=90.00 | costo: 103.00
2026-06-02T04:16:10.393-05:00  INFO 8500 --- [loadroute-backend] [pool-2-thread-1] c.l.algorithm.SimulatedAnnealing         : SA-Opt reheat #3 | T=27.00 | costo: 103.00
2026-06-02T04:16:10.394-05:00  INFO 8500 --- [loadroute-backend] [pool-2-thread-1] c.l.algorithm.SimulatedAnnealing         : SA-Opt reheat #4 | T=8.10 | costo: 103.00
2026-06-02T04:16:10.394-05:00  INFO 8500 --- [loadroute-backend] [pool-2-thread-1] c.l.algorithm.SimulatedAnnealing         : SA-Opt reheat #5 | T=2.43 | costo: 103.00
2026-06-02T04:16:10.394-05:00  INFO 8500 --- [loadroute-backend] [pool-2-thread-1] c.l.algorithm.SimulatedAnnealing         : SA-Opt fin | iter: 4669 | reheats: 5 | mejoras: 572 | peores: 670 | cache: 2319 hits | costo: 103.00 -> 103.00 (0.0%) | tiempo: 0.0s
2026-06-02T04:16:10.397-05:00  INFO 8500 --- [loadroute-backend] [pool-2-thread-1] c.l.algorithm.SimulatedAnnealing         : SA-Opt inicio | T0=1000.0 | costo greedy: 152.00 | envios: 12/12
2026-06-02T04:16:10.400-05:00  INFO 8500 --- [loadroute-backend] [pool-2-thread-1] c.l.algorithm.SimulatedAnnealing         : SA-Opt reheat #1 | T=300.00 | costo: 152.00
2026-06-02T04:16:10.402-05:00  INFO 8500 --- [loadroute-backend] [pool-2-thread-1] c.l.algorithm.SimulatedAnnealing         : SA-Opt reheat #2 | T=90.00 | costo: 152.00
2026-06-02T04:16:10.404-05:00  INFO 8500 --- [loadroute-backend] [pool-2-thread-1] c.l.algorithm.SimulatedAnnealing         : SA-Opt reheat #3 | T=27.00 | costo: 152.00
2026-06-02T04:16:10.404-05:00  INFO 8500 --- [loadroute-backend] [pool-2-thread-1] c.l.algorithm.SimulatedAnnealing         : SA-Opt reheat #4 | T=8.10 | costo: 152.00
2026-06-02T04:16:10.405-05:00  INFO 8500 --- [loadroute-backend] [pool-2-thread-1] c.l.algorithm.SimulatedAnnealing         : SA-Opt reheat #5 | T=2.43 | costo: 152.00
2026-06-02T04:16:10.405-05:00  INFO 8500 --- [loadroute-backend] [pool-2-thread-1] c.l.algorithm.SimulatedAnnealing         : SA-Opt fin | iter: 4669 | reheats: 5 | mejoras: 513 | peores: 566 | cache: 2330 hits | costo: 152.00 -> 152.00 (0.0%) | tiempo: 0.0s
2026-06-02T04:16:10.407-05:00  INFO 8500 --- [loadroute-backend] [pool-2-thread-1] c.l.algorithm.SimulatedAnnealing         : SA-Opt inicio | T0=1000.0 | costo greedy: 85.00 | envios: 6/6
2026-06-02T04:16:10.409-05:00  INFO 8500 --- [loadroute-backend] [pool-2-thread-1] c.l.algorithm.SimulatedAnnealing         : SA-Opt reheat #1 | T=300.00 | costo: 85.00
2026-06-02T04:16:10.411-05:00  INFO 8500 --- [loadroute-backend] [pool-2-thread-1] c.l.algorithm.SimulatedAnnealing         : SA-Opt reheat #2 | T=90.00 | costo: 85.00
2026-06-02T04:16:10.413-05:00  INFO 8500 --- [loadroute-backend] [pool-2-thread-1] c.l.algorithm.SimulatedAnnealing         : SA-Opt reheat #3 | T=27.00 | costo: 85.00
2026-06-02T04:16:10.413-05:00  INFO 8500 --- [loadroute-backend] [pool-2-thread-1] c.l.algorithm.SimulatedAnnealing         : SA-Opt reheat #4 | T=8.10 | costo: 85.00
2026-06-02T04:16:10.417-05:00  INFO 8500 --- [loadroute-backend] [pool-2-thread-1] c.l.algorithm.SimulatedAnnealing         : SA-Opt reheat #5 | T=2.43 | costo: 85.00
2026-06-02T04:16:10.417-05:00  INFO 8500 --- [loadroute-backend] [pool-2-thread-1] c.l.algorithm.SimulatedAnnealing         : SA-Opt fin | iter: 4669 | reheats: 5 | mejoras: 546 | peores: 661 | cache: 2303 hits | costo: 85.00 -> 85.00 (0.0%) | tiempo: 0.0s
2026-06-02T04:16:10.419-05:00  INFO 8500 --- [loadroute-backend] [pool-2-thread-1] c.l.algorithm.SimulatedAnnealing         : SA-Opt inicio | T0=1000.0 | costo greedy: 110.00 | envios: 7/7
2026-06-02T04:16:10.421-05:00  INFO 8500 --- [loadroute-backend] [pool-2-thread-1] c.l.algorithm.SimulatedAnnealing         : SA-Opt reheat #1 | T=300.00 | costo: 110.00
2026-06-02T04:16:10.424-05:00  INFO 8500 --- [loadroute-backend] [pool-2-thread-1] c.l.algorithm.SimulatedAnnealing         : SA-Opt reheat #2 | T=90.00 | costo: 110.00
2026-06-02T04:16:10.425-05:00  INFO 8500 --- [loadroute-backend] [pool-2-thread-1] c.l.algorithm.SimulatedAnnealing         : SA-Opt reheat #3 | T=27.00 | costo: 110.00
2026-06-02T04:16:10.426-05:00  INFO 8500 --- [loadroute-backend] [pool-2-thread-1] c.l.algorithm.SimulatedAnnealing         : SA-Opt reheat #4 | T=8.10 | costo: 110.00
2026-06-02T04:16:10.428-05:00  INFO 8500 --- [loadroute-backend] [pool-2-thread-1] c.l.algorithm.SimulatedAnnealing         : SA-Opt reheat #5 | T=2.43 | costo: 110.00
2026-06-02T04:16:10.429-05:00  INFO 8500 --- [loadroute-backend] [pool-2-thread-1] c.l.algorithm.SimulatedAnnealing         : SA-Opt fin | iter: 4669 | reheats: 5 | mejoras: 546 | peores: 616 | cache: 2327 hits | costo: 110.00 -> 110.00 (0.0%) | tiempo: 0.0s
2026-06-02T04:16:10.432-05:00  INFO 8500 --- [loadroute-backend] [pool-2-thread-1] c.l.algorithm.SimulatedAnnealing         : SA-Opt inicio | T0=1000.0 | costo greedy: 90.00 | envios: 9/9
2026-06-02T04:16:10.436-05:00  INFO 8500 --- [loadroute-backend] [pool-2-thread-1] c.l.algorithm.SimulatedAnnealing         : SA-Opt reheat #1 | T=300.00 | costo: 90.00
2026-06-02T04:16:10.438-05:00  INFO 8500 --- [loadroute-backend] [pool-2-thread-1] c.l.algorithm.SimulatedAnnealing         : SA-Opt reheat #2 | T=90.00 | costo: 90.00
2026-06-02T04:16:10.439-05:00  INFO 8500 --- [loadroute-backend] [pool-2-thread-1] c.l.algorithm.SimulatedAnnealing         : SA-Opt reheat #3 | T=27.00 | costo: 90.00
2026-06-02T04:16:10.440-05:00  INFO 8500 --- [loadroute-backend] [pool-2-thread-1] c.l.algorithm.SimulatedAnnealing         : SA-Opt reheat #4 | T=8.10 | costo: 90.00
2026-06-02T04:16:10.441-05:00  INFO 8500 --- [loadroute-backend] [pool-2-thread-1] c.l.algorithm.SimulatedAnnealing         : SA-Opt reheat #5 | T=2.43 | costo: 90.00
2026-06-02T04:16:10.442-05:00  INFO 8500 --- [loadroute-backend] [pool-2-thread-1] c.l.algorithm.SimulatedAnnealing         : SA-Opt fin | iter: 4669 | reheats: 5 | mejoras: 584 | peores: 629 | cache: 2266 hits | costo: 90.00 -> 90.00 (0.0%) | tiempo: 0.0s
2026-06-02T04:16:10.444-05:00  INFO 8500 --- [loadroute-backend] [pool-2-thread-1] c.l.algorithm.SimulatedAnnealing         : SA-Opt inicio | T0=1000.0 | costo greedy: 113.00 | envios: 8/8
2026-06-02T04:16:10.449-05:00  INFO 8500 --- [loadroute-backend] [pool-2-thread-1] c.l.algorithm.SimulatedAnnealing         : SA-Opt reheat #1 | T=300.00 | costo: 113.00
2026-06-02T04:16:10.450-05:00  INFO 8500 --- [loadroute-backend] [pool-2-thread-1] c.l.algorithm.SimulatedAnnealing         : SA-Opt reheat #2 | T=90.00 | costo: 113.00
2026-06-02T04:16:10.452-05:00  INFO 8500 --- [loadroute-backend] [pool-2-thread-1] c.l.algorithm.SimulatedAnnealing         : SA-Opt reheat #3 | T=27.00 | costo: 113.00
2026-06-02T04:16:10.453-05:00  INFO 8500 --- [loadroute-backend] [pool-2-thread-1] c.l.algorithm.SimulatedAnnealing         : SA-Opt reheat #4 | T=8.10 | costo: 113.00
2026-06-02T04:16:10.453-05:00  INFO 8500 --- [loadroute-backend] [pool-2-thread-1] c.l.algorithm.SimulatedAnnealing         : SA-Opt reheat #5 | T=2.43 | costo: 113.00
2026-06-02T04:16:10.454-05:00  INFO 8500 --- [loadroute-backend] [pool-2-thread-1] c.l.algorithm.SimulatedAnnealing         : SA-Opt fin | iter: 4669 | reheats: 5 | mejoras: 580 | peores: 703 | cache: 2332 hits | costo: 113.00 -> 113.00 (0.0%) | tiempo: 0.0s
2026-06-02T04:16:10.455-05:00  INFO 8500 --- [loadroute-backend] [pool-2-thread-1] c.l.algorithm.SimulatedAnnealing         : SA-Opt inicio | T0=1000.0 | costo greedy: 141.00 | envios: 8/8
2026-06-02T04:16:10.459-05:00  INFO 8500 --- [loadroute-backend] [pool-2-thread-1] c.l.algorithm.SimulatedAnnealing         : SA-Opt reheat #1 | T=300.00 | costo: 141.00
2026-06-02T04:16:10.461-05:00  INFO 8500 --- [loadroute-backend] [pool-2-thread-1] c.l.algorithm.SimulatedAnnealing         : SA-Opt reheat #2 | T=90.00 | costo: 141.00
2026-06-02T04:16:10.462-05:00  INFO 8500 --- [loadroute-backend] [pool-2-thread-1] c.l.algorithm.SimulatedAnnealing         : SA-Opt reheat #3 | T=27.00 | costo: 141.00
2026-06-02T04:16:10.463-05:00  INFO 8500 --- [loadroute-backend] [pool-2-thread-1] c.l.algorithm.SimulatedAnnealing         : SA-Opt reheat #4 | T=8.10 | costo: 141.00
2026-06-02T04:16:10.464-05:00  INFO 8500 --- [loadroute-backend] [pool-2-thread-1] c.l.algorithm.SimulatedAnnealing         : SA-Opt reheat #5 | T=2.43 | costo: 141.00
2026-06-02T04:16:10.464-05:00  INFO 8500 --- [loadroute-backend] [pool-2-thread-1] c.l.algorithm.SimulatedAnnealing         : SA-Opt fin | iter: 4669 | reheats: 5 | mejoras: 531 | peores: 611 | cache: 2322 hits | costo: 141.00 -> 141.00 (0.0%) | tiempo: 0.0s
2026-06-02T04:16:10.466-05:00  INFO 8500 --- [loadroute-backend] [pool-2-thread-1] c.l.algorithm.SimulatedAnnealing         : SA-Opt inicio | T0=1000.0 | costo greedy: 82.00 | envios: 9/9
2026-06-02T04:16:10.470-05:00  INFO 8500 --- [loadroute-backend] [pool-2-thread-1] c.l.algorithm.SimulatedAnnealing         : SA-Opt reheat #1 | T=300.00 | costo: 82.00
2026-06-02T04:16:10.472-05:00  INFO 8500 --- [loadroute-backend] [pool-2-thread-1] c.l.algorithm.SimulatedAnnealing         : SA-Opt reheat #2 | T=90.00 | costo: 82.00
2026-06-02T04:16:10.474-05:00  INFO 8500 --- [loadroute-backend] [pool-2-thread-1] c.l.algorithm.SimulatedAnnealing         : SA-Opt reheat #3 | T=27.00 | costo: 82.00
2026-06-02T04:16:10.475-05:00  INFO 8500 --- [loadroute-backend] [pool-2-thread-1] c.l.algorithm.SimulatedAnnealing         : SA-Opt reheat #4 | T=8.10 | costo: 82.00
2026-06-02T04:16:10.475-05:00  INFO 8500 --- [loadroute-backend] [pool-2-thread-1] c.l.algorithm.SimulatedAnnealing         : SA-Opt reheat #5 | T=2.43 | costo: 82.00
2026-06-02T04:16:10.476-05:00  INFO 8500 --- [loadroute-backend] [pool-2-thread-1] c.l.algorithm.SimulatedAnnealing         : SA-Opt fin | iter: 4669 | reheats: 5 | mejoras: 528 | peores: 589 | cache: 2328 hits | costo: 82.00 -> 82.00 (0.0%) | tiempo: 0.0s
2026-06-02T04:16:10.478-05:00  INFO 8500 --- [loadroute-backend] [pool-2-thread-1] c.l.algorithm.SimulatedAnnealing         : SA-Opt inicio | T0=1000.0 | costo greedy: 100.00 | envios: 9/9
2026-06-02T04:16:10.482-05:00  INFO 8500 --- [loadroute-backend] [pool-2-thread-1] c.l.algorithm.SimulatedAnnealing         : SA-Opt reheat #1 | T=300.00 | costo: 100.00
2026-06-02T04:16:10.484-05:00  INFO 8500 --- [loadroute-backend] [pool-2-thread-1] c.l.algorithm.SimulatedAnnealing         : SA-Opt reheat #2 | T=90.00 | costo: 100.00
2026-06-02T04:16:10.485-05:00  INFO 8500 --- [loadroute-backend] [pool-2-thread-1] c.l.algorithm.SimulatedAnnealing         : SA-Opt reheat #3 | T=27.00 | costo: 100.00
2026-06-02T04:16:10.486-05:00  INFO 8500 --- [loadroute-backend] [pool-2-thread-1] c.l.algorithm.SimulatedAnnealing         : SA-Opt reheat #4 | T=8.10 | costo: 100.00
2026-06-02T04:16:10.487-05:00  INFO 8500 --- [loadroute-backend] [pool-2-thread-1] c.l.algorithm.SimulatedAnnealing         : SA-Opt reheat #5 | T=2.43 | costo: 100.00
2026-06-02T04:16:10.488-05:00  INFO 8500 --- [loadroute-backend] [pool-2-thread-1] c.l.algorithm.SimulatedAnnealing         : SA-Opt fin | iter: 4669 | reheats: 5 | mejoras: 603 | peores: 725 | cache: 2296 hits | costo: 100.00 -> 100.00 (0.0%) | tiempo: 0.0s
2026-06-02T04:16:10.490-05:00  INFO 8500 --- [loadroute-backend] [pool-2-thread-1] c.l.algorithm.SimulatedAnnealing         : SA-Opt inicio | T0=1000.0 | costo greedy: 67.00 | envios: 7/7
2026-06-02T04:16:10.494-05:00  INFO 8500 --- [loadroute-backend] [pool-2-thread-1] c.l.algorithm.SimulatedAnnealing         : SA-Opt reheat #1 | T=300.00 | costo: 67.00
2026-06-02T04:16:10.495-05:00  INFO 8500 --- [loadroute-backend] [pool-2-thread-1] c.l.algorithm.SimulatedAnnealing         : SA-Opt reheat #2 | T=90.00 | costo: 67.00
2026-06-02T04:16:10.496-05:00  INFO 8500 --- [loadroute-backend] [pool-2-thread-1] c.l.algorithm.SimulatedAnnealing         : SA-Opt reheat #3 | T=27.00 | costo: 67.00
2026-06-02T04:16:10.497-05:00  INFO 8500 --- [loadroute-backend] [pool-2-thread-1] c.l.algorithm.SimulatedAnnealing         : SA-Opt reheat #4 | T=8.10 | costo: 67.00
2026-06-02T04:16:10.498-05:00  INFO 8500 --- [loadroute-backend] [pool-2-thread-1] c.l.algorithm.SimulatedAnnealing         : SA-Opt reheat #5 | T=2.43 | costo: 67.00
2026-06-02T04:16:10.499-05:00  INFO 8500 --- [loadroute-backend] [pool-2-thread-1] c.l.algorithm.SimulatedAnnealing         : SA-Opt fin | iter: 4669 | reheats: 5 | mejoras: 588 | peores: 683 | cache: 2353 hits | costo: 67.00 -> 67.00 (0.0%) | tiempo: 0.0s
2026-06-02T04:16:10.501-05:00  INFO 8500 --- [loadroute-backend] [pool-2-thread-1] c.l.algorithm.SimulatedAnnealing         : SA-Opt inicio | T0=1000.0 | costo greedy: 154.00 | envios: 12/12
2026-06-02T04:16:10.507-05:00  INFO 8500 --- [loadroute-backend] [pool-2-thread-1] c.l.algorithm.SimulatedAnnealing         : SA-Opt reheat #1 | T=300.00 | costo: 154.00
2026-06-02T04:16:10.510-05:00  INFO 8500 --- [loadroute-backend] [pool-2-thread-1] c.l.algorithm.SimulatedAnnealing         : SA-Opt reheat #2 | T=90.00 | costo: 154.00
2026-06-02T04:16:10.511-05:00  INFO 8500 --- [loadroute-backend] [pool-2-thread-1] c.l.algorithm.SimulatedAnnealing         : SA-Opt reheat #3 | T=27.00 | costo: 154.00
2026-06-02T04:16:10.511-05:00  INFO 8500 --- [loadroute-backend] [pool-2-thread-1] c.l.algorithm.SimulatedAnnealing         : SA-Opt reheat #4 | T=8.10 | costo: 154.00
2026-06-02T04:16:10.513-05:00  INFO 8500 --- [loadroute-backend] [pool-2-thread-1] c.l.algorithm.SimulatedAnnealing         : SA-Opt reheat #5 | T=2.43 | costo: 154.00
2026-06-02T04:16:10.513-05:00  INFO 8500 --- [loadroute-backend] [pool-2-thread-1] c.l.algorithm.SimulatedAnnealing         : SA-Opt fin | iter: 4669 | reheats: 5 | mejoras: 621 | peores: 746 | cache: 2343 hits | costo: 154.00 -> 154.00 (0.0%) | tiempo: 0.0s
2026-06-02T04:16:10.515-05:00  INFO 8500 --- [loadroute-backend] [pool-2-thread-1] c.l.algorithm.SimulatedAnnealing         : SA-Opt inicio | T0=1000.0 | costo greedy: 52.00 | envios: 5/5
2026-06-02T04:16:10.518-05:00  INFO 8500 --- [loadroute-backend] [pool-2-thread-1] c.l.algorithm.SimulatedAnnealing         : SA-Opt reheat #1 | T=300.00 | costo: 52.00
2026-06-02T04:16:10.520-05:00  INFO 8500 --- [loadroute-backend] [pool-2-thread-1] c.l.algorithm.SimulatedAnnealing         : SA-Opt reheat #2 | T=90.00 | costo: 52.00
2026-06-02T04:16:10.521-05:00  INFO 8500 --- [loadroute-backend] [pool-2-thread-1] c.l.algorithm.SimulatedAnnealing         : SA-Opt reheat #3 | T=27.00 | costo: 52.00
2026-06-02T04:16:10.522-05:00  INFO 8500 --- [loadroute-backend] [pool-2-thread-1] c.l.algorithm.SimulatedAnnealing         : SA-Opt reheat #4 | T=8.10 | costo: 52.00
2026-06-02T04:16:10.523-05:00  INFO 8500 --- [loadroute-backend] [pool-2-thread-1] c.l.algorithm.SimulatedAnnealing         : SA-Opt reheat #5 | T=2.43 | costo: 52.00
2026-06-02T04:16:10.524-05:00  INFO 8500 --- [loadroute-backend] [pool-2-thread-1] c.l.algorithm.SimulatedAnnealing         : SA-Opt fin | iter: 4669 | reheats: 5 | mejoras: 563 | peores: 629 | cache: 2313 hits | costo: 52.00 -> 52.00 (0.0%) | tiempo: 0.0s
2026-06-02T04:16:10.524-05:00  INFO 8500 --- [loadroute-backend] [pool-2-thread-1] c.l.algorithm.SimulatedAnnealing         : SA-Opt inicio | T0=1000.0 | costo greedy: 109.00 | envios: 7/7
2026-06-02T04:16:10.527-05:00  INFO 8500 --- [loadroute-backend] [pool-2-thread-1] c.l.algorithm.SimulatedAnnealing         : SA-Opt reheat #1 | T=300.00 | costo: 109.00
2026-06-02T04:16:10.529-05:00  INFO 8500 --- [loadroute-backend] [pool-2-thread-1] c.l.algorithm.SimulatedAnnealing         : SA-Opt reheat #2 | T=90.00 | costo: 109.00
2026-06-02T04:16:10.530-05:00  INFO 8500 --- [loadroute-backend] [pool-2-thread-1] c.l.algorithm.SimulatedAnnealing         : SA-Opt reheat #3 | T=27.00 | costo: 109.00
2026-06-02T04:16:10.531-05:00  INFO 8500 --- [loadroute-backend] [pool-2-thread-1] c.l.algorithm.SimulatedAnnealing         : SA-Opt reheat #4 | T=8.10 | costo: 109.00
2026-06-02T04:16:10.533-05:00  INFO 8500 --- [loadroute-backend] [pool-2-thread-1] c.l.algorithm.SimulatedAnnealing         : SA-Opt reheat #5 | T=2.43 | costo: 109.00
2026-06-02T04:16:10.533-05:00  INFO 8500 --- [loadroute-backend] [pool-2-thread-1] c.l.algorithm.SimulatedAnnealing         : SA-Opt fin | iter: 4669 | reheats: 5 | mejoras: 558 | peores: 655 | cache: 2345 hits | costo: 109.00 -> 109.00 (0.0%) | tiempo: 0.0s
2026-06-02T04:16:10.534-05:00  INFO 8500 --- [loadroute-backend] [pool-2-thread-1] c.l.algorithm.SimulatedAnnealing         : SA-Opt inicio | T0=1000.0 | costo greedy: 95.00 | envios: 7/7
2026-06-02T04:16:10.537-05:00  INFO 8500 --- [loadroute-backend] [pool-2-thread-1] c.l.algorithm.SimulatedAnnealing         : SA-Opt reheat #1 | T=300.00 | costo: 95.00
2026-06-02T04:16:10.539-05:00  INFO 8500 --- [loadroute-backend] [pool-2-thread-1] c.l.algorithm.SimulatedAnnealing         : SA-Opt reheat #2 | T=90.00 | costo: 95.00
2026-06-02T04:16:10.540-05:00  INFO 8500 --- [loadroute-backend] [pool-2-thread-1] c.l.algorithm.SimulatedAnnealing         : SA-Opt reheat #3 | T=27.00 | costo: 95.00
2026-06-02T04:16:10.541-05:00  INFO 8500 --- [loadroute-backend] [pool-2-thread-1] c.l.algorithm.SimulatedAnnealing         : SA-Opt reheat #4 | T=8.10 | costo: 95.00
2026-06-02T04:16:10.541-05:00  INFO 8500 --- [loadroute-backend] [pool-2-thread-1] c.l.algorithm.SimulatedAnnealing         : SA-Opt reheat #5 | T=2.43 | costo: 95.00
2026-06-02T04:16:10.543-05:00  INFO 8500 --- [loadroute-backend] [pool-2-thread-1] c.l.algorithm.SimulatedAnnealing         : SA-Opt fin | iter: 4669 | reheats: 5 | mejoras: 505 | peores: 591 | cache: 2331 hits | costo: 95.00 -> 95.00 (0.0%) | tiempo: 0.0s
2026-06-02T04:16:10.545-05:00  INFO 8500 --- [loadroute-backend] [pool-2-thread-1] c.l.algorithm.SimulatedAnnealing         : SA-Opt inicio | T0=1000.0 | costo greedy: 197.00 | envios: 11/11
2026-06-02T04:16:10.548-05:00  INFO 8500 --- [loadroute-backend] [pool-2-thread-1] c.l.algorithm.SimulatedAnnealing         : SA-Opt reheat #1 | T=300.00 | costo: 197.00
2026-06-02T04:16:10.548-05:00  INFO 8500 --- [loadroute-backend] [pool-2-thread-1] c.l.algorithm.SimulatedAnnealing         : SA-Opt reheat #2 | T=90.00 | costo: 197.00
2026-06-02T04:16:10.548-05:00  INFO 8500 --- [loadroute-backend] [pool-2-thread-1] c.l.algorithm.SimulatedAnnealing         : SA-Opt reheat #3 | T=27.00 | costo: 197.00
2026-06-02T04:16:10.553-05:00  INFO 8500 --- [loadroute-backend] [pool-2-thread-1] c.l.algorithm.SimulatedAnnealing         : SA-Opt reheat #4 | T=8.10 | costo: 197.00
2026-06-02T04:16:10.554-05:00  INFO 8500 --- [loadroute-backend] [pool-2-thread-1] c.l.algorithm.SimulatedAnnealing         : SA-Opt reheat #5 | T=2.43 | costo: 197.00
2026-06-02T04:16:10.554-05:00  INFO 8500 --- [loadroute-backend] [pool-2-thread-1] c.l.algorithm.SimulatedAnnealing         : SA-Opt fin | iter: 4669 | reheats: 5 | mejoras: 580 | peores: 700 | cache: 2331 hits | costo: 197.00 -> 197.00 (0.0%) | tiempo: 0.0s
2026-06-02T04:16:10.557-05:00  INFO 8500 --- [loadroute-backend] [pool-2-thread-1] c.l.algorithm.SimulatedAnnealing         : SA-Opt inicio | T0=1000.0 | costo greedy: 83.00 | envios: 7/7
2026-06-02T04:16:10.561-05:00  INFO 8500 --- [loadroute-backend] [pool-2-thread-1] c.l.algorithm.SimulatedAnnealing         : SA-Opt reheat #1 | T=300.00 | costo: 83.00
2026-06-02T04:16:10.562-05:00  INFO 8500 --- [loadroute-backend] [pool-2-thread-1] c.l.algorithm.SimulatedAnnealing         : SA-Opt reheat #2 | T=90.00 | costo: 83.00
2026-06-02T04:16:10.564-05:00  INFO 8500 --- [loadroute-backend] [pool-2-thread-1] c.l.algorithm.SimulatedAnnealing         : SA-Opt reheat #3 | T=27.00 | costo: 83.00
2026-06-02T04:16:10.564-05:00  INFO 8500 --- [loadroute-backend] [pool-2-thread-1] c.l.algorithm.SimulatedAnnealing         : SA-Opt reheat #4 | T=8.10 | costo: 83.00
2026-06-02T04:16:10.565-05:00  INFO 8500 --- [loadroute-backend] [pool-2-thread-1] c.l.algorithm.SimulatedAnnealing         : SA-Opt reheat #5 | T=2.43 | costo: 83.00
2026-06-02T04:16:10.566-05:00  INFO 8500 --- [loadroute-backend] [pool-2-thread-1] c.l.algorithm.SimulatedAnnealing         : SA-Opt fin | iter: 4669 | reheats: 5 | mejoras: 556 | peores: 666 | cache: 2400 hits | costo: 83.00 -> 83.00 (0.0%) | tiempo: 0.0s
2026-06-02T04:16:10.568-05:00  INFO 8500 --- [loadroute-backend] [pool-2-thread-1] c.l.algorithm.SimulatedAnnealing         : SA-Opt inicio | T0=1000.0 | costo greedy: 87.00 | envios: 8/8
2026-06-02T04:16:10.572-05:00  INFO 8500 --- [loadroute-backend] [pool-2-thread-1] c.l.algorithm.SimulatedAnnealing         : SA-Opt reheat #1 | T=300.00 | costo: 87.00
2026-06-02T04:16:10.574-05:00  INFO 8500 --- [loadroute-backend] [pool-2-thread-1] c.l.algorithm.SimulatedAnnealing         : SA-Opt reheat #2 | T=90.00 | costo: 87.00
2026-06-02T04:16:10.576-05:00  INFO 8500 --- [loadroute-backend] [pool-2-thread-1] c.l.algorithm.SimulatedAnnealing         : SA-Opt reheat #3 | T=27.00 | costo: 87.00
2026-06-02T04:16:10.577-05:00  INFO 8500 --- [loadroute-backend] [pool-2-thread-1] c.l.algorithm.SimulatedAnnealing         : SA-Opt reheat #4 | T=8.10 | costo: 87.00
2026-06-02T04:16:10.577-05:00  INFO 8500 --- [loadroute-backend] [pool-2-thread-1] c.l.algorithm.SimulatedAnnealing         : SA-Opt reheat #5 | T=2.43 | costo: 87.00
2026-06-02T04:16:10.577-05:00  INFO 8500 --- [loadroute-backend] [pool-2-thread-1] c.l.algorithm.SimulatedAnnealing         : SA-Opt fin | iter: 4669 | reheats: 5 | mejoras: 557 | peores: 706 | cache: 2437 hits | costo: 87.00 -> 87.00 (0.0%) | tiempo: 0.0s
2026-06-02T04:16:10.577-05:00  INFO 8500 --- [loadroute-backend] [pool-2-thread-1] c.l.algorithm.SimulatedAnnealing         : SA-Opt inicio | T0=1000.0 | costo greedy: 64.00 | envios: 6/6
2026-06-02T04:16:10.583-05:00  INFO 8500 --- [loadroute-backend] [pool-2-thread-1] c.l.algorithm.SimulatedAnnealing         : SA-Opt reheat #1 | T=300.00 | costo: 64.00
2026-06-02T04:16:10.584-05:00  INFO 8500 --- [loadroute-backend] [pool-2-thread-1] c.l.algorithm.SimulatedAnnealing         : SA-Opt reheat #2 | T=90.00 | costo: 64.00
2026-06-02T04:16:10.584-05:00  INFO 8500 --- [loadroute-backend] [pool-2-thread-1] c.l.algorithm.SimulatedAnnealing         : SA-Opt reheat #3 | T=27.00 | costo: 64.00
2026-06-02T04:16:10.584-05:00  INFO 8500 --- [loadroute-backend] [pool-2-thread-1] c.l.algorithm.SimulatedAnnealing         : SA-Opt reheat #4 | T=8.10 | costo: 64.00
2026-06-02T04:16:10.584-05:00  INFO 8500 --- [loadroute-backend] [pool-2-thread-1] c.l.algorithm.SimulatedAnnealing         : SA-Opt reheat #5 | T=2.43 | costo: 64.00
2026-06-02T04:16:10.584-05:00  INFO 8500 --- [loadroute-backend] [pool-2-thread-1] c.l.algorithm.SimulatedAnnealing         : SA-Opt fin | iter: 4669 | reheats: 5 | mejoras: 538 | peores: 579 | cache: 2380 hits | costo: 64.00 -> 64.00 (0.0%) | tiempo: 0.0s
2026-06-02T04:16:10.589-05:00  INFO 8500 --- [loadroute-backend] [pool-2-thread-1] c.l.algorithm.SimulatedAnnealing         : SA-Opt inicio | T0=1000.0 | costo greedy: 88.00 | envios: 7/7
2026-06-02T04:16:10.593-05:00  INFO 8500 --- [loadroute-backend] [pool-2-thread-1] c.l.algorithm.SimulatedAnnealing         : SA-Opt reheat #1 | T=300.00 | costo: 88.00
2026-06-02T04:16:10.595-05:00  INFO 8500 --- [loadroute-backend] [pool-2-thread-1] c.l.algorithm.SimulatedAnnealing         : SA-Opt reheat #2 | T=90.00 | costo: 88.00
2026-06-02T04:16:10.596-05:00  INFO 8500 --- [loadroute-backend] [pool-2-thread-1] c.l.algorithm.SimulatedAnnealing         : SA-Opt reheat #3 | T=27.00 | costo: 88.00
2026-06-02T04:16:10.597-05:00  INFO 8500 --- [loadroute-backend] [pool-2-thread-1] c.l.algorithm.SimulatedAnnealing         : SA-Opt reheat #4 | T=8.10 | costo: 88.00
2026-06-02T04:16:10.598-05:00  INFO 8500 --- [loadroute-backend] [pool-2-thread-1] c.l.algorithm.SimulatedAnnealing         : SA-Opt reheat #5 | T=2.43 | costo: 88.00
2026-06-02T04:16:10.598-05:00  INFO 8500 --- [loadroute-backend] [pool-2-thread-1] c.l.algorithm.SimulatedAnnealing         : SA-Opt fin | iter: 4669 | reheats: 5 | mejoras: 547 | peores: 625 | cache: 2339 hits | costo: 88.00 -> 88.00 (0.0%) | tiempo: 0.0s
2026-06-02T04:16:10.601-05:00  INFO 8500 --- [loadroute-backend] [pool-2-thread-1] c.l.algorithm.SimulatedAnnealing         : SA-Opt inicio | T0=1000.0 | costo greedy: 94.00 | envios: 8/8
2026-06-02T04:16:10.605-05:00  INFO 8500 --- [loadroute-backend] [pool-2-thread-1] c.l.algorithm.SimulatedAnnealing         : SA-Opt reheat #1 | T=300.00 | costo: 94.00
2026-06-02T04:16:10.607-05:00  INFO 8500 --- [loadroute-backend] [pool-2-thread-1] c.l.algorithm.SimulatedAnnealing         : SA-Opt reheat #2 | T=90.00 | costo: 94.00
2026-06-02T04:16:10.608-05:00  INFO 8500 --- [loadroute-backend] [pool-2-thread-1] c.l.algorithm.SimulatedAnnealing         : SA-Opt reheat #3 | T=27.00 | costo: 94.00
2026-06-02T04:16:10.609-05:00  INFO 8500 --- [loadroute-backend] [pool-2-thread-1] c.l.algorithm.SimulatedAnnealing         : SA-Opt reheat #4 | T=8.10 | costo: 94.00
2026-06-02T04:16:10.610-05:00  INFO 8500 --- [loadroute-backend] [pool-2-thread-1] c.l.algorithm.SimulatedAnnealing         : SA-Opt reheat #5 | T=2.43 | costo: 94.00
2026-06-02T04:16:10.610-05:00  INFO 8500 --- [loadroute-backend] [pool-2-thread-1] c.l.algorithm.SimulatedAnnealing         : SA-Opt fin | iter: 4669 | reheats: 5 | mejoras: 583 | peores: 754 | cache: 2313 hits | costo: 94.00 -> 94.00 (0.0%) | tiempo: 0.0s
2026-06-02T04:16:10.614-05:00  INFO 8500 --- [loadroute-backend] [pool-2-thread-1] c.l.algorithm.SimulatedAnnealing         : SA-Opt inicio | T0=1000.0 | costo greedy: 106.00 | envios: 8/8
2026-06-02T04:16:10.616-05:00  INFO 8500 --- [loadroute-backend] [pool-2-thread-1] c.l.algorithm.SimulatedAnnealing         : SA-Opt reheat #1 | T=300.00 | costo: 106.00
2026-06-02T04:16:10.616-05:00  INFO 8500 --- [loadroute-backend] [pool-2-thread-1] c.l.algorithm.SimulatedAnnealing         : SA-Opt reheat #2 | T=90.00 | costo: 106.00
2026-06-02T04:16:10.616-05:00  INFO 8500 --- [loadroute-backend] [pool-2-thread-1] c.l.algorithm.SimulatedAnnealing         : SA-Opt reheat #3 | T=27.00 | costo: 106.00
2026-06-02T04:16:10.616-05:00  INFO 8500 --- [loadroute-backend] [pool-2-thread-1] c.l.algorithm.SimulatedAnnealing         : SA-Opt reheat #4 | T=8.10 | costo: 106.00
2026-06-02T04:16:10.616-05:00  INFO 8500 --- [loadroute-backend] [pool-2-thread-1] c.l.algorithm.SimulatedAnnealing         : SA-Opt reheat #5 | T=2.43 | costo: 106.00
2026-06-02T04:16:10.623-05:00  INFO 8500 --- [loadroute-backend] [pool-2-thread-1] c.l.algorithm.SimulatedAnnealing         : SA-Opt fin | iter: 4669 | reheats: 5 | mejoras: 599 | peores: 728 | cache: 2325 hits | costo: 106.00 -> 106.00 (0.0%) | tiempo: 0.0s
2026-06-02T04:16:10.625-05:00  INFO 8500 --- [loadroute-backend] [pool-2-thread-1] c.l.algorithm.SimulatedAnnealing         : SA-Opt inicio | T0=1000.0 | costo greedy: 231.00 | envios: 13/13
2026-06-02T04:16:10.628-05:00  INFO 8500 --- [loadroute-backend] [pool-2-thread-1] c.l.algorithm.SimulatedAnnealing         : SA-Opt reheat #1 | T=300.00 | costo: 231.00
2026-06-02T04:16:10.630-05:00  INFO 8500 --- [loadroute-backend] [pool-2-thread-1] c.l.algorithm.SimulatedAnnealing         : SA-Opt reheat #2 | T=90.00 | costo: 231.00
2026-06-02T04:16:10.631-05:00  INFO 8500 --- [loadroute-backend] [pool-2-thread-1] c.l.algorithm.SimulatedAnnealing         : SA-Opt reheat #3 | T=27.00 | costo: 231.00
2026-06-02T04:16:10.633-05:00  INFO 8500 --- [loadroute-backend] [pool-2-thread-1] c.l.algorithm.SimulatedAnnealing         : SA-Opt reheat #4 | T=8.10 | costo: 231.00
2026-06-02T04:16:10.634-05:00  INFO 8500 --- [loadroute-backend] [pool-2-thread-1] c.l.algorithm.SimulatedAnnealing         : SA-Opt reheat #5 | T=2.43 | costo: 231.00
2026-06-02T04:16:10.634-05:00  INFO 8500 --- [loadroute-backend] [pool-2-thread-1] c.l.algorithm.SimulatedAnnealing         : SA-Opt fin | iter: 4669 | reheats: 5 | mejoras: 535 | peores: 618 | cache: 2284 hits | costo: 231.00 -> 231.00 (0.0%) | tiempo: 0.0s
2026-06-02T04:16:10.637-05:00  INFO 8500 --- [loadroute-backend] [pool-2-thread-1] c.l.algorithm.SimulatedAnnealing         : SA-Opt inicio | T0=1000.0 | costo greedy: 100.00 | envios: 9/9
2026-06-02T04:16:10.641-05:00  INFO 8500 --- [loadroute-backend] [pool-2-thread-1] c.l.algorithm.SimulatedAnnealing         : SA-Opt reheat #1 | T=300.00 | costo: 100.00
2026-06-02T04:16:10.643-05:00  INFO 8500 --- [loadroute-backend] [pool-2-thread-1] c.l.algorithm.SimulatedAnnealing         : SA-Opt reheat #2 | T=90.00 | costo: 100.00
2026-06-02T04:16:10.644-05:00  INFO 8500 --- [loadroute-backend] [pool-2-thread-1] c.l.algorithm.SimulatedAnnealing         : SA-Opt reheat #3 | T=27.00 | costo: 100.00
2026-06-02T04:16:10.644-05:00  INFO 8500 --- [loadroute-backend] [pool-2-thread-1] c.l.algorithm.SimulatedAnnealing         : SA-Opt reheat #4 | T=8.10 | costo: 100.00
2026-06-02T04:16:10.644-05:00  INFO 8500 --- [loadroute-backend] [pool-2-thread-1] c.l.algorithm.SimulatedAnnealing         : SA-Opt reheat #5 | T=2.43 | costo: 100.00
2026-06-02T04:16:10.644-05:00  INFO 8500 --- [loadroute-backend] [pool-2-thread-1] c.l.algorithm.SimulatedAnnealing         : SA-Opt fin | iter: 4669 | reheats: 5 | mejoras: 583 | peores: 740 | cache: 2336 hits | costo: 100.00 -> 100.00 (0.0%) | tiempo: 0.0s
2026-06-02T04:16:10.648-05:00  INFO 8500 --- [loadroute-backend] [pool-2-thread-1] c.l.algorithm.SimulatedAnnealing         : SA-Opt inicio | T0=1000.0 | costo greedy: 58.00 | envios: 5/5
2026-06-02T04:16:10.652-05:00  INFO 8500 --- [loadroute-backend] [pool-2-thread-1] c.l.algorithm.SimulatedAnnealing         : SA-Opt reheat #1 | T=300.00 | costo: 58.00
2026-06-02T04:16:10.654-05:00  INFO 8500 --- [loadroute-backend] [pool-2-thread-1] c.l.algorithm.SimulatedAnnealing         : SA-Opt reheat #2 | T=90.00 | costo: 58.00
2026-06-02T04:16:10.654-05:00  INFO 8500 --- [loadroute-backend] [pool-2-thread-1] c.l.algorithm.SimulatedAnnealing         : SA-Opt reheat #3 | T=27.00 | costo: 58.00
2026-06-02T04:16:10.655-05:00  INFO 8500 --- [loadroute-backend] [pool-2-thread-1] c.l.algorithm.SimulatedAnnealing         : SA-Opt reheat #4 | T=8.10 | costo: 58.00
2026-06-02T04:16:10.656-05:00  INFO 8500 --- [loadroute-backend] [pool-2-thread-1] c.l.algorithm.SimulatedAnnealing         : SA-Opt reheat #5 | T=2.43 | costo: 58.00
2026-06-02T04:16:10.656-05:00  INFO 8500 --- [loadroute-backend] [pool-2-thread-1] c.l.algorithm.SimulatedAnnealing         : SA-Opt fin | iter: 4669 | reheats: 5 | mejoras: 521 | peores: 707 | cache: 2305 hits | costo: 58.00 -> 58.00 (0.0%) | tiempo: 0.0s
2026-06-02T04:16:10.658-05:00  INFO 8500 --- [loadroute-backend] [pool-2-thread-1] c.l.algorithm.SimulatedAnnealing         : SA-Opt inicio | T0=1000.0 | costo greedy: 101.00 | envios: 9/9
2026-06-02T04:16:10.664-05:00  INFO 8500 --- [loadroute-backend] [pool-2-thread-1] c.l.algorithm.SimulatedAnnealing         : SA-Opt reheat #1 | T=300.00 | costo: 101.00
2026-06-02T04:16:10.665-05:00  INFO 8500 --- [loadroute-backend] [pool-2-thread-1] c.l.algorithm.SimulatedAnnealing         : SA-Opt reheat #2 | T=90.00 | costo: 101.00
2026-06-02T04:16:10.666-05:00  INFO 8500 --- [loadroute-backend] [pool-2-thread-1] c.l.algorithm.SimulatedAnnealing         : SA-Opt reheat #3 | T=27.00 | costo: 101.00
2026-06-02T04:16:10.668-05:00  INFO 8500 --- [loadroute-backend] [pool-2-thread-1] c.l.algorithm.SimulatedAnnealing         : SA-Opt reheat #4 | T=8.10 | costo: 101.00
2026-06-02T04:16:10.668-05:00  INFO 8500 --- [loadroute-backend] [pool-2-thread-1] c.l.algorithm.SimulatedAnnealing         : SA-Opt reheat #5 | T=2.43 | costo: 101.00
2026-06-02T04:16:10.669-05:00  INFO 8500 --- [loadroute-backend] [pool-2-thread-1] c.l.algorithm.SimulatedAnnealing         : SA-Opt fin | iter: 4669 | reheats: 5 | mejoras: 507 | peores: 568 | cache: 2301 hits | costo: 101.00 -> 101.00 (0.0%) | tiempo: 0.0s
2026-06-02T04:16:10.671-05:00  INFO 8500 --- [loadroute-backend] [pool-2-thread-1] c.l.algorithm.SimulatedAnnealing         : SA-Opt inicio | T0=1000.0 | costo greedy: 116.00 | envios: 8/8
2026-06-02T04:16:10.673-05:00  INFO 8500 --- [loadroute-backend] [pool-2-thread-1] c.l.algorithm.SimulatedAnnealing         : SA-Opt reheat #1 | T=300.00 | costo: 116.00
2026-06-02T04:16:10.675-05:00  INFO 8500 --- [loadroute-backend] [pool-2-thread-1] c.l.algorithm.SimulatedAnnealing         : SA-Opt reheat #2 | T=90.00 | costo: 116.00
2026-06-02T04:16:10.677-05:00  INFO 8500 --- [loadroute-backend] [pool-2-thread-1] c.l.algorithm.SimulatedAnnealing         : SA-Opt reheat #3 | T=27.00 | costo: 116.00
2026-06-02T04:16:10.678-05:00  INFO 8500 --- [loadroute-backend] [pool-2-thread-1] c.l.algorithm.SimulatedAnnealing         : SA-Opt reheat #4 | T=8.10 | costo: 116.00
2026-06-02T04:16:10.679-05:00  INFO 8500 --- [loadroute-backend] [pool-2-thread-1] c.l.algorithm.SimulatedAnnealing         : SA-Opt reheat #5 | T=2.43 | costo: 116.00
2026-06-02T04:16:10.679-05:00  INFO 8500 --- [loadroute-backend] [pool-2-thread-1] c.l.algorithm.SimulatedAnnealing         : SA-Opt fin | iter: 4669 | reheats: 5 | mejoras: 554 | peores: 651 | cache: 2381 hits | costo: 116.00 -> 116.00 (0.0%) | tiempo: 0.0s
2026-06-02T04:16:10.680-05:00  INFO 8500 --- [loadroute-backend] [pool-2-thread-1] c.l.algorithm.SimulatedAnnealing         : SA-Opt inicio | T0=1000.0 | costo greedy: 57.00 | envios: 4/4
2026-06-02T04:16:10.683-05:00  INFO 8500 --- [loadroute-backend] [pool-2-thread-1] c.l.algorithm.SimulatedAnnealing         : SA-Opt reheat #1 | T=300.00 | costo: 57.00
2026-06-02T04:16:10.684-05:00  INFO 8500 --- [loadroute-backend] [pool-2-thread-1] c.l.algorithm.SimulatedAnnealing         : SA-Opt reheat #2 | T=90.00 | costo: 57.00
2026-06-02T04:16:10.685-05:00  INFO 8500 --- [loadroute-backend] [pool-2-thread-1] c.l.algorithm.SimulatedAnnealing         : SA-Opt reheat #3 | T=27.00 | costo: 57.00
2026-06-02T04:16:10.686-05:00  INFO 8500 --- [loadroute-backend] [pool-2-thread-1] c.l.algorithm.SimulatedAnnealing         : SA-Opt reheat #4 | T=8.10 | costo: 57.00
2026-06-02T04:16:10.687-05:00  INFO 8500 --- [loadroute-backend] [pool-2-thread-1] c.l.algorithm.SimulatedAnnealing         : SA-Opt reheat #5 | T=2.43 | costo: 57.00
2026-06-02T04:16:10.688-05:00  INFO 8500 --- [loadroute-backend] [pool-2-thread-1] c.l.algorithm.SimulatedAnnealing         : SA-Opt fin | iter: 4669 | reheats: 5 | mejoras: 567 | peores: 597 | cache: 2322 hits | costo: 57.00 -> 57.00 (0.0%) | tiempo: 0.0s
2026-06-02T04:16:10.689-05:00  INFO 8500 --- [loadroute-backend] [pool-2-thread-1] c.l.algorithm.SimulatedAnnealing         : SA-Opt inicio | T0=1000.0 | costo greedy: 183.00 | envios: 13/13
2026-06-02T04:16:10.694-05:00  INFO 8500 --- [loadroute-backend] [pool-2-thread-1] c.l.algorithm.SimulatedAnnealing         : SA-Opt reheat #1 | T=300.00 | costo: 183.00
2026-06-02T04:16:10.699-05:00  INFO 8500 --- [loadroute-backend] [pool-2-thread-1] c.l.algorithm.SimulatedAnnealing         : SA-Opt reheat #2 | T=90.00 | costo: 183.00
2026-06-02T04:16:10.700-05:00  INFO 8500 --- [loadroute-backend] [pool-2-thread-1] c.l.algorithm.SimulatedAnnealing         : SA-Opt reheat #3 | T=27.00 | costo: 183.00
2026-06-02T04:16:10.701-05:00  INFO 8500 --- [loadroute-backend] [pool-2-thread-1] c.l.algorithm.SimulatedAnnealing         : SA-Opt reheat #4 | T=8.10 | costo: 183.00
2026-06-02T04:16:10.707-05:00  INFO 8500 --- [loadroute-backend] [pool-2-thread-1] c.l.algorithm.SimulatedAnnealing         : SA-Opt reheat #5 | T=2.43 | costo: 183.00
2026-06-02T04:16:10.708-05:00  INFO 8500 --- [loadroute-backend] [pool-2-thread-1] c.l.algorithm.SimulatedAnnealing         : SA-Opt fin | iter: 4669 | reheats: 5 | mejoras: 544 | peores: 687 | cache: 2387 hits | costo: 183.00 -> 183.00 (0.0%) | tiempo: 0.0s
2026-06-02T04:16:10.710-05:00  INFO 8500 --- [loadroute-backend] [pool-2-thread-1] c.l.algorithm.SimulatedAnnealing         : SA-Opt inicio | T0=1000.0 | costo greedy: 71.00 | envios: 5/5
2026-06-02T04:16:10.713-05:00  INFO 8500 --- [loadroute-backend] [pool-2-thread-1] c.l.algorithm.SimulatedAnnealing         : SA-Opt reheat #1 | T=300.00 | costo: 71.00
2026-06-02T04:16:10.715-05:00  INFO 8500 --- [loadroute-backend] [pool-2-thread-1] c.l.algorithm.SimulatedAnnealing         : SA-Opt reheat #2 | T=90.00 | costo: 71.00
2026-06-02T04:16:10.717-05:00  INFO 8500 --- [loadroute-backend] [pool-2-thread-1] c.l.algorithm.SimulatedAnnealing         : SA-Opt reheat #3 | T=27.00 | costo: 71.00
2026-06-02T04:16:10.718-05:00  INFO 8500 --- [loadroute-backend] [pool-2-thread-1] c.l.algorithm.SimulatedAnnealing         : SA-Opt reheat #4 | T=8.10 | costo: 71.00
2026-06-02T04:16:10.718-05:00  INFO 8500 --- [loadroute-backend] [pool-2-thread-1] c.l.algorithm.SimulatedAnnealing         : SA-Opt reheat #5 | T=2.43 | costo: 71.00
2026-06-02T04:16:10.719-05:00  INFO 8500 --- [loadroute-backend] [pool-2-thread-1] c.l.algorithm.SimulatedAnnealing         : SA-Opt fin | iter: 4669 | reheats: 5 | mejoras: 495 | peores: 578 | cache: 2349 hits | costo: 71.00 -> 71.00 (0.0%) | tiempo: 0.0s
2026-06-02T04:16:10.720-05:00  INFO 8500 --- [loadroute-backend] [pool-2-thread-1] c.l.algorithm.SimulatedAnnealing         : SA-Opt inicio | T0=1000.0 | costo greedy: 106.00 | envios: 7/7
2026-06-02T04:16:10.724-05:00  INFO 8500 --- [loadroute-backend] [pool-2-thread-1] c.l.algorithm.SimulatedAnnealing         : SA-Opt reheat #1 | T=300.00 | costo: 106.00
2026-06-02T04:16:10.726-05:00  INFO 8500 --- [loadroute-backend] [pool-2-thread-1] c.l.algorithm.SimulatedAnnealing         : SA-Opt reheat #2 | T=90.00 | costo: 106.00
2026-06-02T04:16:10.727-05:00  INFO 8500 --- [loadroute-backend] [pool-2-thread-1] c.l.algorithm.SimulatedAnnealing         : SA-Opt reheat #3 | T=27.00 | costo: 106.00
2026-06-02T04:16:10.728-05:00  INFO 8500 --- [loadroute-backend] [pool-2-thread-1] c.l.algorithm.SimulatedAnnealing         : SA-Opt reheat #4 | T=8.10 | costo: 106.00
2026-06-02T04:16:10.729-05:00  INFO 8500 --- [loadroute-backend] [pool-2-thread-1] c.l.algorithm.SimulatedAnnealing         : SA-Opt reheat #5 | T=2.43 | costo: 106.00
2026-06-02T04:16:10.730-05:00  INFO 8500 --- [loadroute-backend] [pool-2-thread-1] c.l.algorithm.SimulatedAnnealing         : SA-Opt fin | iter: 4669 | reheats: 5 | mejoras: 524 | peores: 653 | cache: 2339 hits | costo: 106.00 -> 106.00 (0.0%) | tiempo: 0.0s
2026-06-02T04:16:10.733-05:00  INFO 8500 --- [loadroute-backend] [pool-2-thread-1] c.l.algorithm.SimulatedAnnealing         : SA-Opt inicio | T0=1000.0 | costo greedy: 51.00 | envios: 7/7
2026-06-02T04:16:10.738-05:00  INFO 8500 --- [loadroute-backend] [pool-2-thread-1] c.l.algorithm.SimulatedAnnealing         : SA-Opt reheat #1 | T=300.00 | costo: 51.00
2026-06-02T04:16:10.739-05:00  INFO 8500 --- [loadroute-backend] [pool-2-thread-1] c.l.algorithm.SimulatedAnnealing         : SA-Opt reheat #2 | T=90.00 | costo: 51.00
2026-06-02T04:16:10.740-05:00  INFO 8500 --- [loadroute-backend] [pool-2-thread-1] c.l.algorithm.SimulatedAnnealing         : SA-Opt reheat #3 | T=27.00 | costo: 51.00
2026-06-02T04:16:10.741-05:00  INFO 8500 --- [loadroute-backend] [pool-2-thread-1] c.l.algorithm.SimulatedAnnealing         : SA-Opt reheat #4 | T=8.10 | costo: 51.00
2026-06-02T04:16:10.741-05:00  INFO 8500 --- [loadroute-backend] [pool-2-thread-1] c.l.algorithm.SimulatedAnnealing         : SA-Opt reheat #5 | T=2.43 | costo: 51.00
2026-06-02T04:16:10.743-05:00  INFO 8500 --- [loadroute-backend] [pool-2-thread-1] c.l.algorithm.SimulatedAnnealing         : SA-Opt fin | iter: 4669 | reheats: 5 | mejoras: 579 | peores: 683 | cache: 2312 hits | costo: 51.00 -> 51.00 (0.0%) | tiempo: 0.0s
2026-06-02T04:16:10.744-05:00  INFO 8500 --- [loadroute-backend] [pool-2-thread-1] c.l.algorithm.SimulatedAnnealing         : SA-Opt inicio | T0=1000.0 | costo greedy: 117.00 | envios: 7/7
2026-06-02T04:16:10.747-05:00  INFO 8500 --- [loadroute-backend] [pool-2-thread-1] c.l.algorithm.SimulatedAnnealing         : SA-Opt reheat #1 | T=300.00 | costo: 117.00
2026-06-02T04:16:10.749-05:00  INFO 8500 --- [loadroute-backend] [pool-2-thread-1] c.l.algorithm.SimulatedAnnealing         : SA-Opt reheat #2 | T=90.00 | costo: 117.00
2026-06-02T04:16:10.751-05:00  INFO 8500 --- [loadroute-backend] [pool-2-thread-1] c.l.algorithm.SimulatedAnnealing         : SA-Opt reheat #3 | T=27.00 | costo: 117.00
2026-06-02T04:16:10.752-05:00  INFO 8500 --- [loadroute-backend] [pool-2-thread-1] c.l.algorithm.SimulatedAnnealing         : SA-Opt reheat #4 | T=8.10 | costo: 117.00
2026-06-02T04:16:10.752-05:00  INFO 8500 --- [loadroute-backend] [pool-2-thread-1] c.l.algorithm.SimulatedAnnealing         : SA-Opt reheat #5 | T=2.43 | costo: 117.00
2026-06-02T04:16:10.753-05:00  INFO 8500 --- [loadroute-backend] [pool-2-thread-1] c.l.algorithm.SimulatedAnnealing         : SA-Opt fin | iter: 4669 | reheats: 5 | mejoras: 528 | peores: 629 | cache: 2308 hits | costo: 117.00 -> 117.00 (0.0%) | tiempo: 0.0s
2026-06-02T04:16:10.754-05:00  INFO 8500 --- [loadroute-backend] [pool-2-thread-1] c.l.algorithm.SimulatedAnnealing         : SA-Opt inicio | T0=1000.0 | costo greedy: 76.00 | envios: 6/6
2026-06-02T04:16:10.757-05:00  INFO 8500 --- [loadroute-backend] [pool-2-thread-1] c.l.algorithm.SimulatedAnnealing         : SA-Opt reheat #1 | T=300.00 | costo: 76.00
2026-06-02T04:16:10.758-05:00  INFO 8500 --- [loadroute-backend] [pool-2-thread-1] c.l.algorithm.SimulatedAnnealing         : SA-Opt reheat #2 | T=90.00 | costo: 76.00
2026-06-02T04:16:10.760-05:00  INFO 8500 --- [loadroute-backend] [pool-2-thread-1] c.l.algorithm.SimulatedAnnealing         : SA-Opt reheat #3 | T=27.00 | costo: 76.00
2026-06-02T04:16:10.761-05:00  INFO 8500 --- [loadroute-backend] [pool-2-thread-1] c.l.algorithm.SimulatedAnnealing         : SA-Opt reheat #4 | T=8.10 | costo: 76.00
2026-06-02T04:16:10.761-05:00  INFO 8500 --- [loadroute-backend] [pool-2-thread-1] c.l.algorithm.SimulatedAnnealing         : SA-Opt reheat #5 | T=2.43 | costo: 76.00
2026-06-02T04:16:10.763-05:00  INFO 8500 --- [loadroute-backend] [pool-2-thread-1] c.l.algorithm.SimulatedAnnealing         : SA-Opt fin | iter: 4669 | reheats: 5 | mejoras: 560 | peores: 675 | cache: 2383 hits | costo: 76.00 -> 76.00 (0.0%) | tiempo: 0.0s
2026-06-02T04:16:10.763-05:00  INFO 8500 --- [loadroute-backend] [pool-2-thread-1] c.l.algorithm.SimulatedAnnealing         : SA-Opt inicio | T0=1000.0 | costo greedy: 90.00 | envios: 6/6
2026-06-02T04:16:10.767-05:00  INFO 8500 --- [loadroute-backend] [pool-2-thread-1] c.l.algorithm.SimulatedAnnealing         : SA-Opt reheat #1 | T=300.00 | costo: 90.00
2026-06-02T04:16:10.768-05:00  INFO 8500 --- [loadroute-backend] [pool-2-thread-1] c.l.algorithm.SimulatedAnnealing         : SA-Opt reheat #2 | T=90.00 | costo: 90.00
2026-06-02T04:16:10.770-05:00  INFO 8500 --- [loadroute-backend] [pool-2-thread-1] c.l.algorithm.SimulatedAnnealing         : SA-Opt reheat #3 | T=27.00 | costo: 90.00
2026-06-02T04:16:10.771-05:00  INFO 8500 --- [loadroute-backend] [pool-2-thread-1] c.l.algorithm.SimulatedAnnealing         : SA-Opt reheat #4 | T=8.10 | costo: 90.00
2026-06-02T04:16:10.771-05:00  INFO 8500 --- [loadroute-backend] [pool-2-thread-1] c.l.algorithm.SimulatedAnnealing         : SA-Opt reheat #5 | T=2.43 | costo: 90.00
2026-06-02T04:16:10.772-05:00  INFO 8500 --- [loadroute-backend] [pool-2-thread-1] c.l.algorithm.SimulatedAnnealing         : SA-Opt fin | iter: 4669 | reheats: 5 | mejoras: 507 | peores: 630 | cache: 2349 hits | costo: 90.00 -> 90.00 (0.0%) | tiempo: 0.0s
2026-06-02T04:16:10.775-05:00  INFO 8500 --- [loadroute-backend] [pool-2-thread-1] c.l.algorithm.SimulatedAnnealing         : SA-Opt inicio | T0=1000.0 | costo greedy: 140.00 | envios: 10/10
2026-06-02T04:16:10.779-05:00  INFO 8500 --- [loadroute-backend] [pool-2-thread-1] c.l.algorithm.SimulatedAnnealing         : SA-Opt reheat #1 | T=300.00 | costo: 140.00
2026-06-02T04:16:10.780-05:00  INFO 8500 --- [loadroute-backend] [pool-2-thread-1] c.l.algorithm.SimulatedAnnealing         : SA-Opt reheat #2 | T=90.00 | costo: 140.00
2026-06-02T04:16:10.782-05:00  INFO 8500 --- [loadroute-backend] [pool-2-thread-1] c.l.algorithm.SimulatedAnnealing         : SA-Opt reheat #3 | T=27.00 | costo: 140.00
2026-06-02T04:16:10.782-05:00  INFO 8500 --- [loadroute-backend] [pool-2-thread-1] c.l.algorithm.SimulatedAnnealing         : SA-Opt reheat #4 | T=8.10 | costo: 140.00
2026-06-02T04:16:10.784-05:00  INFO 8500 --- [loadroute-backend] [pool-2-thread-1] c.l.algorithm.SimulatedAnnealing         : SA-Opt reheat #5 | T=2.43 | costo: 140.00
2026-06-02T04:16:10.784-05:00  INFO 8500 --- [loadroute-backend] [pool-2-thread-1] c.l.algorithm.SimulatedAnnealing         : SA-Opt fin | iter: 4669 | reheats: 5 | mejoras: 540 | peores: 653 | cache: 2344 hits | costo: 140.00 -> 140.00 (0.0%) | tiempo: 0.0s
2026-06-02T04:16:10.785-05:00  INFO 8500 --- [loadroute-backend] [pool-2-thread-1] c.l.algorithm.SimulatedAnnealing         : SA-Opt inicio | T0=1000.0 | costo greedy: 128.00 | envios: 8/8
2026-06-02T04:16:10.788-05:00  INFO 8500 --- [loadroute-backend] [pool-2-thread-1] c.l.algorithm.SimulatedAnnealing         : SA-Opt reheat #1 | T=300.00 | costo: 128.00
2026-06-02T04:16:10.790-05:00  INFO 8500 --- [loadroute-backend] [pool-2-thread-1] c.l.algorithm.SimulatedAnnealing         : SA-Opt reheat #2 | T=90.00 | costo: 128.00
2026-06-02T04:16:10.792-05:00  INFO 8500 --- [loadroute-backend] [pool-2-thread-1] c.l.algorithm.SimulatedAnnealing         : SA-Opt reheat #3 | T=27.00 | costo: 128.00
2026-06-02T04:16:10.793-05:00  INFO 8500 --- [loadroute-backend] [pool-2-thread-1] c.l.algorithm.SimulatedAnnealing         : SA-Opt reheat #4 | T=8.10 | costo: 128.00
2026-06-02T04:16:10.794-05:00  INFO 8500 --- [loadroute-backend] [pool-2-thread-1] c.l.algorithm.SimulatedAnnealing         : SA-Opt reheat #5 | T=2.43 | costo: 128.00
2026-06-02T04:16:10.794-05:00  INFO 8500 --- [loadroute-backend] [pool-2-thread-1] c.l.algorithm.SimulatedAnnealing         : SA-Opt fin | iter: 4669 | reheats: 5 | mejoras: 533 | peores: 639 | cache: 2302 hits | costo: 128.00 -> 128.00 (0.0%) | tiempo: 0.0s
2026-06-02T04:16:10.795-05:00  INFO 8500 --- [loadroute-backend] [pool-2-thread-1] c.l.algorithm.SimulatedAnnealing         : SA-Opt inicio | T0=1000.0 | costo greedy: 49.00 | envios: 4/4
2026-06-02T04:16:10.798-05:00  INFO 8500 --- [loadroute-backend] [pool-2-thread-1] c.l.algorithm.SimulatedAnnealing         : SA-Opt reheat #1 | T=300.00 | costo: 49.00
2026-06-02T04:16:10.799-05:00  INFO 8500 --- [loadroute-backend] [pool-2-thread-1] c.l.algorithm.SimulatedAnnealing         : SA-Opt reheat #2 | T=90.00 | costo: 49.00
2026-06-02T04:16:10.800-05:00  INFO 8500 --- [loadroute-backend] [pool-2-thread-1] c.l.algorithm.SimulatedAnnealing         : SA-Opt reheat #3 | T=27.00 | costo: 49.00
2026-06-02T04:16:10.801-05:00  INFO 8500 --- [loadroute-backend] [pool-2-thread-1] c.l.algorithm.SimulatedAnnealing         : SA-Opt reheat #4 | T=8.10 | costo: 49.00
2026-06-02T04:16:10.803-05:00  INFO 8500 --- [loadroute-backend] [pool-2-thread-1] c.l.algorithm.SimulatedAnnealing         : SA-Opt reheat #5 | T=2.43 | costo: 49.00
2026-06-02T04:16:10.803-05:00  INFO 8500 --- [loadroute-backend] [pool-2-thread-1] c.l.algorithm.SimulatedAnnealing         : SA-Opt fin | iter: 4669 | reheats: 5 | mejoras: 522 | peores: 635 | cache: 2382 hits | costo: 49.00 -> 49.00 (0.0%) | tiempo: 0.0s
2026-06-02T04:16:10.806-05:00  INFO 8500 --- [loadroute-backend] [pool-2-thread-1] c.l.algorithm.SimulatedAnnealing         : SA-Opt inicio | T0=1000.0 | costo greedy: 100.00 | envios: 9/9
2026-06-02T04:16:10.811-05:00  INFO 8500 --- [loadroute-backend] [pool-2-thread-1] c.l.algorithm.SimulatedAnnealing         : SA-Opt reheat #1 | T=300.00 | costo: 100.00
2026-06-02T04:16:10.813-05:00  INFO 8500 --- [loadroute-backend] [pool-2-thread-1] c.l.algorithm.SimulatedAnnealing         : SA-Opt reheat #2 | T=90.00 | costo: 100.00
2026-06-02T04:16:10.814-05:00  INFO 8500 --- [loadroute-backend] [pool-2-thread-1] c.l.algorithm.SimulatedAnnealing         : SA-Opt reheat #3 | T=27.00 | costo: 100.00
2026-06-02T04:16:10.815-05:00  INFO 8500 --- [loadroute-backend] [pool-2-thread-1] c.l.algorithm.SimulatedAnnealing         : SA-Opt reheat #4 | T=8.10 | costo: 100.00
2026-06-02T04:16:10.816-05:00  INFO 8500 --- [loadroute-backend] [pool-2-thread-1] c.l.algorithm.SimulatedAnnealing         : SA-Opt reheat #5 | T=2.43 | costo: 100.00
2026-06-02T04:16:10.816-05:00  INFO 8500 --- [loadroute-backend] [pool-2-thread-1] c.l.algorithm.SimulatedAnnealing         : SA-Opt fin | iter: 4669 | reheats: 5 | mejoras: 505 | peores: 607 | cache: 2304 hits | costo: 100.00 -> 100.00 (0.0%) | tiempo: 0.0s
2026-06-02T04:16:10.818-05:00  INFO 8500 --- [loadroute-backend] [pool-2-thread-1] c.l.algorithm.SimulatedAnnealing         : SA-Opt inicio | T0=1000.0 | costo greedy: 145.00 | envios: 8/8
2026-06-02T04:16:10.821-05:00  INFO 8500 --- [loadroute-backend] [pool-2-thread-1] c.l.algorithm.SimulatedAnnealing         : SA-Opt reheat #1 | T=300.00 | costo: 145.00
2026-06-02T04:16:10.824-05:00  INFO 8500 --- [loadroute-backend] [pool-2-thread-1] c.l.algorithm.SimulatedAnnealing         : SA-Opt reheat #2 | T=90.00 | costo: 145.00
2026-06-02T04:16:10.825-05:00  INFO 8500 --- [loadroute-backend] [pool-2-thread-1] c.l.algorithm.SimulatedAnnealing         : SA-Opt reheat #3 | T=27.00 | costo: 145.00
2026-06-02T04:16:10.826-05:00  INFO 8500 --- [loadroute-backend] [pool-2-thread-1] c.l.algorithm.SimulatedAnnealing         : SA-Opt reheat #4 | T=8.10 | costo: 145.00
2026-06-02T04:16:10.827-05:00  INFO 8500 --- [loadroute-backend] [pool-2-thread-1] c.l.algorithm.SimulatedAnnealing         : SA-Opt reheat #5 | T=2.43 | costo: 145.00
2026-06-02T04:16:10.827-05:00  INFO 8500 --- [loadroute-backend] [pool-2-thread-1] c.l.algorithm.SimulatedAnnealing         : SA-Opt fin | iter: 4669 | reheats: 5 | mejoras: 623 | peores: 735 | cache: 2382 hits | costo: 145.00 -> 145.00 (0.0%) | tiempo: 0.0s
2026-06-02T04:16:10.829-05:00  INFO 8500 --- [loadroute-backend] [pool-2-thread-1] c.l.algorithm.SimulatedAnnealing         : SA-Opt inicio | T0=1000.0 | costo greedy: 64.00 | envios: 7/7
2026-06-02T04:16:10.832-05:00  INFO 8500 --- [loadroute-backend] [pool-2-thread-1] c.l.algorithm.SimulatedAnnealing         : SA-Opt reheat #1 | T=300.00 | costo: 64.00
2026-06-02T04:16:10.834-05:00  INFO 8500 --- [loadroute-backend] [pool-2-thread-1] c.l.algorithm.SimulatedAnnealing         : SA-Opt reheat #2 | T=90.00 | costo: 64.00
2026-06-02T04:16:10.835-05:00  INFO 8500 --- [loadroute-backend] [pool-2-thread-1] c.l.algorithm.SimulatedAnnealing         : SA-Opt reheat #3 | T=27.00 | costo: 64.00
2026-06-02T04:16:10.836-05:00  INFO 8500 --- [loadroute-backend] [pool-2-thread-1] c.l.algorithm.SimulatedAnnealing         : SA-Opt reheat #4 | T=8.10 | costo: 64.00
2026-06-02T04:16:10.837-05:00  INFO 8500 --- [loadroute-backend] [pool-2-thread-1] c.l.algorithm.SimulatedAnnealing         : SA-Opt reheat #5 | T=2.43 | costo: 64.00
2026-06-02T04:16:10.837-05:00  INFO 8500 --- [loadroute-backend] [pool-2-thread-1] c.l.algorithm.SimulatedAnnealing         : SA-Opt fin | iter: 4669 | reheats: 5 | mejoras: 579 | peores: 708 | cache: 2246 hits | costo: 64.00 -> 64.00 (0.0%) | tiempo: 0.0s
2026-06-02T04:16:10.839-05:00  INFO 8500 --- [loadroute-backend] [pool-2-thread-1] c.l.algorithm.SimulatedAnnealing         : SA-Opt inicio | T0=1000.0 | costo greedy: 106.00 | envios: 8/8
2026-06-02T04:16:10.841-05:00  INFO 8500 --- [loadroute-backend] [pool-2-thread-1] c.l.algorithm.SimulatedAnnealing         : SA-Opt reheat #1 | T=300.00 | costo: 106.00
2026-06-02T04:16:10.844-05:00  INFO 8500 --- [loadroute-backend] [pool-2-thread-1] c.l.algorithm.SimulatedAnnealing         : SA-Opt reheat #2 | T=90.00 | costo: 106.00
2026-06-02T04:16:10.844-05:00  INFO 8500 --- [loadroute-backend] [pool-2-thread-1] c.l.algorithm.SimulatedAnnealing         : SA-Opt reheat #3 | T=27.00 | costo: 106.00
2026-06-02T04:16:10.846-05:00  INFO 8500 --- [loadroute-backend] [pool-2-thread-1] c.l.algorithm.SimulatedAnnealing         : SA-Opt reheat #4 | T=8.10 | costo: 106.00
2026-06-02T04:16:10.847-05:00  INFO 8500 --- [loadroute-backend] [pool-2-thread-1] c.l.algorithm.SimulatedAnnealing         : SA-Opt reheat #5 | T=2.43 | costo: 106.00
2026-06-02T04:16:10.847-05:00  INFO 8500 --- [loadroute-backend] [pool-2-thread-1] c.l.algorithm.SimulatedAnnealing         : SA-Opt fin | iter: 4669 | reheats: 5 | mejoras: 584 | peores: 718 | cache: 2351 hits | costo: 106.00 -> 106.00 (0.0%) | tiempo: 0.0s
2026-06-02T04:16:10.849-05:00  INFO 8500 --- [loadroute-backend] [pool-2-thread-1] c.l.algorithm.SimulatedAnnealing         : SA-Opt inicio | T0=1000.0 | costo greedy: 51.00 | envios: 6/6
2026-06-02T04:16:10.851-05:00  INFO 8500 --- [loadroute-backend] [pool-2-thread-1] c.l.algorithm.SimulatedAnnealing         : SA-Opt reheat #1 | T=300.00 | costo: 51.00
2026-06-02T04:16:10.853-05:00  INFO 8500 --- [loadroute-backend] [pool-2-thread-1] c.l.algorithm.SimulatedAnnealing         : SA-Opt reheat #2 | T=90.00 | costo: 51.00
2026-06-02T04:16:10.854-05:00  INFO 8500 --- [loadroute-backend] [pool-2-thread-1] c.l.algorithm.SimulatedAnnealing         : SA-Opt reheat #3 | T=27.00 | costo: 51.00
2026-06-02T04:16:10.855-05:00  INFO 8500 --- [loadroute-backend] [pool-2-thread-1] c.l.algorithm.SimulatedAnnealing         : SA-Opt reheat #4 | T=8.10 | costo: 51.00
2026-06-02T04:16:10.855-05:00  INFO 8500 --- [loadroute-backend] [pool-2-thread-1] c.l.algorithm.SimulatedAnnealing         : SA-Opt reheat #5 | T=2.43 | costo: 51.00
2026-06-02T04:16:10.856-05:00  INFO 8500 --- [loadroute-backend] [pool-2-thread-1] c.l.algorithm.SimulatedAnnealing         : SA-Opt fin | iter: 4669 | reheats: 5 | mejoras: 566 | peores: 632 | cache: 2325 hits | costo: 51.00 -> 51.00 (0.0%) | tiempo: 0.0s
2026-06-02T04:16:10.858-05:00  INFO 8500 --- [loadroute-backend] [pool-2-thread-1] c.l.algorithm.SimulatedAnnealing         : SA-Opt inicio | T0=1000.0 | costo greedy: 141.00 | envios: 9/9
2026-06-02T04:16:10.861-05:00  INFO 8500 --- [loadroute-backend] [pool-2-thread-1] c.l.algorithm.SimulatedAnnealing         : SA-Opt reheat #1 | T=300.00 | costo: 141.00
2026-06-02T04:16:10.863-05:00  INFO 8500 --- [loadroute-backend] [pool-2-thread-1] c.l.algorithm.SimulatedAnnealing         : SA-Opt reheat #2 | T=90.00 | costo: 141.00
2026-06-02T04:16:10.869-05:00  INFO 8500 --- [loadroute-backend] [pool-2-thread-1] c.l.algorithm.SimulatedAnnealing         : SA-Opt reheat #3 | T=27.00 | costo: 141.00
2026-06-02T04:16:10.870-05:00  INFO 8500 --- [loadroute-backend] [pool-2-thread-1] c.l.algorithm.SimulatedAnnealing         : SA-Opt reheat #4 | T=8.10 | costo: 141.00
2026-06-02T04:16:10.871-05:00  INFO 8500 --- [loadroute-backend] [pool-2-thread-1] c.l.algorithm.SimulatedAnnealing         : SA-Opt reheat #5 | T=2.43 | costo: 141.00
2026-06-02T04:16:10.871-05:00  INFO 8500 --- [loadroute-backend] [pool-2-thread-1] c.l.algorithm.SimulatedAnnealing         : SA-Opt fin | iter: 4669 | reheats: 5 | mejoras: 587 | peores: 652 | cache: 2340 hits | costo: 141.00 -> 141.00 (0.0%) | tiempo: 0.0s
2026-06-02T04:16:10.873-05:00  INFO 8500 --- [loadroute-backend] [pool-2-thread-1] c.l.algorithm.SimulatedAnnealing         : SA-Opt inicio | T0=1000.0 | costo greedy: 75.00 | envios: 6/6
2026-06-02T04:16:10.876-05:00  INFO 8500 --- [loadroute-backend] [pool-2-thread-1] c.l.algorithm.SimulatedAnnealing         : SA-Opt reheat #1 | T=300.00 | costo: 75.00
2026-06-02T04:16:10.878-05:00  INFO 8500 --- [loadroute-backend] [pool-2-thread-1] c.l.algorithm.SimulatedAnnealing         : SA-Opt reheat #2 | T=90.00 | costo: 75.00
2026-06-02T04:16:10.879-05:00  INFO 8500 --- [loadroute-backend] [pool-2-thread-1] c.l.algorithm.SimulatedAnnealing         : SA-Opt reheat #3 | T=27.00 | costo: 75.00
2026-06-02T04:16:10.880-05:00  INFO 8500 --- [loadroute-backend] [pool-2-thread-1] c.l.algorithm.SimulatedAnnealing         : SA-Opt reheat #4 | T=8.10 | costo: 75.00
2026-06-02T04:16:10.881-05:00  INFO 8500 --- [loadroute-backend] [pool-2-thread-1] c.l.algorithm.SimulatedAnnealing         : SA-Opt reheat #5 | T=2.43 | costo: 75.00
2026-06-02T04:16:10.882-05:00  INFO 8500 --- [loadroute-backend] [pool-2-thread-1] c.l.algorithm.SimulatedAnnealing         : SA-Opt fin | iter: 4669 | reheats: 5 | mejoras: 586 | peores: 688 | cache: 2380 hits | costo: 75.00 -> 75.00 (0.0%) | tiempo: 0.0s
2026-06-02T04:16:10.884-05:00  INFO 8500 --- [loadroute-backend] [pool-2-thread-1] c.l.algorithm.SimulatedAnnealing         : SA-Opt inicio | T0=1000.0 | costo greedy: 69.00 | envios: 8/8
2026-06-02T04:16:10.888-05:00  INFO 8500 --- [loadroute-backend] [pool-2-thread-1] c.l.algorithm.SimulatedAnnealing         : SA-Opt reheat #1 | T=300.00 | costo: 69.00
2026-06-02T04:16:10.891-05:00  INFO 8500 --- [loadroute-backend] [pool-2-thread-1] c.l.algorithm.SimulatedAnnealing         : SA-Opt reheat #2 | T=90.00 | costo: 69.00
2026-06-02T04:16:10.891-05:00  INFO 8500 --- [loadroute-backend] [pool-2-thread-1] c.l.algorithm.SimulatedAnnealing         : SA-Opt reheat #3 | T=27.00 | costo: 69.00
2026-06-02T04:16:10.894-05:00  INFO 8500 --- [loadroute-backend] [pool-2-thread-1] c.l.algorithm.SimulatedAnnealing         : SA-Opt reheat #4 | T=8.10 | costo: 69.00
2026-06-02T04:16:10.895-05:00  INFO 8500 --- [loadroute-backend] [pool-2-thread-1] c.l.algorithm.SimulatedAnnealing         : SA-Opt reheat #5 | T=2.43 | costo: 69.00
2026-06-02T04:16:10.895-05:00  INFO 8500 --- [loadroute-backend] [pool-2-thread-1] c.l.algorithm.SimulatedAnnealing         : SA-Opt fin | iter: 4669 | reheats: 5 | mejoras: 587 | peores: 1221 | cache: 2345 hits | costo: 69.00 -> 69.00 (0.0%) | tiempo: 0.0s
2026-06-02T04:16:10.897-05:00  INFO 8500 --- [loadroute-backend] [pool-2-thread-1] c.l.algorithm.SimulatedAnnealing         : SA-Opt inicio | T0=1000.0 | costo greedy: 61.00 | envios: 6/6
2026-06-02T04:16:10.900-05:00  INFO 8500 --- [loadroute-backend] [pool-2-thread-1] c.l.algorithm.SimulatedAnnealing         : SA-Opt reheat #1 | T=300.00 | costo: 61.00
2026-06-02T04:16:10.901-05:00  INFO 8500 --- [loadroute-backend] [pool-2-thread-1] c.l.algorithm.SimulatedAnnealing         : SA-Opt reheat #2 | T=90.00 | costo: 61.00
2026-06-02T04:16:10.903-05:00  INFO 8500 --- [loadroute-backend] [pool-2-thread-1] c.l.algorithm.SimulatedAnnealing         : SA-Opt reheat #3 | T=27.00 | costo: 61.00
2026-06-02T04:16:10.905-05:00  INFO 8500 --- [loadroute-backend] [pool-2-thread-1] c.l.algorithm.SimulatedAnnealing         : SA-Opt reheat #4 | T=8.10 | costo: 61.00
2026-06-02T04:16:10.906-05:00  INFO 8500 --- [loadroute-backend] [pool-2-thread-1] c.l.algorithm.SimulatedAnnealing         : SA-Opt reheat #5 | T=2.43 | costo: 61.00
2026-06-02T04:16:10.906-05:00  INFO 8500 --- [loadroute-backend] [pool-2-thread-1] c.l.algorithm.SimulatedAnnealing         : SA-Opt fin | iter: 4669 | reheats: 5 | mejoras: 503 | peores: 619 | cache: 2334 hits | costo: 61.00 -> 61.00 (0.0%) | tiempo: 0.0s
2026-06-02T04:16:10.907-05:00  INFO 8500 --- [loadroute-backend] [pool-2-thread-1] c.l.algorithm.SimulatedAnnealing         : SA-Opt inicio | T0=1000.0 | costo greedy: 98.00 | envios: 8/8
2026-06-02T04:16:10.911-05:00  INFO 8500 --- [loadroute-backend] [pool-2-thread-1] c.l.algorithm.SimulatedAnnealing         : SA-Opt reheat #1 | T=300.00 | costo: 98.00
2026-06-02T04:16:10.913-05:00  INFO 8500 --- [loadroute-backend] [pool-2-thread-1] c.l.algorithm.SimulatedAnnealing         : SA-Opt reheat #2 | T=90.00 | costo: 98.00
2026-06-02T04:16:10.914-05:00  INFO 8500 --- [loadroute-backend] [pool-2-thread-1] c.l.algorithm.SimulatedAnnealing         : SA-Opt reheat #3 | T=27.00 | costo: 98.00
2026-06-02T04:16:10.916-05:00  INFO 8500 --- [loadroute-backend] [pool-2-thread-1] c.l.algorithm.SimulatedAnnealing         : SA-Opt reheat #4 | T=8.10 | costo: 98.00
2026-06-02T04:16:10.917-05:00  INFO 8500 --- [loadroute-backend] [pool-2-thread-1] c.l.algorithm.SimulatedAnnealing         : SA-Opt reheat #5 | T=2.43 | costo: 98.00
2026-06-02T04:16:10.917-05:00  INFO 8500 --- [loadroute-backend] [pool-2-thread-1] c.l.algorithm.SimulatedAnnealing         : SA-Opt fin | iter: 4669 | reheats: 5 | mejoras: 499 | peores: 574 | cache: 2322 hits | costo: 98.00 -> 98.00 (0.0%) | tiempo: 0.0s
2026-06-02T04:16:10.920-05:00  INFO 8500 --- [loadroute-backend] [pool-2-thread-1] c.l.algorithm.SimulatedAnnealing         : SA-Opt inicio | T0=1000.0 | costo greedy: 92.00 | envios: 7/7
2026-06-02T04:16:10.923-05:00  INFO 8500 --- [loadroute-backend] [pool-2-thread-1] c.l.algorithm.SimulatedAnnealing         : SA-Opt reheat #1 | T=300.00 | costo: 92.00
2026-06-02T04:16:10.925-05:00  INFO 8500 --- [loadroute-backend] [pool-2-thread-1] c.l.algorithm.SimulatedAnnealing         : SA-Opt reheat #2 | T=90.00 | costo: 92.00
2026-06-02T04:16:10.926-05:00  INFO 8500 --- [loadroute-backend] [pool-2-thread-1] c.l.algorithm.SimulatedAnnealing         : SA-Opt reheat #3 | T=27.00 | costo: 92.00
2026-06-02T04:16:10.927-05:00  INFO 8500 --- [loadroute-backend] [pool-2-thread-1] c.l.algorithm.SimulatedAnnealing         : SA-Opt reheat #4 | T=8.10 | costo: 92.00
2026-06-02T04:16:10.928-05:00  INFO 8500 --- [loadroute-backend] [pool-2-thread-1] c.l.algorithm.SimulatedAnnealing         : SA-Opt reheat #5 | T=2.43 | costo: 92.00
2026-06-02T04:16:10.929-05:00  INFO 8500 --- [loadroute-backend] [pool-2-thread-1] c.l.algorithm.SimulatedAnnealing         : SA-Opt fin | iter: 4669 | reheats: 5 | mejoras: 539 | peores: 648 | cache: 2303 hits | costo: 92.00 -> 92.00 (0.0%) | tiempo: 0.0s
2026-06-02T04:16:10.930-05:00  INFO 8500 --- [loadroute-backend] [pool-2-thread-1] c.l.algorithm.SimulatedAnnealing         : SA-Opt inicio | T0=1000.0 | costo greedy: 93.00 | envios: 8/8
2026-06-02T04:16:10.934-05:00  INFO 8500 --- [loadroute-backend] [pool-2-thread-1] c.l.algorithm.SimulatedAnnealing         : SA-Opt reheat #1 | T=300.00 | costo: 93.00
2026-06-02T04:16:10.935-05:00  INFO 8500 --- [loadroute-backend] [pool-2-thread-1] c.l.algorithm.SimulatedAnnealing         : SA-Opt reheat #2 | T=90.00 | costo: 93.00
2026-06-02T04:16:10.937-05:00  INFO 8500 --- [loadroute-backend] [pool-2-thread-1] c.l.algorithm.SimulatedAnnealing         : SA-Opt reheat #3 | T=27.00 | costo: 93.00
2026-06-02T04:16:10.938-05:00  INFO 8500 --- [loadroute-backend] [pool-2-thread-1] c.l.algorithm.SimulatedAnnealing         : SA-Opt reheat #4 | T=8.10 | costo: 93.00
2026-06-02T04:16:10.938-05:00  INFO 8500 --- [loadroute-backend] [pool-2-thread-1] c.l.algorithm.SimulatedAnnealing         : SA-Opt reheat #5 | T=2.43 | costo: 93.00
2026-06-02T04:16:10.939-05:00  INFO 8500 --- [loadroute-backend] [pool-2-thread-1] c.l.algorithm.SimulatedAnnealing         : SA-Opt fin | iter: 4669 | reheats: 5 | mejoras: 533 | peores: 643 | cache: 2371 hits | costo: 93.00 -> 93.00 (0.0%) | tiempo: 0.0s
2026-06-02T04:16:10.940-05:00  INFO 8500 --- [loadroute-backend] [pool-2-thread-1] c.l.algorithm.SimulatedAnnealing         : SA-Opt inicio | T0=1000.0 | costo greedy: 58.00 | envios: 3/3
2026-06-02T04:16:10.941-05:00  INFO 8500 --- [loadroute-backend] [pool-2-thread-1] c.l.algorithm.SimulatedAnnealing         : SA-Opt reheat #1 | T=300.00 | costo: 58.00
2026-06-02T04:16:10.944-05:00  INFO 8500 --- [loadroute-backend] [pool-2-thread-1] c.l.algorithm.SimulatedAnnealing         : SA-Opt reheat #2 | T=90.00 | costo: 58.00
2026-06-02T04:16:10.946-05:00  INFO 8500 --- [loadroute-backend] [pool-2-thread-1] c.l.algorithm.SimulatedAnnealing         : SA-Opt reheat #3 | T=27.00 | costo: 58.00
2026-06-02T04:16:10.947-05:00  INFO 8500 --- [loadroute-backend] [pool-2-thread-1] c.l.algorithm.SimulatedAnnealing         : SA-Opt reheat #4 | T=8.10 | costo: 58.00
2026-06-02T04:16:10.947-05:00  INFO 8500 --- [loadroute-backend] [pool-2-thread-1] c.l.algorithm.SimulatedAnnealing         : SA-Opt reheat #5 | T=2.43 | costo: 58.00
2026-06-02T04:16:10.948-05:00  INFO 8500 --- [loadroute-backend] [pool-2-thread-1] c.l.algorithm.SimulatedAnnealing         : SA-Opt fin | iter: 4669 | reheats: 5 | mejoras: 525 | peores: 669 | cache: 2323 hits | costo: 58.00 -> 58.00 (0.0%) | tiempo: 0.0s
2026-06-02T04:16:10.950-05:00  INFO 8500 --- [loadroute-backend] [pool-2-thread-1] c.l.algorithm.SimulatedAnnealing         : SA-Opt inicio | T0=1000.0 | costo greedy: 107.00 | envios: 12/12
2026-06-02T04:16:10.955-05:00  INFO 8500 --- [loadroute-backend] [pool-2-thread-1] c.l.algorithm.SimulatedAnnealing         : SA-Opt reheat #1 | T=300.00 | costo: 107.00
2026-06-02T04:16:10.957-05:00  INFO 8500 --- [loadroute-backend] [pool-2-thread-1] c.l.algorithm.SimulatedAnnealing         : SA-Opt reheat #2 | T=90.00 | costo: 107.00
2026-06-02T04:16:10.959-05:00  INFO 8500 --- [loadroute-backend] [pool-2-thread-1] c.l.algorithm.SimulatedAnnealing         : SA-Opt reheat #3 | T=27.00 | costo: 107.00
2026-06-02T04:16:10.960-05:00  INFO 8500 --- [loadroute-backend] [pool-2-thread-1] c.l.algorithm.SimulatedAnnealing         : SA-Opt reheat #4 | T=8.10 | costo: 107.00
2026-06-02T04:16:10.961-05:00  INFO 8500 --- [loadroute-backend] [pool-2-thread-1] c.l.algorithm.SimulatedAnnealing         : SA-Opt reheat #5 | T=2.43 | costo: 107.00
2026-06-02T04:16:10.961-05:00  INFO 8500 --- [loadroute-backend] [pool-2-thread-1] c.l.algorithm.SimulatedAnnealing         : SA-Opt fin | iter: 4669 | reheats: 5 | mejoras: 537 | peores: 637 | cache: 2350 hits | costo: 107.00 -> 107.00 (0.0%) | tiempo: 0.0s
2026-06-02T04:16:10.964-05:00  INFO 8500 --- [loadroute-backend] [pool-2-thread-1] c.l.algorithm.SimulatedAnnealing         : SA-Opt inicio | T0=1000.0 | costo greedy: 40.00 | envios: 5/5
2026-06-02T04:16:10.967-05:00  INFO 8500 --- [loadroute-backend] [pool-2-thread-1] c.l.algorithm.SimulatedAnnealing         : SA-Opt reheat #1 | T=300.00 | costo: 40.00
2026-06-02T04:16:10.969-05:00  INFO 8500 --- [loadroute-backend] [pool-2-thread-1] c.l.algorithm.SimulatedAnnealing         : SA-Opt reheat #2 | T=90.00 | costo: 40.00
2026-06-02T04:16:10.971-05:00  INFO 8500 --- [loadroute-backend] [pool-2-thread-1] c.l.algorithm.SimulatedAnnealing         : SA-Opt reheat #3 | T=27.00 | costo: 40.00
2026-06-02T04:16:10.972-05:00  INFO 8500 --- [loadroute-backend] [pool-2-thread-1] c.l.algorithm.SimulatedAnnealing         : SA-Opt reheat #4 | T=8.10 | costo: 40.00
2026-06-02T04:16:10.973-05:00  INFO 8500 --- [loadroute-backend] [pool-2-thread-1] c.l.algorithm.SimulatedAnnealing         : SA-Opt reheat #5 | T=2.43 | costo: 40.00
2026-06-02T04:16:10.973-05:00  INFO 8500 --- [loadroute-backend] [pool-2-thread-1] c.l.algorithm.SimulatedAnnealing         : SA-Opt fin | iter: 4669 | reheats: 5 | mejoras: 576 | peores: 597 | cache: 2291 hits | costo: 40.00 -> 40.00 (0.0%) | tiempo: 0.0s
2026-06-02T04:16:10.974-05:00  INFO 8500 --- [loadroute-backend] [pool-2-thread-1] c.l.algorithm.SimulatedAnnealing         : SA-Opt inicio | T0=1000.0 | costo greedy: 75.00 | envios: 7/7
2026-06-02T04:16:10.978-05:00  INFO 8500 --- [loadroute-backend] [pool-2-thread-1] c.l.algorithm.SimulatedAnnealing         : SA-Opt reheat #1 | T=300.00 | costo: 75.00
2026-06-02T04:16:10.979-05:00  INFO 8500 --- [loadroute-backend] [pool-2-thread-1] c.l.algorithm.SimulatedAnnealing         : SA-Opt reheat #2 | T=90.00 | costo: 75.00
2026-06-02T04:16:10.981-05:00  INFO 8500 --- [loadroute-backend] [pool-2-thread-1] c.l.algorithm.SimulatedAnnealing         : SA-Opt reheat #3 | T=27.00 | costo: 75.00
2026-06-02T04:16:10.981-05:00  INFO 8500 --- [loadroute-backend] [pool-2-thread-1] c.l.algorithm.SimulatedAnnealing         : SA-Opt reheat #4 | T=8.10 | costo: 75.00
2026-06-02T04:16:10.983-05:00  INFO 8500 --- [loadroute-backend] [pool-2-thread-1] c.l.algorithm.SimulatedAnnealing         : SA-Opt reheat #5 | T=2.43 | costo: 75.00
2026-06-02T04:16:10.984-05:00  INFO 8500 --- [loadroute-backend] [pool-2-thread-1] c.l.algorithm.SimulatedAnnealing         : SA-Opt fin | iter: 4669 | reheats: 5 | mejoras: 553 | peores: 612 | cache: 2307 hits | costo: 75.00 -> 75.00 (0.0%) | tiempo: 0.0s
2026-06-02T04:16:10.986-05:00  INFO 8500 --- [loadroute-backend] [pool-2-thread-1] c.l.algorithm.SimulatedAnnealing         : SA-Opt inicio | T0=1000.0 | costo greedy: 73.00 | envios: 5/5
2026-06-02T04:16:10.988-05:00  INFO 8500 --- [loadroute-backend] [pool-2-thread-1] c.l.algorithm.SimulatedAnnealing         : SA-Opt reheat #1 | T=300.00 | costo: 73.00
2026-06-02T04:16:10.990-05:00  INFO 8500 --- [loadroute-backend] [pool-2-thread-1] c.l.algorithm.SimulatedAnnealing         : SA-Opt reheat #2 | T=90.00 | costo: 73.00
2026-06-02T04:16:10.991-05:00  INFO 8500 --- [loadroute-backend] [pool-2-thread-1] c.l.algorithm.SimulatedAnnealing         : SA-Opt reheat #3 | T=27.00 | costo: 73.00
2026-06-02T04:16:10.993-05:00  INFO 8500 --- [loadroute-backend] [pool-2-thread-1] c.l.algorithm.SimulatedAnnealing         : SA-Opt reheat #4 | T=8.10 | costo: 73.00
2026-06-02T04:16:10.994-05:00  INFO 8500 --- [loadroute-backend] [pool-2-thread-1] c.l.algorithm.SimulatedAnnealing         : SA-Opt reheat #5 | T=2.43 | costo: 73.00
2026-06-02T04:16:10.994-05:00  INFO 8500 --- [loadroute-backend] [pool-2-thread-1] c.l.algorithm.SimulatedAnnealing         : SA-Opt fin | iter: 4669 | reheats: 5 | mejoras: 507 | peores: 627 | cache: 2313 hits | costo: 73.00 -> 73.00 (0.0%) | tiempo: 0.0s
2026-06-02T04:16:10.996-05:00  INFO 8500 --- [loadroute-backend] [pool-2-thread-1] c.l.algorithm.SimulatedAnnealing         : SA-Opt inicio | T0=1000.0 | costo greedy: 72.00 | envios: 8/8
2026-06-02T04:16:11.000-05:00  INFO 8500 --- [loadroute-backend] [pool-2-thread-1] c.l.algorithm.SimulatedAnnealing         : SA-Opt reheat #1 | T=300.00 | costo: 72.00
2026-06-02T04:16:11.001-05:00  INFO 8500 --- [loadroute-backend] [pool-2-thread-1] c.l.algorithm.SimulatedAnnealing         : SA-Opt reheat #2 | T=90.00 | costo: 72.00
2026-06-02T04:16:11.003-05:00  INFO 8500 --- [loadroute-backend] [pool-2-thread-1] c.l.algorithm.SimulatedAnnealing         : SA-Opt reheat #3 | T=27.00 | costo: 72.00
2026-06-02T04:16:11.004-05:00  INFO 8500 --- [loadroute-backend] [pool-2-thread-1] c.l.algorithm.SimulatedAnnealing         : SA-Opt reheat #4 | T=8.10 | costo: 72.00
2026-06-02T04:16:11.004-05:00  INFO 8500 --- [loadroute-backend] [pool-2-thread-1] c.l.algorithm.SimulatedAnnealing         : SA-Opt reheat #5 | T=2.43 | costo: 72.00
2026-06-02T04:16:11.004-05:00  INFO 8500 --- [loadroute-backend] [pool-2-thread-1] c.l.algorithm.SimulatedAnnealing         : SA-Opt fin | iter: 4669 | reheats: 5 | mejoras: 512 | peores: 586 | cache: 2312 hits | costo: 72.00 -> 72.00 (0.0%) | tiempo: 0.0s
2026-06-02T04:16:11.006-05:00  INFO 8500 --- [loadroute-backend] [pool-2-thread-1] c.l.algorithm.SimulatedAnnealing         : SA-Opt inicio | T0=1000.0 | costo greedy: 50.00 | envios: 4/4
2026-06-02T04:16:11.007-05:00  INFO 8500 --- [loadroute-backend] [pool-2-thread-1] c.l.algorithm.SimulatedAnnealing         : SA-Opt reheat #1 | T=300.00 | costo: 50.00
2026-06-02T04:16:11.007-05:00  INFO 8500 --- [loadroute-backend] [pool-2-thread-1] c.l.algorithm.SimulatedAnnealing         : SA-Opt reheat #2 | T=90.00 | costo: 50.00
2026-06-02T04:16:11.007-05:00  INFO 8500 --- [loadroute-backend] [pool-2-thread-1] c.l.algorithm.SimulatedAnnealing         : SA-Opt reheat #3 | T=27.00 | costo: 50.00
2026-06-02T04:16:11.013-05:00  INFO 8500 --- [loadroute-backend] [pool-2-thread-1] c.l.algorithm.SimulatedAnnealing         : SA-Opt reheat #4 | T=8.10 | costo: 50.00
2026-06-02T04:16:11.014-05:00  INFO 8500 --- [loadroute-backend] [pool-2-thread-1] c.l.algorithm.SimulatedAnnealing         : SA-Opt reheat #5 | T=2.43 | costo: 50.00
2026-06-02T04:16:11.015-05:00  INFO 8500 --- [loadroute-backend] [pool-2-thread-1] c.l.algorithm.SimulatedAnnealing         : SA-Opt fin | iter: 4669 | reheats: 5 | mejoras: 582 | peores: 668 | cache: 2389 hits | costo: 50.00 -> 50.00 (0.0%) | tiempo: 0.0s
2026-06-02T04:16:11.016-05:00  INFO 8500 --- [loadroute-backend] [pool-2-thread-1] c.l.algorithm.SimulatedAnnealing         : SA-Opt inicio | T0=1000.0 | costo greedy: 51.00 | envios: 4/4
2026-06-02T04:16:11.020-05:00  INFO 8500 --- [loadroute-backend] [pool-2-thread-1] c.l.algorithm.SimulatedAnnealing         : SA-Opt reheat #1 | T=300.00 | costo: 51.00
2026-06-02T04:16:11.021-05:00  INFO 8500 --- [loadroute-backend] [pool-2-thread-1] c.l.algorithm.SimulatedAnnealing         : SA-Opt reheat #2 | T=90.00 | costo: 51.00
2026-06-02T04:16:11.024-05:00  INFO 8500 --- [loadroute-backend] [pool-2-thread-1] c.l.algorithm.SimulatedAnnealing         : SA-Opt reheat #3 | T=27.00 | costo: 51.00
2026-06-02T04:16:11.025-05:00  INFO 8500 --- [loadroute-backend] [pool-2-thread-1] c.l.algorithm.SimulatedAnnealing         : SA-Opt reheat #4 | T=8.10 | costo: 51.00
2026-06-02T04:16:11.026-05:00  INFO 8500 --- [loadroute-backend] [pool-2-thread-1] c.l.algorithm.SimulatedAnnealing         : SA-Opt reheat #5 | T=2.43 | costo: 51.00
2026-06-02T04:16:11.026-05:00  INFO 8500 --- [loadroute-backend] [pool-2-thread-1] c.l.algorithm.SimulatedAnnealing         : SA-Opt fin | iter: 4669 | reheats: 5 | mejoras: 553 | peores: 710 | cache: 2319 hits | costo: 51.00 -> 51.00 (0.0%) | tiempo: 0.0s
2026-06-02T04:16:11.028-05:00  INFO 8500 --- [loadroute-backend] [pool-2-thread-1] c.l.algorithm.SimulatedAnnealing         : SA-Opt inicio | T0=1000.0 | costo greedy: 80.00 | envios: 5/5
2026-06-02T04:16:11.031-05:00  INFO 8500 --- [loadroute-backend] [pool-2-thread-1] c.l.algorithm.SimulatedAnnealing         : SA-Opt reheat #1 | T=300.00 | costo: 80.00
2026-06-02T04:16:11.034-05:00  INFO 8500 --- [loadroute-backend] [pool-2-thread-1] c.l.algorithm.SimulatedAnnealing         : SA-Opt reheat #2 | T=90.00 | costo: 80.00
2026-06-02T04:16:11.035-05:00  INFO 8500 --- [loadroute-backend] [pool-2-thread-1] c.l.algorithm.SimulatedAnnealing         : SA-Opt reheat #3 | T=27.00 | costo: 80.00
2026-06-02T04:16:11.036-05:00  INFO 8500 --- [loadroute-backend] [pool-2-thread-1] c.l.algorithm.SimulatedAnnealing         : SA-Opt reheat #4 | T=8.10 | costo: 80.00
2026-06-02T04:16:11.037-05:00  INFO 8500 --- [loadroute-backend] [pool-2-thread-1] c.l.algorithm.SimulatedAnnealing         : SA-Opt reheat #5 | T=2.43 | costo: 80.00
2026-06-02T04:16:11.038-05:00  INFO 8500 --- [loadroute-backend] [pool-2-thread-1] c.l.algorithm.SimulatedAnnealing         : SA-Opt fin | iter: 4669 | reheats: 5 | mejoras: 555 | peores: 669 | cache: 2342 hits | costo: 80.00 -> 80.00 (0.0%) | tiempo: 0.0s
2026-06-02T04:16:11.040-05:00  INFO 8500 --- [loadroute-backend] [pool-2-thread-1] c.l.algorithm.SimulatedAnnealing         : SA-Opt inicio | T0=1000.0 | costo greedy: 83.00 | envios: 7/7
2026-06-02T04:16:11.045-05:00  INFO 8500 --- [loadroute-backend] [pool-2-thread-1] c.l.algorithm.SimulatedAnnealing         : SA-Opt reheat #1 | T=300.00 | costo: 83.00
2026-06-02T04:16:11.046-05:00  INFO 8500 --- [loadroute-backend] [pool-2-thread-1] c.l.algorithm.SimulatedAnnealing         : SA-Opt reheat #2 | T=90.00 | costo: 83.00
2026-06-02T04:16:11.047-05:00  INFO 8500 --- [loadroute-backend] [pool-2-thread-1] c.l.algorithm.SimulatedAnnealing         : SA-Opt reheat #3 | T=27.00 | costo: 83.00
2026-06-02T04:16:11.048-05:00  INFO 8500 --- [loadroute-backend] [pool-2-thread-1] c.l.algorithm.SimulatedAnnealing         : SA-Opt reheat #4 | T=8.10 | costo: 83.00
2026-06-02T04:16:11.049-05:00  INFO 8500 --- [loadroute-backend] [pool-2-thread-1] c.l.algorithm.SimulatedAnnealing         : SA-Opt reheat #5 | T=2.43 | costo: 83.00
2026-06-02T04:16:11.049-05:00  INFO 8500 --- [loadroute-backend] [pool-2-thread-1] c.l.algorithm.SimulatedAnnealing         : SA-Opt fin | iter: 4669 | reheats: 5 | mejoras: 567 | peores: 697 | cache: 2297 hits | costo: 83.00 -> 83.00 (0.0%) | tiempo: 0.0s
2026-06-02T04:16:11.051-05:00  INFO 8500 --- [loadroute-backend] [pool-2-thread-1] c.l.algorithm.SimulatedAnnealing         : SA-Opt inicio | T0=1000.0 | costo greedy: 90.00 | envios: 8/8
2026-06-02T04:16:11.055-05:00  INFO 8500 --- [loadroute-backend] [pool-2-thread-1] c.l.algorithm.SimulatedAnnealing         : SA-Opt reheat #1 | T=300.00 | costo: 90.00
2026-06-02T04:16:11.057-05:00  INFO 8500 --- [loadroute-backend] [pool-2-thread-1] c.l.algorithm.SimulatedAnnealing         : SA-Opt reheat #2 | T=90.00 | costo: 90.00
2026-06-02T04:16:11.058-05:00  INFO 8500 --- [loadroute-backend] [pool-2-thread-1] c.l.algorithm.SimulatedAnnealing         : SA-Opt reheat #3 | T=27.00 | costo: 90.00
2026-06-02T04:16:11.059-05:00  INFO 8500 --- [loadroute-backend] [pool-2-thread-1] c.l.algorithm.SimulatedAnnealing         : SA-Opt reheat #4 | T=8.10 | costo: 90.00
2026-06-02T04:16:11.060-05:00  INFO 8500 --- [loadroute-backend] [pool-2-thread-1] c.l.algorithm.SimulatedAnnealing         : SA-Opt reheat #5 | T=2.43 | costo: 90.00
2026-06-02T04:16:11.061-05:00  INFO 8500 --- [loadroute-backend] [pool-2-thread-1] c.l.algorithm.SimulatedAnnealing         : SA-Opt fin | iter: 4669 | reheats: 5 | mejoras: 575 | peores: 605 | cache: 2351 hits | costo: 90.00 -> 90.00 (0.0%) | tiempo: 0.0s
2026-06-02T04:16:11.061-05:00  INFO 8500 --- [loadroute-backend] [pool-2-thread-1] c.l.algorithm.SimulatedAnnealing         : SA-Opt inicio | T0=1000.0 | costo greedy: 54.00 | envios: 4/4
2026-06-02T04:16:11.064-05:00  INFO 8500 --- [loadroute-backend] [pool-2-thread-1] c.l.algorithm.SimulatedAnnealing         : SA-Opt reheat #1 | T=300.00 | costo: 54.00
2026-06-02T04:16:11.066-05:00  INFO 8500 --- [loadroute-backend] [pool-2-thread-1] c.l.algorithm.SimulatedAnnealing         : SA-Opt reheat #2 | T=90.00 | costo: 54.00
2026-06-02T04:16:11.066-05:00  INFO 8500 --- [loadroute-backend] [pool-2-thread-1] c.l.algorithm.SimulatedAnnealing         : SA-Opt reheat #3 | T=27.00 | costo: 54.00
2026-06-02T04:16:11.068-05:00  INFO 8500 --- [loadroute-backend] [pool-2-thread-1] c.l.algorithm.SimulatedAnnealing         : SA-Opt reheat #4 | T=8.10 | costo: 54.00
2026-06-02T04:16:11.069-05:00  INFO 8500 --- [loadroute-backend] [pool-2-thread-1] c.l.algorithm.SimulatedAnnealing         : SA-Opt reheat #5 | T=2.43 | costo: 54.00
2026-06-02T04:16:11.069-05:00  INFO 8500 --- [loadroute-backend] [pool-2-thread-1] c.l.algorithm.SimulatedAnnealing         : SA-Opt fin | iter: 4669 | reheats: 5 | mejoras: 499 | peores: 553 | cache: 2362 hits | costo: 54.00 -> 54.00 (0.0%) | tiempo: 0.0s
2026-06-02T04:16:11.070-05:00  INFO 8500 --- [loadroute-backend] [pool-2-thread-1] c.l.algorithm.SimulatedAnnealing         : SA-Opt inicio | T0=1000.0 | costo greedy: 78.00 | envios: 5/5
2026-06-02T04:16:11.073-05:00  INFO 8500 --- [loadroute-backend] [pool-2-thread-1] c.l.algorithm.SimulatedAnnealing         : SA-Opt reheat #1 | T=300.00 | costo: 78.00
2026-06-02T04:16:11.075-05:00  INFO 8500 --- [loadroute-backend] [pool-2-thread-1] c.l.algorithm.SimulatedAnnealing         : SA-Opt reheat #2 | T=90.00 | costo: 78.00
2026-06-02T04:16:11.075-05:00  INFO 8500 --- [loadroute-backend] [pool-2-thread-1] c.l.algorithm.SimulatedAnnealing         : SA-Opt reheat #3 | T=27.00 | costo: 78.00
2026-06-02T04:16:11.075-05:00  INFO 8500 --- [loadroute-backend] [pool-2-thread-1] c.l.algorithm.SimulatedAnnealing         : SA-Opt reheat #4 | T=8.10 | costo: 78.00
2026-06-02T04:16:11.075-05:00  INFO 8500 --- [loadroute-backend] [pool-2-thread-1] c.l.algorithm.SimulatedAnnealing         : SA-Opt reheat #5 | T=2.43 | costo: 78.00
2026-06-02T04:16:11.075-05:00  INFO 8500 --- [loadroute-backend] [pool-2-thread-1] c.l.algorithm.SimulatedAnnealing         : SA-Opt fin | iter: 4669 | reheats: 5 | mejoras: 542 | peores: 653 | cache: 2343 hits | costo: 78.00 -> 78.00 (0.0%) | tiempo: 0.0s
2026-06-02T04:16:11.075-05:00  INFO 8500 --- [loadroute-backend] [pool-2-thread-1] c.l.algorithm.SimulatedAnnealing         : SA-Opt inicio | T0=1000.0 | costo greedy: 49.00 | envios: 4/4
2026-06-02T04:16:11.082-05:00  INFO 8500 --- [loadroute-backend] [pool-2-thread-1] c.l.algorithm.SimulatedAnnealing         : SA-Opt reheat #1 | T=300.00 | costo: 49.00
2026-06-02T04:16:11.084-05:00  INFO 8500 --- [loadroute-backend] [pool-2-thread-1] c.l.algorithm.SimulatedAnnealing         : SA-Opt reheat #2 | T=90.00 | costo: 49.00
2026-06-02T04:16:11.084-05:00  INFO 8500 --- [loadroute-backend] [pool-2-thread-1] c.l.algorithm.SimulatedAnnealing         : SA-Opt reheat #3 | T=27.00 | costo: 49.00
2026-06-02T04:16:11.085-05:00  INFO 8500 --- [loadroute-backend] [pool-2-thread-1] c.l.algorithm.SimulatedAnnealing         : SA-Opt reheat #4 | T=8.10 | costo: 49.00
2026-06-02T04:16:11.086-05:00  INFO 8500 --- [loadroute-backend] [pool-2-thread-1] c.l.algorithm.SimulatedAnnealing         : SA-Opt reheat #5 | T=2.43 | costo: 49.00
2026-06-02T04:16:11.086-05:00  INFO 8500 --- [loadroute-backend] [pool-2-thread-1] c.l.algorithm.SimulatedAnnealing         : SA-Opt fin | iter: 4669 | reheats: 5 | mejoras: 488 | peores: 585 | cache: 2358 hits | costo: 49.00 -> 49.00 (0.0%) | tiempo: 0.0s
2026-06-02T04:16:11.087-05:00  INFO 8500 --- [loadroute-backend] [pool-2-thread-1] c.l.algorithm.SimulatedAnnealing         : SA-Opt inicio | T0=1000.0 | costo greedy: 68.00 | envios: 5/5
2026-06-02T04:16:11.090-05:00  INFO 8500 --- [loadroute-backend] [pool-2-thread-1] c.l.algorithm.SimulatedAnnealing         : SA-Opt reheat #1 | T=300.00 | costo: 68.00
2026-06-02T04:16:11.092-05:00  INFO 8500 --- [loadroute-backend] [pool-2-thread-1] c.l.algorithm.SimulatedAnnealing         : SA-Opt reheat #2 | T=90.00 | costo: 68.00
2026-06-02T04:16:11.093-05:00  INFO 8500 --- [loadroute-backend] [pool-2-thread-1] c.l.algorithm.SimulatedAnnealing         : SA-Opt reheat #3 | T=27.00 | costo: 68.00
2026-06-02T04:16:11.094-05:00  INFO 8500 --- [loadroute-backend] [pool-2-thread-1] c.l.algorithm.SimulatedAnnealing         : SA-Opt reheat #4 | T=8.10 | costo: 68.00
2026-06-02T04:16:11.094-05:00  INFO 8500 --- [loadroute-backend] [pool-2-thread-1] c.l.algorithm.SimulatedAnnealing         : SA-Opt reheat #5 | T=2.43 | costo: 68.00
2026-06-02T04:16:11.095-05:00  INFO 8500 --- [loadroute-backend] [pool-2-thread-1] c.l.algorithm.SimulatedAnnealing         : SA-Opt fin | iter: 4669 | reheats: 5 | mejoras: 539 | peores: 666 | cache: 2342 hits | costo: 68.00 -> 68.00 (0.0%) | tiempo: 0.0s
2026-06-02T04:16:11.095-05:00  INFO 8500 --- [loadroute-backend] [pool-2-thread-1] c.l.algorithm.SimulatedAnnealing         : SA-Opt inicio | T0=1000.0 | costo greedy: 49.00 | envios: 3/3
2026-06-02T04:16:11.098-05:00  INFO 8500 --- [loadroute-backend] [pool-2-thread-1] c.l.algorithm.SimulatedAnnealing         : SA-Opt reheat #1 | T=300.00 | costo: 49.00
2026-06-02T04:16:11.099-05:00  INFO 8500 --- [loadroute-backend] [pool-2-thread-1] c.l.algorithm.SimulatedAnnealing         : SA-Opt reheat #2 | T=90.00 | costo: 49.00
2026-06-02T04:16:11.100-05:00  INFO 8500 --- [loadroute-backend] [pool-2-thread-1] c.l.algorithm.SimulatedAnnealing         : SA-Opt reheat #3 | T=27.00 | costo: 49.00
2026-06-02T04:16:11.101-05:00  INFO 8500 --- [loadroute-backend] [pool-2-thread-1] c.l.algorithm.SimulatedAnnealing         : SA-Opt reheat #4 | T=8.10 | costo: 49.00
2026-06-02T04:16:11.103-05:00  INFO 8500 --- [loadroute-backend] [pool-2-thread-1] c.l.algorithm.SimulatedAnnealing         : SA-Opt reheat #5 | T=2.43 | costo: 49.00
2026-06-02T04:16:11.103-05:00  INFO 8500 --- [loadroute-backend] [pool-2-thread-1] c.l.algorithm.SimulatedAnnealing         : SA-Opt fin | iter: 4669 | reheats: 5 | mejoras: 490 | peores: 562 | cache: 2297 hits | costo: 49.00 -> 49.00 (0.0%) | tiempo: 0.0s
2026-06-02T04:16:11.104-05:00  INFO 8500 --- [loadroute-backend] [pool-2-thread-1] c.l.algorithm.SimulatedAnnealing         : SA-Opt inicio | T0=1000.0 | costo greedy: 64.00 | envios: 6/6
2026-06-02T04:16:11.107-05:00  INFO 8500 --- [loadroute-backend] [pool-2-thread-1] c.l.algorithm.SimulatedAnnealing         : SA-Opt reheat #1 | T=300.00 | costo: 64.00
2026-06-02T04:16:11.109-05:00  INFO 8500 --- [loadroute-backend] [pool-2-thread-1] c.l.algorithm.SimulatedAnnealing         : SA-Opt reheat #2 | T=90.00 | costo: 64.00
2026-06-02T04:16:11.110-05:00  INFO 8500 --- [loadroute-backend] [pool-2-thread-1] c.l.algorithm.SimulatedAnnealing         : SA-Opt reheat #3 | T=27.00 | costo: 64.00
2026-06-02T04:16:11.111-05:00  INFO 8500 --- [loadroute-backend] [pool-2-thread-1] c.l.algorithm.SimulatedAnnealing         : SA-Opt reheat #4 | T=8.10 | costo: 64.00
2026-06-02T04:16:11.111-05:00  INFO 8500 --- [loadroute-backend] [pool-2-thread-1] c.l.algorithm.SimulatedAnnealing         : SA-Opt reheat #5 | T=2.43 | costo: 64.00
2026-06-02T04:16:11.113-05:00  INFO 8500 --- [loadroute-backend] [pool-2-thread-1] c.l.algorithm.SimulatedAnnealing         : SA-Opt fin | iter: 4669 | reheats: 5 | mejoras: 572 | peores: 715 | cache: 2340 hits | costo: 64.00 -> 64.00 (0.0%) | tiempo: 0.0s
2026-06-02T04:16:11.114-05:00  INFO 8500 --- [loadroute-backend] [pool-2-thread-1] c.l.algorithm.SimulatedAnnealing         : SA-Opt inicio | T0=1000.0 | costo greedy: 33.00 | envios: 3/3
2026-06-02T04:16:11.117-05:00  INFO 8500 --- [loadroute-backend] [pool-2-thread-1] c.l.algorithm.SimulatedAnnealing         : SA-Opt reheat #1 | T=300.00 | costo: 33.00
2026-06-02T04:16:11.118-05:00  INFO 8500 --- [loadroute-backend] [pool-2-thread-1] c.l.algorithm.SimulatedAnnealing         : SA-Opt reheat #2 | T=90.00 | costo: 33.00
2026-06-02T04:16:11.119-05:00  INFO 8500 --- [loadroute-backend] [pool-2-thread-1] c.l.algorithm.SimulatedAnnealing         : SA-Opt reheat #3 | T=27.00 | costo: 33.00
2026-06-02T04:16:11.120-05:00  INFO 8500 --- [loadroute-backend] [pool-2-thread-1] c.l.algorithm.SimulatedAnnealing         : SA-Opt reheat #4 | T=8.10 | costo: 33.00
2026-06-02T04:16:11.121-05:00  INFO 8500 --- [loadroute-backend] [pool-2-thread-1] c.l.algorithm.SimulatedAnnealing         : SA-Opt reheat #5 | T=2.43 | costo: 33.00
2026-06-02T04:16:11.121-05:00  INFO 8500 --- [loadroute-backend] [pool-2-thread-1] c.l.algorithm.SimulatedAnnealing         : SA-Opt fin | iter: 4669 | reheats: 5 | mejoras: 480 | peores: 607 | cache: 2272 hits | costo: 33.00 -> 33.00 (0.0%) | tiempo: 0.0s
2026-06-02T04:16:11.123-05:00  INFO 8500 --- [loadroute-backend] [pool-2-thread-1] c.l.algorithm.SimulatedAnnealing         : SA-Opt inicio | T0=1000.0 | costo greedy: 44.00 | envios: 3/3
2026-06-02T04:16:11.126-05:00  INFO 8500 --- [loadroute-backend] [pool-2-thread-1] c.l.algorithm.SimulatedAnnealing         : SA-Opt reheat #1 | T=300.00 | costo: 44.00
2026-06-02T04:16:11.127-05:00  INFO 8500 --- [loadroute-backend] [pool-2-thread-1] c.l.algorithm.SimulatedAnnealing         : SA-Opt reheat #2 | T=90.00 | costo: 44.00
2026-06-02T04:16:11.128-05:00  INFO 8500 --- [loadroute-backend] [pool-2-thread-1] c.l.algorithm.SimulatedAnnealing         : SA-Opt reheat #3 | T=27.00 | costo: 44.00
2026-06-02T04:16:11.129-05:00  INFO 8500 --- [loadroute-backend] [pool-2-thread-1] c.l.algorithm.SimulatedAnnealing         : SA-Opt reheat #4 | T=8.10 | costo: 44.00
2026-06-02T04:16:11.130-05:00  INFO 8500 --- [loadroute-backend] [pool-2-thread-1] c.l.algorithm.SimulatedAnnealing         : SA-Opt reheat #5 | T=2.43 | costo: 44.00
2026-06-02T04:16:11.130-05:00  INFO 8500 --- [loadroute-backend] [pool-2-thread-1] c.l.algorithm.SimulatedAnnealing         : SA-Opt fin | iter: 4669 | reheats: 5 | mejoras: 560 | peores: 666 | cache: 2363 hits | costo: 44.00 -> 44.00 (0.0%) | tiempo: 0.0s
2026-06-02T04:16:11.131-05:00  INFO 8500 --- [loadroute-backend] [pool-2-thread-1] c.l.algorithm.SimulatedAnnealing         : SA-Opt inicio | T0=1000.0 | costo greedy: 27.00 | envios: 1/1
2026-06-02T04:16:11.134-05:00  INFO 8500 --- [loadroute-backend] [pool-2-thread-1] c.l.algorithm.SimulatedAnnealing         : SA-Opt reheat #1 | T=300.00 | costo: 27.00
2026-06-02T04:16:11.135-05:00  INFO 8500 --- [loadroute-backend] [pool-2-thread-1] c.l.algorithm.SimulatedAnnealing         : SA-Opt reheat #2 | T=90.00 | costo: 27.00
2026-06-02T04:16:11.137-05:00  INFO 8500 --- [loadroute-backend] [pool-2-thread-1] c.l.algorithm.SimulatedAnnealing         : SA-Opt reheat #3 | T=27.00 | costo: 27.00
2026-06-02T04:16:11.138-05:00  INFO 8500 --- [loadroute-backend] [pool-2-thread-1] c.l.algorithm.SimulatedAnnealing         : SA-Opt reheat #4 | T=8.10 | costo: 27.00
2026-06-02T04:16:11.141-05:00  INFO 8500 --- [loadroute-backend] [pool-2-thread-1] c.l.algorithm.SimulatedAnnealing         : SA-Opt reheat #5 | T=2.43 | costo: 27.00
2026-06-02T04:16:11.141-05:00  INFO 8500 --- [loadroute-backend] [pool-2-thread-1] c.l.algorithm.SimulatedAnnealing         : SA-Opt fin | iter: 4669 | reheats: 5 | mejoras: 539 | peores: 763 | cache: 2319 hits | costo: 27.00 -> 27.00 (0.0%) | tiempo: 0.0s
2026-06-02T04:16:11.142-05:00  INFO 8500 --- [loadroute-backend] [pool-2-thread-1] c.l.algorithm.SimulatedAnnealing         : SA-Opt inicio | T0=1000.0 | costo greedy: 44.00 | envios: 5/5
2026-06-02T04:16:11.145-05:00  INFO 8500 --- [loadroute-backend] [pool-2-thread-1] c.l.algorithm.SimulatedAnnealing         : SA-Opt reheat #1 | T=300.00 | costo: 44.00
2026-06-02T04:16:11.147-05:00  INFO 8500 --- [loadroute-backend] [pool-2-thread-1] c.l.algorithm.SimulatedAnnealing         : SA-Opt reheat #2 | T=90.00 | costo: 44.00
2026-06-02T04:16:11.148-05:00  INFO 8500 --- [loadroute-backend] [pool-2-thread-1] c.l.algorithm.SimulatedAnnealing         : SA-Opt reheat #3 | T=27.00 | costo: 44.00
2026-06-02T04:16:11.149-05:00  INFO 8500 --- [loadroute-backend] [pool-2-thread-1] c.l.algorithm.SimulatedAnnealing         : SA-Opt reheat #4 | T=8.10 | costo: 44.00
2026-06-02T04:16:11.150-05:00  INFO 8500 --- [loadroute-backend] [pool-2-thread-1] c.l.algorithm.SimulatedAnnealing         : SA-Opt reheat #5 | T=2.43 | costo: 44.00
2026-06-02T04:16:11.150-05:00  INFO 8500 --- [loadroute-backend] [pool-2-thread-1] c.l.algorithm.SimulatedAnnealing         : SA-Opt fin | iter: 4669 | reheats: 5 | mejoras: 543 | peores: 623 | cache: 2357 hits | costo: 44.00 -> 44.00 (0.0%) | tiempo: 0.0s
2026-06-02T04:16:11.151-05:00  INFO 8500 --- [loadroute-backend] [pool-2-thread-1] c.l.algorithm.SimulatedAnnealing         : SA-Opt inicio | T0=1000.0 | costo greedy: 43.00 | envios: 2/2
2026-06-02T04:16:11.153-05:00  INFO 8500 --- [loadroute-backend] [pool-2-thread-1] c.l.algorithm.SimulatedAnnealing         : SA-Opt reheat #1 | T=300.00 | costo: 43.00
2026-06-02T04:16:11.154-05:00  INFO 8500 --- [loadroute-backend] [pool-2-thread-1] c.l.algorithm.SimulatedAnnealing         : SA-Opt reheat #2 | T=90.00 | costo: 43.00
2026-06-02T04:16:11.155-05:00  INFO 8500 --- [loadroute-backend] [pool-2-thread-1] c.l.algorithm.SimulatedAnnealing         : SA-Opt reheat #3 | T=27.00 | costo: 43.00
2026-06-02T04:16:11.157-05:00  INFO 8500 --- [loadroute-backend] [pool-2-thread-1] c.l.algorithm.SimulatedAnnealing         : SA-Opt reheat #4 | T=8.10 | costo: 43.00
2026-06-02T04:16:11.157-05:00  INFO 8500 --- [loadroute-backend] [pool-2-thread-1] c.l.algorithm.SimulatedAnnealing         : SA-Opt reheat #5 | T=2.43 | costo: 43.00
2026-06-02T04:16:11.157-05:00  INFO 8500 --- [loadroute-backend] [pool-2-thread-1] c.l.algorithm.SimulatedAnnealing         : SA-Opt fin | iter: 4669 | reheats: 5 | mejoras: 537 | peores: 637 | cache: 2279 hits | costo: 43.00 -> 43.00 (0.0%) | tiempo: 0.0s
2026-06-02T04:16:11.159-05:00  INFO 8500 --- [loadroute-backend] [pool-2-thread-1] c.l.algorithm.SimulatedAnnealing         : SA-Opt inicio | T0=1000.0 | costo greedy: 21.00 | envios: 3/3
2026-06-02T04:16:11.162-05:00  INFO 8500 --- [loadroute-backend] [pool-2-thread-1] c.l.algorithm.SimulatedAnnealing         : SA-Opt reheat #1 | T=300.00 | costo: 21.00
2026-06-02T04:16:11.163-05:00  INFO 8500 --- [loadroute-backend] [pool-2-thread-1] c.l.algorithm.SimulatedAnnealing         : SA-Opt reheat #2 | T=90.00 | costo: 21.00
2026-06-02T04:16:11.165-05:00  INFO 8500 --- [loadroute-backend] [pool-2-thread-1] c.l.algorithm.SimulatedAnnealing         : SA-Opt reheat #3 | T=27.00 | costo: 21.00
2026-06-02T04:16:11.166-05:00  INFO 8500 --- [loadroute-backend] [pool-2-thread-1] c.l.algorithm.SimulatedAnnealing         : SA-Opt reheat #4 | T=8.10 | costo: 21.00
2026-06-02T04:16:11.166-05:00  INFO 8500 --- [loadroute-backend] [pool-2-thread-1] c.l.algorithm.SimulatedAnnealing         : SA-Opt reheat #5 | T=2.43 | costo: 21.00
2026-06-02T04:16:11.167-05:00  INFO 8500 --- [loadroute-backend] [pool-2-thread-1] c.l.algorithm.SimulatedAnnealing         : SA-Opt fin | iter: 4669 | reheats: 5 | mejoras: 592 | peores: 730 | cache: 2351 hits | costo: 21.00 -> 21.00 (0.0%) | tiempo: 0.0s
2026-06-02T04:16:11.167-05:00  INFO 8500 --- [loadroute-backend] [pool-2-thread-1] c.l.algorithm.SimulatedAnnealing         : SA-Opt inicio | T0=1000.0 | costo greedy: 41.00 | envios: 3/3
2026-06-02T04:16:11.169-05:00  INFO 8500 --- [loadroute-backend] [pool-2-thread-1] c.l.algorithm.SimulatedAnnealing         : SA-Opt reheat #1 | T=300.00 | costo: 41.00
2026-06-02T04:16:11.171-05:00  INFO 8500 --- [loadroute-backend] [pool-2-thread-1] c.l.algorithm.SimulatedAnnealing         : SA-Opt reheat #2 | T=90.00 | costo: 41.00
2026-06-02T04:16:11.171-05:00  INFO 8500 --- [loadroute-backend] [pool-2-thread-1] c.l.algorithm.SimulatedAnnealing         : SA-Opt reheat #3 | T=27.00 | costo: 41.00
2026-06-02T04:16:11.174-05:00  INFO 8500 --- [loadroute-backend] [pool-2-thread-1] c.l.algorithm.SimulatedAnnealing         : SA-Opt reheat #4 | T=8.10 | costo: 41.00
2026-06-02T04:16:11.174-05:00  INFO 8500 --- [loadroute-backend] [pool-2-thread-1] c.l.algorithm.SimulatedAnnealing         : SA-Opt reheat #5 | T=2.43 | costo: 41.00
2026-06-02T04:16:11.174-05:00  INFO 8500 --- [loadroute-backend] [pool-2-thread-1] c.l.algorithm.SimulatedAnnealing         : SA-Opt fin | iter: 4669 | reheats: 5 | mejoras: 570 | peores: 673 | cache: 2341 hits | costo: 41.00 -> 41.00 (0.0%) | tiempo: 0.0s
2026-06-02T04:16:11.175-05:00  INFO 8500 --- [loadroute-backend] [pool-2-thread-1] c.l.algorithm.SimulatedAnnealing         : SA-Opt inicio | T0=1000.0 | costo greedy: 24.00 | envios: 3/3
2026-06-02T04:16:11.178-05:00  INFO 8500 --- [loadroute-backend] [pool-2-thread-1] c.l.algorithm.SimulatedAnnealing         : SA-Opt reheat #1 | T=300.00 | costo: 24.00
2026-06-02T04:16:11.179-05:00  INFO 8500 --- [loadroute-backend] [pool-2-thread-1] c.l.algorithm.SimulatedAnnealing         : SA-Opt reheat #2 | T=90.00 | costo: 24.00
2026-06-02T04:16:11.181-05:00  INFO 8500 --- [loadroute-backend] [pool-2-thread-1] c.l.algorithm.SimulatedAnnealing         : SA-Opt reheat #3 | T=27.00 | costo: 24.00
2026-06-02T04:16:11.182-05:00  INFO 8500 --- [loadroute-backend] [pool-2-thread-1] c.l.algorithm.SimulatedAnnealing         : SA-Opt reheat #4 | T=8.10 | costo: 24.00
2026-06-02T04:16:11.183-05:00  INFO 8500 --- [loadroute-backend] [pool-2-thread-1] c.l.algorithm.SimulatedAnnealing         : SA-Opt reheat #5 | T=2.43 | costo: 24.00
2026-06-02T04:16:11.184-05:00  INFO 8500 --- [loadroute-backend] [pool-2-thread-1] c.l.algorithm.SimulatedAnnealing         : SA-Opt fin | iter: 4669 | reheats: 5 | mejoras: 515 | peores: 708 | cache: 2398 hits | costo: 24.00 -> 24.00 (0.0%) | tiempo: 0.0s
2026-06-02T04:16:11.184-05:00  INFO 8500 --- [loadroute-backend] [pool-2-thread-1] c.l.algorithm.SimulatedAnnealing         : SA-Opt inicio | T0=1000.0 | costo greedy: 23.00 | envios: 2/2
2026-06-02T04:16:11.186-05:00  INFO 8500 --- [loadroute-backend] [pool-2-thread-1] c.l.algorithm.SimulatedAnnealing         : SA-Opt reheat #1 | T=300.00 | costo: 23.00
2026-06-02T04:16:11.188-05:00  INFO 8500 --- [loadroute-backend] [pool-2-thread-1] c.l.algorithm.SimulatedAnnealing         : SA-Opt reheat #2 | T=90.00 | costo: 23.00
2026-06-02T04:16:11.189-05:00  INFO 8500 --- [loadroute-backend] [pool-2-thread-1] c.l.algorithm.SimulatedAnnealing         : SA-Opt reheat #3 | T=27.00 | costo: 23.00
2026-06-02T04:16:11.190-05:00  INFO 8500 --- [loadroute-backend] [pool-2-thread-1] c.l.algorithm.SimulatedAnnealing         : SA-Opt reheat #4 | T=8.10 | costo: 23.00
2026-06-02T04:16:11.191-05:00  INFO 8500 --- [loadroute-backend] [pool-2-thread-1] c.l.algorithm.SimulatedAnnealing         : SA-Opt reheat #5 | T=2.43 | costo: 23.00
2026-06-02T04:16:11.191-05:00  INFO 8500 --- [loadroute-backend] [pool-2-thread-1] c.l.algorithm.SimulatedAnnealing         : SA-Opt fin | iter: 4669 | reheats: 5 | mejoras: 499 | peores: 688 | cache: 2400 hits | costo: 23.00 -> 23.00 (0.0%) | tiempo: 0.0s
2026-06-02T04:16:11.191-05:00  INFO 8500 --- [loadroute-backend] [pool-2-thread-1] c.l.algorithm.SimulatedAnnealing         : SA-Opt inicio | T0=1000.0 | costo greedy: 33.00 | envios: 2/2
2026-06-02T04:16:11.194-05:00  INFO 8500 --- [loadroute-backend] [pool-2-thread-1] c.l.algorithm.SimulatedAnnealing         : SA-Opt reheat #1 | T=300.00 | costo: 33.00
2026-06-02T04:16:11.195-05:00  INFO 8500 --- [loadroute-backend] [pool-2-thread-1] c.l.algorithm.SimulatedAnnealing         : SA-Opt reheat #2 | T=90.00 | costo: 33.00
2026-06-02T04:16:11.196-05:00  INFO 8500 --- [loadroute-backend] [pool-2-thread-1] c.l.algorithm.SimulatedAnnealing         : SA-Opt reheat #3 | T=27.00 | costo: 33.00
2026-06-02T04:16:11.197-05:00  INFO 8500 --- [loadroute-backend] [pool-2-thread-1] c.l.algorithm.SimulatedAnnealing         : SA-Opt reheat #4 | T=8.10 | costo: 33.00
2026-06-02T04:16:11.199-05:00  INFO 8500 --- [loadroute-backend] [pool-2-thread-1] c.l.algorithm.SimulatedAnnealing         : SA-Opt reheat #5 | T=2.43 | costo: 33.00
2026-06-02T04:16:11.199-05:00  INFO 8500 --- [loadroute-backend] [pool-2-thread-1] c.l.algorithm.SimulatedAnnealing         : SA-Opt fin | iter: 4669 | reheats: 5 | mejoras: 502 | peores: 572 | cache: 2392 hits | costo: 33.00 -> 33.00 (0.0%) | tiempo: 0.0s
2026-06-02T04:16:11.200-05:00  INFO 8500 --- [loadroute-backend] [pool-2-thread-1] c.l.algorithm.SimulatedAnnealing         : SA-Opt inicio | T0=1000.0 | costo greedy: 9.00 | envios: 2/2
2026-06-02T04:16:11.202-05:00  INFO 8500 --- [loadroute-backend] [pool-2-thread-1] c.l.algorithm.SimulatedAnnealing         : SA-Opt reheat #1 | T=300.00 | costo: 9.00
2026-06-02T04:16:11.203-05:00  INFO 8500 --- [loadroute-backend] [pool-2-thread-1] c.l.algorithm.SimulatedAnnealing         : SA-Opt reheat #2 | T=90.00 | costo: 9.00
2026-06-02T04:16:11.205-05:00  INFO 8500 --- [loadroute-backend] [pool-2-thread-1] c.l.algorithm.SimulatedAnnealing         : SA-Opt reheat #3 | T=27.00 | costo: 9.00
2026-06-02T04:16:11.206-05:00  INFO 8500 --- [loadroute-backend] [pool-2-thread-1] c.l.algorithm.SimulatedAnnealing         : SA-Opt reheat #4 | T=8.10 | costo: 9.00
2026-06-02T04:16:11.206-05:00  INFO 8500 --- [loadroute-backend] [pool-2-thread-1] c.l.algorithm.SimulatedAnnealing         : SA-Opt reheat #5 | T=2.43 | costo: 9.00
2026-06-02T04:16:11.207-05:00  INFO 8500 --- [loadroute-backend] [pool-2-thread-1] c.l.algorithm.SimulatedAnnealing         : SA-Opt fin | iter: 4669 | reheats: 5 | mejoras: 538 | peores: 713 | cache: 2347 hits | costo: 9.00 -> 9.00 (0.0%) | tiempo: 0.0s
2026-06-02T04:16:11.208-05:00  INFO 8500 --- [loadroute-backend] [pool-2-thread-1] c.l.algorithm.SimulatedAnnealing         : SA-Opt inicio | T0=1000.0 | costo greedy: 32.00 | envios: 3/3
2026-06-02T04:16:11.211-05:00  INFO 8500 --- [loadroute-backend] [pool-2-thread-1] c.l.algorithm.SimulatedAnnealing         : SA-Opt reheat #1 | T=300.00 | costo: 32.00
2026-06-02T04:16:11.212-05:00  INFO 8500 --- [loadroute-backend] [pool-2-thread-1] c.l.algorithm.SimulatedAnnealing         : SA-Opt reheat #2 | T=90.00 | costo: 32.00
2026-06-02T04:16:11.213-05:00  INFO 8500 --- [loadroute-backend] [pool-2-thread-1] c.l.algorithm.SimulatedAnnealing         : SA-Opt reheat #3 | T=27.00 | costo: 32.00
2026-06-02T04:16:11.214-05:00  INFO 8500 --- [loadroute-backend] [pool-2-thread-1] c.l.algorithm.SimulatedAnnealing         : SA-Opt reheat #4 | T=8.10 | costo: 32.00
2026-06-02T04:16:11.215-05:00  INFO 8500 --- [loadroute-backend] [pool-2-thread-1] c.l.algorithm.SimulatedAnnealing         : SA-Opt reheat #5 | T=2.43 | costo: 32.00
2026-06-02T04:16:11.215-05:00  INFO 8500 --- [loadroute-backend] [pool-2-thread-1] c.l.algorithm.SimulatedAnnealing         : SA-Opt fin | iter: 4669 | reheats: 5 | mejoras: 548 | peores: 642 | cache: 2358 hits | costo: 32.00 -> 32.00 (0.0%) | tiempo: 0.0s
2026-06-02T04:16:11.216-05:00  INFO 8500 --- [loadroute-backend] [pool-2-thread-1] c.l.algorithm.SimulatedAnnealing         : SA-Opt inicio | T0=1000.0 | costo greedy: 38.00 | envios: 2/2
2026-06-02T04:16:11.218-05:00  INFO 8500 --- [loadroute-backend] [pool-2-thread-1] c.l.algorithm.SimulatedAnnealing         : SA-Opt reheat #1 | T=300.00 | costo: 38.00
2026-06-02T04:16:11.219-05:00  INFO 8500 --- [loadroute-backend] [pool-2-thread-1] c.l.algorithm.SimulatedAnnealing         : SA-Opt reheat #2 | T=90.00 | costo: 38.00
2026-06-02T04:16:11.221-05:00  INFO 8500 --- [loadroute-backend] [pool-2-thread-1] c.l.algorithm.SimulatedAnnealing         : SA-Opt reheat #3 | T=27.00 | costo: 38.00
2026-06-02T04:16:11.222-05:00  INFO 8500 --- [loadroute-backend] [pool-2-thread-1] c.l.algorithm.SimulatedAnnealing         : SA-Opt reheat #4 | T=8.10 | costo: 38.00
2026-06-02T04:16:11.222-05:00  INFO 8500 --- [loadroute-backend] [pool-2-thread-1] c.l.algorithm.SimulatedAnnealing         : SA-Opt reheat #5 | T=2.43 | costo: 38.00
2026-06-02T04:16:11.223-05:00  INFO 8500 --- [loadroute-backend] [pool-2-thread-1] c.l.algorithm.SimulatedAnnealing         : SA-Opt fin | iter: 4669 | reheats: 5 | mejoras: 435 | peores: 581 | cache: 2332 hits | costo: 38.00 -> 38.00 (0.0%) | tiempo: 0.0s
2026-06-02T04:16:11.223-05:00  INFO 8500 --- [loadroute-backend] [pool-2-thread-1] c.l.algorithm.SimulatedAnnealing         : SA-Opt inicio | T0=1000.0 | costo greedy: 10.00 | envios: 1/1
2026-06-02T04:16:11.225-05:00  INFO 8500 --- [loadroute-backend] [pool-2-thread-1] c.l.algorithm.SimulatedAnnealing         : SA-Opt reheat #1 | T=300.00 | costo: 10.00
2026-06-02T04:16:11.226-05:00  INFO 8500 --- [loadroute-backend] [pool-2-thread-1] c.l.algorithm.SimulatedAnnealing         : SA-Opt reheat #2 | T=90.00 | costo: 10.00
2026-06-02T04:16:11.227-05:00  INFO 8500 --- [loadroute-backend] [pool-2-thread-1] c.l.algorithm.SimulatedAnnealing         : SA-Opt reheat #3 | T=27.00 | costo: 10.00
2026-06-02T04:16:11.228-05:00  INFO 8500 --- [loadroute-backend] [pool-2-thread-1] c.l.algorithm.SimulatedAnnealing         : SA-Opt reheat #4 | T=8.10 | costo: 10.00
2026-06-02T04:16:11.229-05:00  INFO 8500 --- [loadroute-backend] [pool-2-thread-1] c.l.algorithm.SimulatedAnnealing         : SA-Opt reheat #5 | T=2.43 | costo: 10.00
2026-06-02T04:16:11.229-05:00  INFO 8500 --- [loadroute-backend] [pool-2-thread-1] c.l.algorithm.SimulatedAnnealing         : SA-Opt fin | iter: 4669 | reheats: 5 | mejoras: 629 | peores: 721 | cache: 2350 hits | costo: 10.00 -> 10.00 (0.0%) | tiempo: 0.0s
